	text	cl
0	encara,,embus,ap7,sant,cugat,santa,perpetua,gt,,girona,topada,,camio,turismes,,carril,tallat,tambe,aturats,santa,perpetua,gt,,sud,afecta,b30	1
1	aturats,ap7,altura,barbera,sentit,girona,accident,santa,perpetuagt,,girona,	1
2	congestio,c58,cerdanyola,c33,montcada,	1
3	embus,ap7,sant,cugat,santa,perpetua,gt,,girona,accident,talla,via,cua,santa,perpetua,gt,,sud,afecta,b30	1
4	retirats,vehicles,accidentats,ronda,esplugues,gt,,trinitat,millora,circulacio	1
5	talgo,694,,sevillaestacio,franca,,acumula,,retard,incidencia,tecnica,limitacions,velocitat,	1
6	cua,ronda,esplugues,gt,,trinitat,accident,afecta,b23,sant,just,desvern,esplugues,gt,,ronda,retencions,ronda,litoral,zona,franca,can,tunis,gt,,besos	1
7	continuen,cues,,c17,llagosta,montcada,gt,,bcn,obres,b24,cervello,n340,vallirana,gt,,tarragona,c14,montblanc,pira,c65,llambilles,banda,banda	1
8	ara,aturats,,ap7,sant,perpetua,barbera,rubi,papiol,gt,,sud,b23,molins,papiol,gt,,girona,c1413,antiga,papiol,sant,cugat,b30,barbera,gt,,sud,cerdanyola,gt,,nord,c58,sant,quirze,gt,,sud	1
9	retencio,b22,entrada,t1,aeroport,prat,,afecta,c31,sud,gt,,tarragona,	1
10	cua,ronda,nus,llobregat,esplugues,gt,,trinitat,accident,afecta,b23,sant,just,desvern,esplugues,gt,,ronda	1
11	topada,camions,implicats,b142,altura,rotonda,polinya,cues	1
12	cues,,a2,sant,vicenc,dels,horts,gt,,lleida,obres,b23,molins,,ap7,papiol,gt,,girona,ap7,b30,barberagt,,sud,c58,sant,quirzegt,,sud,ronda,sarria,roquetesgt,,besos,cua,ronda,litoral,vila,olimpicagt,,nus,llobregat	1
13	1,carril,obert,c65,llagostera,retirar,vehicle,tingut,accident,precaucio,	1
14	c241d,tallada,sarral,,conca,barbera,,retirar,vehicle,tingut,accident,mati	1
15	retencions,tunels,garraf,,c32,,sitges,pk,36345,gt,,bcn,retiren,vehicles,implicats,accident,voral,precaucio,	1
16	1,carril,tallat,a2,abrera,pk,583,gt,,bcn,causa,vehicle,avariat,retencions,esparreguera,precaucio,	1
17	r14,renfe,lleida,06,,23,estacio,franca,09,,49,circula,35,minuts,retard	1
18	nii,reoberta,agullana,,emporda,,,tallada,5,causa,accident,retencions,pontdemolins,gt,,nord	1
19	,ultimahora,detinguts,4,homes,acusats,7,assalts,violents,ap7,feien,passar,policies,assaltaven,autocaravanes,furgonetes,aparcades,arees,servei,mossos	1
20	tallada,5,matinada,nii,agullana,,emporda,,topada,frontal,vist,implicats,3,vehicles,desviaments,ap7,,sud,entrada,jonquera,nord,acces,pont,molins	1
21	15,km,cua,a2,martorell,palleja,gt,,bcn,retirats,vehicles,implicats,accident,alternativa,,ap7,b23	1
22	pas,alternatiu,n340,cervello,pk,1231,accident,retencions,2,sentits	1
23	nii,tallada,agullana,,emporda,,2,sentits,causa,accident,desviaments,ap7,precaucio,	1
24	accident,a2,palleja,pk,601,gt,,bcn,retencions,santandreudelabarca,precaucio,	1
25	taxisigualada,gracies,bon,dia,,	1
26	millora,circulacio,queden,retencions,,autopista,maresme,argentona,gt,,mataro,vehicle,avariat,,afecta,c60,b30,barbera,gt,,sud,cerdanyola,gt,,nord,ronda,cornella,gt,,llobregat	1
27	cues,,ap7,castellbisbal,gt,,bcn,,accident,c16,,tunels,vallvidrera,,floresta,gt,,bcn	1
28	aturats,c58,terrassa,sant,quirzegt,,bcn,,accident,,montcada,nus,trinitat,sortida,ripollet,sabadell,gt,,terrassa	1
29	cues,,c32,,autopista,garraf,,sant,boi,tunel,vallvidrera,gt,,bcn	1
30	a,bcn,,accident,placa,francesc,macia,cues,diagonal,banda,banda	1
31	retencions,,aturats,ap7,martorell,c60,argentona,mataro,c1413,antiga,,entrada,poblacio,sabadell	1
32	trams,retencions,ronda,sentit,besos,ronda,litoral,sentits,marxa,	1
33	continuen,retencions,,a2,palleja,sant,vicenc,dels,horts,gt,,bcn,cornella,gt,,lleida,b24,cervello,n340,vallirana,sentit,tarragona,vallirana,gt,,bcn,c17,parets,valles,c352,granollers,ronda,oest,sabadell	1
34	ara,aturats,,ap7,santa,perpetua,barbera,rubi,papiol,gt,,sud,b30,barbera,gt,,sud,cerdanyola,gt,,nord,c58,terrassa,sant,quirze,montcada,b23,molins,papiol,gt,,girona	1
35	tambe,retencions,,ronda,litoral,zona,franca,can,tunis,gt,,besos,passeig,sant,gervasi,accident,ronda,general,mitre,lesseps,,avinguda,tibidabo	1
36	ara,cues,,ap7,barbera,gt,,sud,b30,barbera,gt,,sud,cerdanyola,gt,,nord,c58,sant,quirze,gt,,sud,b24,cervello,n340,vallirana,sentit,tarragona,vallirana,gt,,bcn,c352,granollers,ronda,oest,sabadell	1
37	continuen,cues,,ronda,litoral,zona,franca,can,tunis,gt,,besos,diagonal,parc,pedralbes,placa,reina,maria,cristina	1
38	encara,aturats,,b23,molins,,ap7,papiol,sentit,girona,a2,sant,feliu,sant,vicenc,dels,horts,sentit,lleida,obres,c25,riudellots,selva,obres,c58,sant,quirze,gt,,sud,b24,cervello,n340,vallirana	1
39	talgo,,llorca,sants,,acumula,retard,hora	1
40	accident,n340,,entrada,vallirana,sentit,tarragona,,cua,compacta,sentits,	1
41	retencions,ronda,litoral,zona,franca,can,tunis,gt,,besos	1
42	cues,,a2,sant,vicenc,dels,horts,sentit,lleida,obres,c25,riudellots,selva,obres,de,b24,cervello,n340,vallirana,b30,barbera,gt,,sud,cerdanyola,sentit,nord,1km,,ap7,barbera,sentit,sud	1
43	a2,,retencions,santvicencdelshorts,palleja,gt,,lleida,causa,obres,tallen,1,carril	1
44	1,carril,tallat,ap7,bascara,pk,39,gt,,sud,causa,camio,avariat,precaucio,	1
45	r3,rodalies,latordequerol,10,,48,lhospitalet,14,,02,acaba,recorregut,ripoll,incidencia,tecnica	1
46	ap7,,camio,avariat,cerdanyola,gt,,sud,,ocupa,voral,dret,7,km,cua,santaperpetua,precaucio,	1
47	vehicle,avariat,ap7,paretsdelvalles,pk,137,gt,,girona,retencions,mollet,precaucio,	1
48	tots,carrils,oberts,a2,santjoandespi,gt,,bcn,accident,cua,palleja,sant,vicenc,dels,horts,obres,zona,precaucio,	1
49	accident,a2,santjoandespi,pk,607,gt,,bcn,1,carril,tallat,retencions,palleja,precaucio,	1
50	aturats,autopista,c16,terrassa,centre,gt,,manresa,causa,obres,precaucio,	1
51	c17,restablerta,paretsdelvalles,gt,,sud,retencions	1
52	encara,1,carril,obert,ap7,borrassa,pk,29,gt,,sud,retiren,camio,avariat,precaucio,	1
53	c17,,retencions,lametllacdeolvalles,parets,gt,,sud,causa,accident,precaucio,	1
54	accident,ap7,borrassa,pk,29,gt,,sud,1,carril,obert,retencions	1
55	,,retencions,,,c58,sant,quirze,valles,montcada,reixac,punt,carril,tallat,avaria	1
56	,,retencions,,,c55,manresa,castellbell,vilar,,c32,sant,boi,llobregat,sentit,nord,,c33,montcada,reixac,direccio,barcelona,,b23,sant,joan,despi,direccio,barcelona	1
57	,,retencions,,c17,garriga,sentit,sud,ap7,vilafranca,penedes,sentit,nord,roca,valles,sentit,sud,a2,tarrega,bruc,direccio,barcelona,sils,sentit,sud,c14,ponts,c16,cercs	1
58	incidencia,resolta,	1
59	,,retencions,,,c17,garriga,,ap7,santa,margarida,monjos,jonquera,,a2,tarrega,,jorba,igualada,,collbato,palleja,,c14,ponts,,c16,guardiola,bergueda,berga,,c55,castellgali,manresa	1
60	,,retencions,accessos,barcelona,,,c58,sant,quirze,montcada,reixac,,c32,sant,boi,gava,,c33,montcada,reixac,,pota,nord,santa,coloma,nus,trinitat,,b23,esplugues,llobregat,	1
61	,,atencio,,1,carril,tallat,c32,gava,sentit,nord,accident,1,carril,tallat,c58,montcada,reixac,avaria,	1
62	,,retencions,,,c17,3,km,garriga,sentit,sud	1
63	,,alternatiu,n260,ribes,freser,accident	1
64	,,retencions,,,c17,ripoll,sentit,sud,,c55,castellgali,manresa,sentit,sud,,b20,sant,boi,llobregat,sentit,nord,,intensifica,transit,n340,vendrell,vallirana,sentit,nord,	1
65	,,retencions,,,ap7,5,km,santa,margarida,monjos,jonquera,sentit,nord,,a2,2,km,cervera,4,collbato,sentit,nord,,c14,organya,,c16,baga,cercs,	1
66	,,atencio,,restriccions,transit,vehicles,pesants,22h,,,ap7,macanet,selva,vandellos,,c32,montgat,palafolls,barcelona,vendrell	1
67	,,retencions,,,ap7,jonquera,sentit,nord,,a2,2,km,cervera,sentit,barcelona,	1
68	,,accident,gi552,sant,feliu,buixalleu,dona,alternatiu,tram	1
69	,,important,,carril,busvao,c58,obert,vehicles,camions	1
70	,,retencions,,,c14,organya,sentit,sud,,c16,riu,cerdanya,baga,cercs,sentit,sud,,c17,ripoll,sentit,sud,	1
71	,congestions,c17,centelles,direccio,barcelona	1
72	retencions,c16,altura,cercs,sentit,sud,barcelona	1
73	circulacio,congestionada,c16,altura,urus,sentit,sud,tunel,cadi	1
74	,circulacio,retencions,c35,santa,maria,palautordera,causa,accident,sentits,marxa,obert,alternatiu	1
75	,acte,esportiu,provoquen,congestions,c16,artesa,segre,sentits,marxa	1
76	,retencions,c55,carretera,duu,montserrat,sentits,marxa	1
77	,tmbinfo,recorda,diumenge,39a,cursa,popular,sant,marti,linies,busbcn,veuran,afectades	1
78	,tmbinfo,recorda,diumenge,fa,marato,prat,llobregat,afectant,linies,21,65,busbcn	1
79	tmbinfo,recorda,5,novembre,6,mesos,aproximadament,funicularmontjuic,tancat,revisio,tecnica	1
80	mes,retencions,,b24,altura,vallirana,sentits,marxa,	1
81	retencions,,n260,sant,joan,abadesses,sentits,marxa,ap7,roca,valles,direccio,girona,c17,parets,valles,direccio,vic,n150,carretera,interurbana,sabadell,c58,barbera,valles,direccio,barcelona,	1
82	atencio,,retard,euromed,fa,trajecte,alacant,barcelona	1
83	mes,retencions,,c55,castellgali,direccio,manresa,c58,terrassa,direccio,manresa,	1
84	retencions,interior,barcelona,,ronda,litoral,nus,trinitat,	1
85	retencions,,ap7,barbera,valles,sentit,sud,c58,sant,quirze,valles,sentit,barcelona,a2,sant,joan,despi,cornella,llobregat,sentit,barcelona,	1
86	retencions,,ap7,barbera,valles,sentit,sud,c33,llagosta,sentits,c58,sant,quirze,barbera,sentit,barcelona,ronda,litoral,sentits,altura,besos,ronda,meridiana,sentit,llobregat,	1
87	,carrils,oberts,c33,montcada,reixac,incidencia,solucionada	1
88	retencions,,c33,llagosta,sentit,nord,b24,cervello,,enllac,n340,,	1
89	atencio,,afectacions,col*laterals,trens,linia,r11,rodalies,incidencia,tecnica	1
90	,1,carril,tallat,c33,montcada,reixac,sentit,granollers	1
91	atencio,,incidencies,linia,r11,rodalies	1
92	cues,,n145,seuduana,gt,,andorra,n152,puigcerda,lt,,gt,,b24,cervello,gt,,sud,c58,sant,quirze,gt,,bcn,b20,tunel,santa,coloma,-,nus,trinitat,gt,,bcn,c17,parets,valles,gt,,bcn,ap7,montmelo,-,parets,gt,,sud	1
93	cues,n152,accedir,puigcerda,2,sentits	1
94	en,directe,roda,premsa,consell,ministres	1
95	cues,accessos,parc,port,aventura,vilaseca,,autovia,a7,vilaseca,gt,,nord,t319,accedir,parc,gt,,nord	1
96	accident,c66,cornelladelterri,pk,42,circula,vial,paral*lel,retencions,puntuals,precaucio,	1
97	c58,,retencions,santquirzedelvalles,gt,,bcn,causa,obres	1
98	aturats,c17,molletdelvalles,pk,11,gt,,bcn,causa,accident,precaucio,	1
99	accident,n141e,bescano,,girones,,,fa,alternatiu,precaucio,	1
100	a,causa,neu,tallada,bv4024,acces,coll,pal,bergueda	1
101	es,mante,transit,intens,,c16,,llobregat,,berga,cercs,gt,,tunel,cadi,c14,organya	1
102	ara,cues,,c16,llobregat,,rosal,-,cercs,,bergueda,gt,,tunel,cadi,c14,bassella,oliana,,organya,gt,,,urgell,c17,llosses,ripoll,gt,,nord	1
103	restablerta,circulacio,r1,rodalies,blanes,macanet,interrompuda,caiguda,arbre,catenaria	1
104	cues,,ap7,vilanova,valles,peatge,roca,gt,,girona,c17,llosses,ripoll,gt,,nord	1
105	taxisigualada,radioigualada,transit,gracies,bon,dia,,	1
106	comencen,retencions,destinacions,pont,,a2,martorellabrera,gt,,lleida,c55,castellbell,vilars,vicenc,castellet,gt,,nord,c16,rosal,bergueda,gt,,tunel,cadi,c14,oliana,gt,,n145,duana,gt,,andorra	1
107	c14,reoberta,pinelldesolsones,accident,retencions	1
108	c14,tallada,pinelldesolsones,pk,129,2,sentits,causa,topada,3,vehicles,precaucio,	1
109	5,carreteres,pirineu,prepirineu,afectades,nevades,tancat,acces,coll,pal,bergueda	1
110	interromput,trens,renfe,rodalies,blanes,macanet,arbre,caigut,catenaria,subministrament,electric,gestiona,servei,alternatiu,carretera,afecta,moment,r1,,maresme,	1
111	accident,acces,ronda,autopistes,c58,c33,gt,,llobregat,vehicle,bolcat,treballen,retirarlo,tallada,incorporacio,alternatives,,avinguda,meridianario,janeiropg,valldaura,ronda,litoral,,sortida,1	1
112	i,18h,sortit,area,metropolitana,barcelona,94548,vehicles,18,,dels,510000,previstos,totssants,operaciosortida	1
113	atencio,circuleu,colladadetoses,neu,carretera,cotxes,equipats,vingueu,calcats,,toses,gi4016,equipviari,transit	1
114	,retencions,a2,sant,feliu,sant,joan,despi,,bcn,accident,1,carril,tallat,precaucio,transita2	1
115	,cursaamistat2018,afectara,gran,quantitat,linies,busbcn,planeja,ruta,consultant,detalls,,	1
116	circulacio,retencions,,retencio,,,b23,124,esplugues,llobregat,124,sentit,barcelona,124,punt,km,02,124,16,,17	1
117	15,,50h,tallada,ctra,b500,santfost,motiu,,accident,transit,policialocal,mossos,equipviari,protecciocivil,ajsantfost	1
118	transit,demana,extremar,precaucio,pont,ates,increment,mortalitat,,21,,,registra,dies,festius	1
119	circulacio,congestio,,retencio,,,b20,124,barcelona,124,sentit,nord,nus,trinitat,124,punt,km,154,124,15,,22	1
120	circulacio,retencions,,retencio,,,b23,124,papiol,124,sentit,oest,enllac,ap7,124,punt,km,1512,124,15,,29	1
121	pas,alternatiu,c1413a,santquirzedelvalles,pk,19,causa,esllavissades,retencions,2,sentits,precaucio,	1
122	2,carrils,tallats,a2,cornella,pk,609,gt,,bcn,accident,retencions,,a2,sant,feliu,cornella,gt,,bcn,b23,molins,sant,feliu,gt,,enllac,a2	1
123	1,carril,obert,autopista,maresme,,c32,,canetdemar,pk,114,gt,,bcn,causa,accident,precaucio,,,foto,infoautopista,	1
124	,ultimahora,desconvoquen,marxes,lentes,dels,transortistes,previstes,tarda,demarcacions,tarragona,lleida	1
125	c66,tallada,lapera,,emporda,,pk,195,2,sentits,causa,accident	1
126	es,restableix,trens,r1,rg1,renfe,rodalies,arenys,pineda,afectats,incidencia,subministrament,electric	1
127	interromput,trens,renfe,rodalies,arenys,pinedademar,incidencia,subministrament,electric,afecta,linia,r1,,maresme,,rg1,,portbou,hospitalet,pel,litoral,	1
128	vehicle,avariat,a2,santfeliudellobregat,pk,605,gt,,bcn,retencions,intermitents,castellbisbal,accident,sant,vicenc,dels,horts,gt,,bcn,precaucio,	1
129	accident,a2,santvicencdelshorts,pk,601,gt,,bcn,1,carril,tallat,retencions,castellbisbal,precaucio,	1
130	encara,llargues,cues,principals,accessos,bcn,rondes,causa,pluja,volum,transit,incidencies,precaucio,	1
131	tots,carrils,oberts,c59,santaperpetuademogoda,gt,,nord,topada,multiple,mati,retencions,c59,ap7,lt,,gt,	1
132	1,carril,obert,a2,tarrega,gt,,lleida,causa,accident,tallat,minuts	1
133	el,fum,incendi,port,visible,ronda,litoral,zona,portuaria,afecta,moment,transit,precaucio	1
134	pas,alternatiu,c31,,costes,garraf,,pk,174,,nucli,garraf,terme,municipal,sitges,,causa,accident,retencions,2,sentits,precaucio,	1
135	el,fum,incendi,visible,ronda,litoral,zona,portuaria,bufa,direccio,endins,precaucio,	1
136	1,carril,obert,c59,santaperpetuademogoda,cimvalles,gt,,nord,topada,multiple,tallava,calcada,gt,,caldes	1
137	c59,tallada,santaperpetuademogoda,costat,cimvalles,gt,,nord,causa,topada,multiple,retencions,lallagosta,ap7,gt,,girona	1
138	bon,dia,,precaucio,pluja,augmenta,retencions,area,barcelona,cua,c59,santaperpetuademogoda,cimvalles,gt,,nord,possible,incidencia	1
139	encara,queda,cua,b24,cervello,n340,vallirana,vendrell,neteja,fa,alternatiu,,aturats,sentit,sud,	1
140	encara,retencions,c32,sant,boi,sentit,castelldefels,accident,fa,estona,	1
141	accident,ronda,general,mitre,carrer,torres,,cues	1
142	retirat,camio,avariat,ap7,sant,cugat,sentit,nord	1
143	millora,circulacio,costes,garraf,,c31,,sitges,sentit,sud,,tarragona,	1
144	,cua,compacta,,a2,bruc,gt,,lleida,camio,avariat,cinturo,litoral,sant,joan,despi,banda,banda,	1
145	encara,cues,,b30,barbera,sentit,sud,cerdanyola,gt,,nord,ap7,sant,cugat,barbera,gt,,nord,a2,cornella,banda,banda,c58,terrassa,sant,quirze,lt,,gt,,c59,palausolita,plegamans,caldes,montbui,sentit,nord	1
146	accident,roger,lluria,arago,,turisme,encastat,cafeteria,,cues,foto,,j,soler	1
147	cua,compacta,,a2,bruc,gt,,lleida	1
148	ap7,santa,perpetua,barbera,rubi,papiolgt,,sud,papiol,sant,cugat,,avariat,,barbera,gt,,nord	1
149	embus,costes,garraf,,c31,,sitges,sentit,sud,,tarragona,	1
150	cua,n240,montblanc,gt,,valls,accident	1
151	encara,aturats,n340,vallirana,lt,,gt,,vilafranca,gt,,sud,vendrell,,repara	1
152	ap7,mollet,,accident,,santa,perpetua,barbera,rubi,papiol,gt,,sud,sant,cugat,gt,,nord,b23,sant,feliu,diagonal,molins,papiol,gt,,girona,tunel,vallvidrera,gt,,bcn,c32,sant,boi,sentits	1
153	aturats,,c58,sant,quirze,montcada,gt,,bcn,sort,ripollet,gt,,terrassa,c17,parets,valles,banda,banda,,afecta,sortida,,ap7,c14,conca,barbera,c1413antiga,,entrada,poblacio,sabadell,c65	1
154	retencions,,ap7,santa,perpetua,barbera,rubi,papiol,gt,,sud,sant,cugat,gt,,nord,b30,barbera,sentit,sud,cerdanyola,gt,,nord,b23,sant,joan,despi,diagonal,molins,papiol,gt,,girona	1
155	aturats,,ronda,cornella,valldaura,gt,,besos,ronda,litoral,zona,franca,ciutat,vella,gt,,besos	1
156	a,bcn,cues,llargues,,diagonal,,b23,placa,reina,maria,cristina,ronda,general,mitre,,placa,reina,maria,cristina,lesseps	1
157	cua,b23,sant,joan,despi,diagonal	1
158	cues,,ap7,santa,perpetua,barbera,gt,,sud,b30,barbera,sentit,sud,cerdanyola,gt,,nord,c58,sant,quirze,gt,,bcn,c17,parets,valles	1
159	pas,alternatiu,n340,vendrell,poder,reparar,,retencions,vallirana,gt,,bcn	1
160	,embus,ronda,,esplugues,nus,trinitat,han,obert,carrils,tallats,,afecta,b23,,esplugues,diagonal,	1
161	via,evitar,,embus,ronda,,esplugues,nus,trinitat,accident,talla,carrils,,afecta,b23,,esplugues,diagonal,	1
162	retencions,,c58,sant,quirze,gt,,bcn,b30,barbera,sentit,sud,cerdanyola,gt,,nord,b24,cervello,n340,vallirana,c12,tortosa,obres,c14,conca,barbera	1
163	encara,,cua,ronda,,hebron,sentit,llobregat,topada,talla,carril,,afecta,pota,nord,santa,coloma,gramenet,,aturat,,esplugues,accident,talla,carrils	1
164	camio,avariat,,a2,collbato,sentit,lleida	1
165	tallada,n141,bossost,camio,quedat,travessat,part,francesa,	1
166	accident,ronda,,hebron,sentit,llobregat,,aturats,canyelles,,hebron,tambe,aturat,,horta,accident,,esplugues,sarria,	1
167	accident,ronda,,hebron,sentit,llobregat,,cues	1
168	pas,alternatiu,c55,monistrol,montserrat,topada,vehicles,cues,sentit,nord	1
169	cues,,c17,montcada,sentit,bcn,obres,c25,campllong,lt,,gt,,obres,c12,tortosa,lt,,gt,,obres,c1413,antiga,entrada,poblacio,sabadell	1
170	encara,2,carrils,tallats,ap7,barberadelvalles,pk,146,gt,,sud,retencions,,mollet,barbera,gt,,sud,bellaterra,barbera,gt,,nord	1
171	barryexcellence,gracies,bon,dia,,	1
172	ronda,,retencions,diagonal,vallcarca,gt,,trinitat,causa,accident,precaucio,	1
173	ap7,,retencions,santaperpetuademogoda,barbera,gt,,sud,causa,accident,foto,infoautopista	1
174	a,causa,nevades,calen,cadenes,travessar,coll,creueta,bv4031,castellardenhug,molina	1
175	nou,accident,ap7,santcugatdelvalles,pk,159,gt,,girona,retencions,,ap7,papiol,sant,cugat,gt,,nord,b23,sant,feliu,papiol,gt,,enllac,ap7	1
176	l,avaria,comboi,sentit,contrari,afectat,r13,renfe,lleida,07,,15,estacio,franca,09,,54,circula,30,retard	1
177	r13,renfe,estacio,franca,06,,47,lleida,09,,58,circula,30,minuts,retard,causa,avaria,mantingut,aturat,roda,bera	1
178	accident,ap7,castellbisbal,pk,166,gt,,girona,retencions,resolts,accidents,mati,ap7	1
179	tercer,accident,mati,ap7,papiol,gt,,girona,retencions,,ap7,castellbisbal,papiol,gt,,nord,b23,santfeliu,papiol,gt,,girona	1
180	martixllava,gracies,alertarnos,bon,dia,,	1
181	ap7,,retencions,mollet,santaperpetuademogoda,gt,,sud,causa,accident,precaucio,	1
182	2,accidents,,ap7,macanetdelaselva,gt,,sud,1,carril,obert,retencions,ronda,,tram,c32,,esplugues,gt,,llobregat,1,carril,tallat,	1
183	un,carril,tallat,ap2,bisbal,penedes,gt,,saragossa,arbre,caigut,	1
184	un,carril,tallat,ap7,montroig,campgt,,valencia,arbre,caigut,	1
185	encara,cues,,c58,cerdanyola,montcada,montcada,gt,,terrassa,accident,ap7,bellaterra,sant,cugat,gt,,sud,fa,estona,cremat,vehicle,	1
186	aturats,,c58,terrassa,sabadell,gt,,sud,montcada,c60,argentona,gt,,mataro,nii,masnou,,accident,,vilassar,c1413,antiga,,entrada,poblacio,sabadell	1
187	cues,,c17,llica,parets,valles,tunel,vallvidreragt,,bcn,pota,sud,cornella,c32,sant,boi,sentit,castelldefels,topada,tambe,retencions,viladecans,sant,boigt,,bcn,afecta,ronda,pedralbes,nus,llobregat,	1
188	cues,,ap7,santa,perpetua,barbera,4km,sant,cugat,,accident,,gt,,sud,sant,cugat,gt,,nord,b30,barbera,sentit,sud,cerdanyola,sentit,nord,b23,molins,papiol,gt,,girona,,esplugues,diagonal	1
189	tambe,calen,cadenes,bv4031,castellar,hug,toses	1
190	accident,ronda,sentit,llobregat,cua,pota,nord,santa,coloma,gramenet	1
191	consequencia,neu,calen,cadenes,c28,passar,port,bonaigua	1
192	accident,nii,masnou,,cues	1
193	retencions,,c35,sant,celoni,c60,argentona,gt,,mataro	1
194	c17,gurb,gt,,sud,,obres,,llica,parets,valles,gt,,sud,parets,gt,,vic,c58,terrassa,sant,quirze,gt,,sud	1
195	cues,,ap7,santa,perpetua,barbera,sant,cugat,papiol,gt,,sud,b30,barbera,sentit,sud,cerdanyola,sentit,nord,b23,molins,papiol,gt,,girona	1
196	aturats,pota,sud,cornella,c32,sant,boi,sentit,castelldefels,topada	1
197	retencions,,,cua,,a2,odena,gt,,lleida,accident,camio,implicat,,retencions,c12,tortosa,obres,b30,barbera,sentit,sud,cerdanyola,sentit,nord,nii,girona	1
198	talgo,697,,estacio,francasevilla,,acumula,20,minuts,retard	1
199	euromed,,alacant,estacio,franca,,acumula,retard	1
200	cinturo,litoral,cornella,sant,joan,despi,gt,,lleida,vehicle,aturat,	1
201	aturats,,b24,cervello,n340,vallirana,,c12,tortosa,obres,c17,masies,voltrega,gurb,sentit,sud,obres	1
202	cua,,a2,castelloli,odena,gt,,lleida,accident,accident,c58,torre,baro,gt,,terrassa,carril,tallat,afecta,,ronda,litoral,sant,adria,besos,pota,nord,santa,coloma,gramenet,	1
203	tren,r16,,tortosa,11,,07,estacio,franca,13,,54,,acumula,45,minuts,retard,	1
204	retencions,c12,tortosa,obres,aturades,c17,gurb,sentit,sud	1
205	,cua,,a2,castelloli,odena,gt,,lleida,accident,,han,retirat,vehicles,accidentats,c58,torre,baro,sentit,terrassa,queden,retencions,ronda,litoral,sant,adria,gt,,besos	1
206	una,manifestacio,bombers,pel,centre,bcn,talla,rambla,obliga,desviar,linies,busbcn,problemes,circular,zona	1
207	jsolerdb,gracies,,	1
208	,r16,tortosa,11,,07,estacio,franca,13,,54,aturat,aldea,amposta,causa,,incidencia,tecnica	1
209	retencions,c17,aiguafreda,centelles,gt,,vic,causa,obres	1
210	comboi,r13,renfe,avariat,retrocedeix,circula,1,25,retard	1
211	una,incidencia,senyalitzacio,automatica,adifes,calella,pineda,provoca,retards,15,r1,rodalies,moment,afecta,rg1	1
212	comboi,r13,renfe,avariat,rodadebara	1
213	encara,llargues,cues,rondes,litoral,r,litoral,,bon,pastor,barceloneta,gt,,llobregat,mercabarna,can,tunis,,enllac,gran,nus,trinitat,r,,julia,pedralbes,gt,,llobregat,cornella,pedralbes,gt,,trinitat	1
214	cues,ap7,,montornesparetssanta,perpetuabarberasant,cugatel,papiol,gt,,sud,s,cugat,gt,,girona	1
215	cues,accessos,nord,bcn,,c58,terrassa,estbadiamontcadanus,trinitat,gt,,bcn,ntripollet,gt,,terrassa,c16,rubiscugatvalldoreixpeatgeboca,nord,tunel,vallvidrera,b20,scolomanus,trinitat,c31,badalona	1
216	cues,habituals,principals,accessos,bcn,pel,sud,,a2,castellbisbalpallejasvicenc,hortscornella,gt,,bcn,martorell,gt,,lleida,b23,molins,reidiagonal,gt,,bcn,molinspapiol,gt,,girona,b24,palleja,gt,,a2,c32,gavasant,boi,c31,prat	1
217	possibilitat,carrers,tallats,ciutat,vella,bcn,pel,macrooperatiu,dels,mossos,precaucio,	1
218	bon,dia,,comenca,intensificar,circulacio,carreteres,catalanes,moment,consten,incidencies	1
219	,retencions,c17,llica,parets,valles,direccio,barcelona	1
220	,calcada,tallada,c58,atura,bauma,castellbell,vilar,causa,accident	1
221	,accident,provoca,retencions,c58,sant,quirze,valles,sabadell,direccio,barcelona	1
222	,retencions,a2,altura,bruc,sentits,marxa	1
223	,accident,c17,altura,montcada,reixac,dificulta,circulacio	1
224	,circulacio,intensa,c55,monistrol,montserrat,sentit,nord,manresa	1
225	,retencions,c31,ventallo,sentits,marxa,obert,alternatiu	1
226	,calcada,tallada,c37,querol,sentits,carretera,pont,armenteraral*li,catalunya,costa,daurada	1
227	,accident,c58,altura,nus,trinitat,sentit,barcelona,bifurcacio,avinguda,meridiana	1
228	,circulacio,fluida,c60,altura,orrius,direccio,granollers	1
229	,aturades,a2,tunel,bruc,causa,accident,sentit,nord	1
230	,retencions,c58,torre,baro,cerdanyola,valles,direccio,sabadell,circulacio,intensa,torre,baro,direccio,barcelona	1
231	circulacio,fluida,xarxa,viaria,catalana,queden,retencions,b24,cervello,n340,vallirana,	1
232	r3,,querol,18,,52,hospitalet,llobregat,22,,14,,acumula,35,minuts,demora,	1
233	encara,cua,ap7,gelida,subirats,gt,,sud,	1
234	continua,embus,ap7,subirats,granada,sentit,sud	1
235	encara,aturats,ap7,sant,sadurni,anoia,vilafranca,penedes,gt,,sud,foto,,j,aguilera	1
236	encara,10,km,cua,ap7,sant,sadurni,anoia,vilafranca,penedes,gt,,sud,carrils,oberts,topada,camio,materies,perilloses,turisme,,camio,retirat,	1
237	jordiaguilerac,transit,gracies,jordi,explicant,equip,viari	1
238	hi,topada,camio,materies,perilloses,turisme,ap7,vilafranca,penedes,gt,,sud,obligat,tallar,via,pogut,retirar,camio,cisterna,,congestio,	1
239	embus,ap7,vilafranca,penedes,gt,,sud,accident,foto,,vela	1
240	continua,congestio,5,km,7,vilafranca,penedes,gt,,sud,accident,,tallada,autopista,recomana,sortida,27,	1
241	embus,c44,vandellos,hospitalet,infant,,entrada,poblacio,accident,afecta,tram,,a7	1
242	retencions,,ap7,sant,cugat,barbera,gt,,nord,santa,perpetua,barbera,vilafranca,penedes,gt,,sud	1
243	cua,ronda,litoral,sant,adria,bon,pastor,gt,,besos,accident,bon,pastor,gt,	1
244	ara,cues,,c58,sant,quirzegt,,sud,accident,ap7,cerdanyola,barbera,gt,,nord,b24,cervello,n340,vallirana,c17,parets,valles,c55,sant,vicenc,castellet,gt,,castellgali,c65,banda,banda	1
245	ara,cua,compacta,ronda,esplugues,vallcarca,sentit,besos,	1
246	retirat,avariat,hospitalet	1
247	r3,hospitalet,llobregat,14,,53,querol,18,,06,acumula,30,minuts,demora,	1
248	accident,ronda,litoral,montjuic,gt,,cua,ciutat,vella,sentit,llobregat,zona,franca,sentit,besos,recordar,mante,tallada,tv7411,ribaroja,,ebre,motiu,ralli,catalunya,costa,daurada,	1
249	tambe,aturats,,c17,parets,valles,afecta,sortida,,ap7,c55,sant,vicenc,castellet,gt,,castellgali,manresa,gt,,castellgali,,hi,obres,castellgali,,c65,c31,castellplatja,,aro,gt,,platja,,aro	1
250	ara,cues,,cues,,ap7,santa,perpetua,barbera,sant,cugat,gt,,sud,b23,molins,papiol,sentit,girona,c58,sant,quirzelt,,gt,,montcada,lt,,gt,,pota,nord,santa,coloma,gramenet,gt,,b24,cervello,n340,vallirana	1
251	retards,poden,superar,15,minuts,sentit,nord,linies,r1,r3,r4,r12,,avaria,,,hospitalet	1
252	cues,rondes,,cua,ronda,litoral,forum,port,olimpic,gt,,accident,zona,franca,ciutat,vella,gt,,besos,ronda,,esplugues,vallcarca,horta,gt,,besos	1
253	aturats,,c17,parets,valles,afecta,sortida,,ap7,cues,n420,gandesa,c55,sant,vicenc,castellet,gt,,castellgali,nii,calella,pineda	1
254	cues,,cues,,ap7,santa,perpetua,barbera,rubi,papiol,gt,,sud,b23,molins,papiol,sentit,girona,c58,sant,quirzelt,,gt,,montcada,lt,,gt,,b24,cervello,n340,vallirana	1
255	continua,cua,,a2,caldes,malavella,gt,,bcn,,accident,multiple,	1
256	embus,n420,gandesa	1
257	tambe,retencions,,b24,cervello,n340,vallirana,c58,sant,quirze,badia,c17,parets,valles,ronda,litoral,can,tunis,gt,,besos	1
258	continua,,tallada,,a2,caldes,malavella,gt,,bcn,accident,multiple,,cua,	1
259	aturats,c58,montcada,gt,,terrassa,vehicle,avariat,,afecta,,ronda,litoral,sant,adria,pota,nord,santa,coloma,gramenet,	1
260	vehicle,avariat,c58,torre,baro,gt,,terrassa,talla,1,carril,retencions,,c58,,nus,trinitattorre,baro,ronda,litoral,,bon,pastornus,trinitat	1
261	autovia,a2,tallada,caldesdemalavella,pk,698,2,sentits,causa,topada,multiple,desviaments,gi555,c63,precaucio,	1
262	ronda,litoral,,retencions,santadriadebesos,nus,trinitat,accident,ronda,santacoloma,col*lisio,c58,sortida,pel,nus,trinitat,gt,,terrassa	1
263	afectacions,pel,ralli,catalunyacosta,daurada,,n420,gandesa,c44,benissanet,,enllac,n420,	1
264	tots,carrils,oberts,c58,sabadell,nord,gt,,terrassa,accident,retencions,c58,ap7,barbera,gt,,sud	1
265	c58,,accident,sortida,sabadell,nord,gt,,terrassa,1,carril,tallat,retencions,,c58,cerdanyola,sabadell,nord,gt,,terrassa,ap7,barbera,valles,gt,,sud,,enllac,c58	1
266	c66,,alternatiu,santjuliaderamis,pk,36,causa,obres,retencions,2,sentits,ap7,girona,nord,gt,,franca	1
267	tots,carrils,oberts,a2,palleja,accident	1
268	autovia,a2,tallada,granyanella,pk,513,gt,,bcn,causa,accident,desvia,circulacio,calcada,lateral,precaucio,	1
269	1,carril,tallat,c32,nord,autopista,maresme,mataro,gt,,bcn,causa,accident,3,km,cua	1
270	retards,15,r2,r14,r15,r16,renfe,rodalies,gt,,sud,incidencia,estacio,elprat,afecta,instal*lacions,adifes	1
271	accident,autovia,a2,palleja,gt,,bcn,1,carril,tallat,retencions,martorell,precaucio,	1
272	bon,dia,,aturats,ronda,litoral,nus,llobregat,mercabarna,gt,,trinitat,causa,accident,talla,1,carril,precaucio,	1
273	ara,,circulacio,fluida,xarxa,viaria,catalana,queda,retencio,b24,cervello,n340,vallirana,	1
274	retirat,vehicle,avariat,ap7,papiol,sentit,sud,millora,circulacio	1
275	restablert,servei,linies,tram,frequencies,alterades,linia,t4	1
276	r3,,carol,17,,13,hospitalet,20,,32,,acumula,40,minuts,demora,	1
277	continua,congestio,ap7,mollet,barbera,8,km,sant,cugat,papiol,gt,,sud,,papiol,vehicle,avariat,	1
278	consequencia,accident,servei,parades,maresme,port,forum,tramvia,	1
279	trams,retencions,ronda,sentit,besos,ronda,litoral,sentits,	1
280	r3,,hospitalet,14,,53,querol,18,,06,,acumula,25,minuts,retard	1
281	aturats,,c1413,antiga,,entrada,poblacio,sabadell,ronda,sud,granollers,accident,n340,vallirana,gt,,sud,cinturo,litoral,cornella,gt,,lleida,c32,sant,boi,gt,,castelldefels,c60,argentona,gt,,mataro	1
282	tambe,retencions,,cua,c17,tona,gt,,bcn,accident,tram,,obres,c17de,granollers,parets,valles,lt,,gt,,c58,terrassa,sant,quirze,gt,,sud,tunel,vallvidrera,peatge,boca,nord	1
283	ara,cues,,ap7,mollet,barbera,sant,cugat,papiol,gt,,sud,b30,barbera,sentit,sud,cerdanyola,sentit,nord,b23,molins,papiol,gt,,girona,,esplugues,diagonal	1
284	retirats,vehicles,accidentats,b30,cerdanyola,sentit,nord	1
285	cua,c17,tona,gt,,bcn,accident,tram,,obres	1
286	aturats,,ap7,santa,perpetua,barbera,gt,,sud,granollers,gt,,nord,n340,vallirana,lt,,gt,	1
287	tambe,cues,,ap7,b30,barbera,sentit,sud,c58,sant,quirze,gt,,sud,c35,sant,celoni,gt,,sud,ronda,sud,granollers,ronda,litoral,zona,franca,montjuic,sentit,besos,extrem,sud,gran,,hospitalet,placa,espanya	1
288	cua,b30,cerdanyola,sentit,nord,causa,,accident	1
289	pas,alternatiu,c243,antiga,granada,penedes,topada,vehicles,	1
290	cues,,ronda,litoral,can,tunis,gt,,besos,embus,,extrem,sud,gran,,hospitalet,placa,espanya	1
291	retencions,,ap7,mollet,sentit,sud,c17,parets,sentit,sud,,ap7,c58,sant,quirze,badia,gt,,sud,c35,sant,celoni,gt,,montseny,b24,cervello,n340,vallirana	1
292	retencions,ronda,,esplugues,diagonal,sentit,besos,accident,	1
293	accident,ap7,barberadelvalles,gt,,girona,retencions,bellaterra,precaucio,	1
294	es,mante,carril,obert,tunels,garraf,,c32,,santperederibes,pk,295,gt,,sud,mati,topat,camio,turisme,passatger,davanter,cotxe,resultat,ferit,critic	1
295	1,carril,obert,tunels,garraf,,c32,,santperederibes,pk,295,gt,,sud,topada,camioturisme,1,ferit,greu,informacions	1
296	tallada,c32,,tunels,garraf,,santperederibes,pk,295,gt,,sud,topada,camioturisme,1,persona,ferida,precaucio,	1
297	ap7,,retencions,bellaterra,barbera,gt,,girona,causa,vehicle,avariat,talla,1,carril	1
298	encara,llargues,cues,accident,mati,b20,sud,cornella,gt,,bcn,,c32,b20,gava,prat,c31,gava,prat	1
299	tots,carrils,oberts,ap7,montornesdelvalles,gt,,sud,accident,cues,,ap7,rocamontmelo,,intermitent,,c60,argentonala,roca,gt,,ap7	1
300	interromput,trens,renfe,rodalies,estacio,mollet,santfost,causa,atropellament,persona,entrada,estacio,afecta,r2,r11	1
301	r3,rodalies,hospitalet,llobregat,06,,14,querol,09,,40,circula,40,retard	1
302	per,accident,b20,sud,cornella,cues,,c32,b20,sud,castelldefels,cornella,gt,,bcn,c31,castelldefels,prat,gt,,bcn,b22,prat,anar,c31,b20,gt,,bcn	1
303	accident,b20,sud,cornella,gt,,bcn,cua,autopista,garraf,,castelldefels,cornella,gt,,bcn,precaucio,	1
304	merilin1979,gracies,bon,dia,,	1
305	cues,habituals,principals,accessos,bcn,2,incidencies,,accident,ap7,montornesdelvalles,pk,135,gt,,sud,cua,c32,b20,sud,gavael,prat,possible,incidencia,b20,gt,,bcn	1
306	a,circulacio,fluida,xarxa,viaria,pais,mante,alternatiu,c162,urus,tarda,bolcat,trailer,	1
307	retencions,ronda,,horta,pedralbes,gt,,accident,	1
308	cua,c17,canovelles,coll,manya,sentit,barcelona,accident,	1
309	a,c162,urus,bolcat,trailer,carregat,palets,coto,foto,,bombers,,	1
310	retencions,c1413,antiga,,entrada,poblacio,sabadell,c60,argentona,gt,,mataro,nii,caldes,malavella,sentit,sud,	1
311	pas,alternatiu,n340,sant,carles,rapita,topada,vehicles,,cua	1
312	complicada,circulacio,area,metropolitana,bcn,cues,llargues,b23,c58,pota,nord,accedir,ciutat,,congestio,ronda,litoral,	1
313	trams,retencions,rondes,barcelona,,ronda,sentit,besos,ronda,litoral,sentits,,retencions,llargues,diagonal,,entrada,barcelona,b23,,altura,,illa,diagonal,	1
314	retencions,c32,sant,boi,gt,,bcn,col*lisio,aturades,sentit,contrari,	1
315	trams,retencions,nii,calella,pineda,gt,,nord,accident,	1
316	retirats,vehicles,accidentat,diagonal,club,polo,	1
317	retencions,,ap7,santa,perpetua,barbera,rubi,papiol,gt,,sud,b30,barbera,gt,,sud,cerdanyola,gt,,nord,b23,molins,papiol,gt,,girona,,esplugues,diagonal,cinturo,litoral,cornella,c17,llica,parets	1
318	cues,,,c16,viladecavalls,gt,,sud,c58,terrassa,sant,quirze,gt,,sud,obres,a2,martorell,castellbisbal,gt,,sud,obres	1
319	cua,a2,castellbisbal,gt,,sud,obres	1
320	a,bcn,,retencions,diagonal,b23,placa,reina,maria,cristina,accident,club,polo,	1
321	retirats,vehicles,accidentats,ronda,litoral,montjuic,sentit	1
322	aturats,2,km,ap7,sortida,girona,oest,,km,585,,sentit,franca,moto,terra,	1
323	retards,,,linies,r2,r2nord,avaria,sistema,senyalitzacio,estacio,sant,andreu,comtal,	1
324	aturada,circulacio,ronda,litoral,poblenou,montjuic,gt,,llobregat,accident,retencions,zona,franca,montjuic,gt,,besos	1
325	cua,compacta,,ap7,sant,julia,ramis,gt,,franca,topada,,turisme,moto,	1
326	tambe,aturats,,c17,llagosta,montcada,gt,,bcn,obres,c58,sant,quirze,gt,,sud,b24,cervello,n340,vallirana	1
327	cua,,a2,cornella,joan,despi,gt,,martorell,nova,col*lisio,afecta,,tram,ronda,litoral,agafar,,a2,aturada,circulacio,ronda,litoral,zona,franca,montjuic,sentit,besos	1
328	cua,,a2,sant,joan,despi,sant,feliu,gt,,martorell,col*lisio,retencions,c58,sant,quirze,sentit,sud	1
329	accident,autopista,garraf,,c32,,santboidellobregat,gt,,sud,1,carril,tallat,retencions	1
330	retirat,camio,avariat,complicava,circulacio,ap7,santcugatdelvalles,gt,,sud	1
331	ap7,,retencions,bellaterra,sant,cugat,valles,gt,,sud,causa,vehicle,avariat,talla,1,carril	1
332	reoberta,c17,granollers,gt,,vic,accident,retencions,mollet,precaucio,	1
333	c17,tallada,granollers,pk,18,gt,,vic,causa,accident	1
334	tots,carrils,oberts,ronda,litoral,poble,gt,,llobregat,accident,retencions,zona,forum,barceloneta	1
335	c60,reoberta,argentona,pk,5,gt,,granollers,accident,retencions,mataro,enllac,c32	1
336	accident,c55,manresa,gt,,solsona,3,km,cua,precaucio,	1
337	tallada,c60,argentona,pk,5,gt,,granollers,causa,accident,fan,desviaments,precaucio,	1
338	ronda,litoral,,retencions,nus,trinitat,poble,gt,,llobregat,causa,accident,tancada,entrada,24	1
339	tots,carrils,oberts,c32,sud,santboi,gt,,bcn,accident,retencions,gava,precaucio,	1
340	llargues,cues,principals,accessos,bcn,pel,nord,,c58,terrassa,estbadiamontcada,gt,,bcn,montcadaripollets,quirze,gt,,terrassa,c16,rubivalldoreixla,florestapeatgeboca,nord,tunel,vallvidrera,b20,s,coloma,gramenetnus,trinitat	1
341	accident,autopista,garraf,,c32,,santboi,gt,,bcn,1,carril,obert,retencions,gava,accessos,bcn,retencions,habituals,gt,,entrada	1
342	retards,linies,r2,sud,regionals,avaria,llarga,distancia,mentre,fa,circulacio,cubelles,vilanova,	1
343	retencions,a2,sant,joan,despi,sant,feliu,llobregat,gt,,martorell,vehicle,aturat,	1
344	ara,queden,retencions,,b23,molins,sentit,girona,diagonal,b24,cervello,n340,vallirana,ronda,,esplugues,horta,sentit,besos	1
345	frequencies,alterades,t1,t2,t3,tramvia	1
346	oberts,carrils,ronda,queden,retencions,esplugues,valldaura,gt,,besos,meridiana,hebron,gt,,pota,nord,santa,coloma,gramenet,	1
347	retirats,vehicles,accidentats,trams,retencions,diagonal,	1
348	cues,tunel,vallvidrera,peatge,boca,nord	1
349	cues,,ronda,litoral,zona,franca,bon,pastor,sentit,besos,diagonal,ciutat,vella,gt,	1
350	per,accident,ronda,,,embus,ronda,,esplugues,horta,gt,,besos,,hebron,gt,,afecta,cues,,pota,nord,badalona,gt,,ronda,c58,ripollet	1
351	topada,motoristes,diagonal,altura,placa,reina,maria,cristina,afecta,diagonal,cues,placa,pius,xii,placa,francesc,macia	1
352	via,evitar,,embus,ronda,,esplugues,,hebron,gt,,besos,accident,,hebron,gt,	1
353	retencions,,c65,santa,cristina,,aro,,entrada,poblacio	1
354	tambe,aturats,,nus,papiol,,afecta,ap7,rubigt,,sud,b23,molins,gt,,girona,pota,nord,santa,gramenet,gt,,ronda	1
355	cues,,c58,terrassa,sant,quirze,,obres,,montcada,gt,,sud,c1413,antiga,,entrada,poblacio,sabadelll,ap7,santa,perpetua,barberagt,,sud,b30,barbera,gt,,sud,cerdanyola,gt,,nord	1
356	embus,ronda,,esplugues,,hebron,gt,,besos,accident,,hebron,gt,	1
357	queda,cua,carretera,rubi,,bp1503,,,accident,fauna,estona,	1
358	ave,3941,sevillabarcelona,acumula,20,minuts,retard	1
359	talgo,463,barcelonallorca,acumula,retard	1
360	ara,retencions,,a2,castellbisbal,gt,,sud,pota,nord,santa,gramenet,nus,trinitat,gt,,ronda,c58,sant,quirze,gt,,sud,obres,b24,cervello,n340,vallirana,ap7,cerdanyola,gt,,nord,b30,barbera,gt,,sud,cerdanyola,gt,,nord	1
361	retirats,vehicles,accidentats,millora,circulacio,	1
362	talgo,694,sevillabarcelona,acumula,retard	1
363	ronda,litoral,vila,olimpica,montjuicgt,,llobregat,accidents,zona,franca,port,gt,,besos	1
364	ara,cues,,aturats,,enllac,,a2,abrera,,ap7,martorell,gt,,bcn,c58,sant,quirze,gt,,sud,obres,b24,cervello,n340,vallirana,c65,santa,cristina,,aro,,entrada,poblacio	1
365	continuen,retencions,,c58,sant,quirze,gt,,sud,obres,b30,barbera,gt,,sud,cerdanyola,gt,,nord,b24,cervello,n340,vallirana,ronda,,esplugues,pedralbes,gt,,besos,accident,ronda,litoral,zona,franca,can,tunis,gt,,besos	1
366	a2,palleja,sant,vicenc,dels,horts,sentit,bcn,obres,ronda,,esplugues,pedralbes,gt,,trinitat,accident	1
367	aturats,,ap7,barbera,sentit,nord,consequencia,cua,afecta,sortida,can,salvatella	1
368	vehicle,avariat,ap7,papiol,gt,,sud,retencions	1
369	tots,carrils,oberts,ronda,cornella,gt,,llobregat,accident,retencions,roquetes,precaucio,	1
370	accident,mortal,nii,pont,molins,xoc,frontal,cotxe,camio,provocat,mort,conductor,vehicle,passat,mica,causes,investigant,	1
371	retencions,accessos,nord,bcn,,c58,terrassa,estbadiamontcada,gt,,bcn,montcadaripollet,gt,,terrassa,c16,florestapeatgeboca,nord,tunel,vallvidrera	1
372	cues,ap7,,parets,vallesmolletsanta,perpetuael,papiol,gt,,sud,sant,cugatbarbera,gt,,nord	1
373	2,carrils,tallats,ronda,,tram,c32,,esplugues,gt,,llobregat,accident,retencions,llargues,roquetes,precaucio,	1
374	bv2411,tallada,avinyonetdelpenedes,causa,vehicle,avariat	1
375	monicagranados,gracies,bon,dia,,	1
376	bon,dia,,precaucio,c17,granollers,pk,18,gt,,bcn,turisme,avariat,ocupa,1,carril	1
377	aquesta,domina,circulacio,comoda,incidencies,,retencions,b24,cervello,n340,vallirana,	1
378	aturats,carretera,vallvidrera,,bv1462,,gt,,bcn	1
379	retencions,c32,sant,boi,gt,,castelldefels	1
380	pas,alternatiu,c14,montblanc,treballa,retirar,vehicle,accidentat,,retencions	1
381	euromed,1152,,valencia,barcelona,,acumula,retard,26,minuts	1
382	atencio,viatge,carretera,pont,sants,,,	1
383	aturats,,b24,cervello,n340,vallirana,c17,parets,valles,gt,,sud,canovelles,gt,,vic,cinturo,litoral,cornella	1
384	retencions,,c58,sant,quirze,montcada,gt,,sud,ap7,santa,perpetua,barbera,gt,,sud,b30,barbera,gt,,sud,cerdanyola,sentit,nord,b23,molins,papiol,gt,,girona	1
385	encara,cues,,ap7,jonquera,gt,,nord,obres,fan,territori,frances,c65,llagostera,gt,,santa,cristina,,aro,obres	1
386	aturats,c65,llagostera,gt,,santa,cristina,,aro,obres	1
387	cua,ap7,jonquera,gt,,nord,obres,fan,territori,frances,	1
388	continuen,cues,c65,arribar,fornells,selva,banda,banda,obres,	1
389	servei,restablert,l1,universitat,glories,	1
390	cua,,ap7,sant,celoni,sentit,sud,,incendi,,vehicle,equiviari	1
391	r11,figueres,14,,08,sants,16,,09,acumula,45,minuts,retard,incidencia,tecnica,origen,	1
392	sense,servei,l1,,linia,vermella,,metro,universitat,glories	1
393	retencions,,c58,sant,quirze,gt,,sud,b30,cerdanyola,sentit,nord,ap7,jonquera,gt,,nord,c65,arribar,fornells,selva,banda,banda	1
394	cua,5,km,,ap7,cerdanyola,barbera,sentit,nord,,girona,,topada,4,vehicles,implicats,	1
395	1,carril,tallat,gi542,angles,,selva,,gt,,osor,pedra,grans,dimensions,caigut,calcada,precaucio,	1
396	retards,15,r2,nord,r11,renfe,causa,incidencia,tecnica,senyalitzacio,adifes,estacio,sant,andreu,comtal	1
397	vehicle,avariat,ronda,julia,gt,,trinitat,1,carril,tallat,retencions	1
398	millora,circulacio,accessos,bcn,cues,,c58,b20,nord,c16,a2,b23,c31,c32,sud,rondes,gt,,llobregat	1
399	accident,c60,argentona,gt,,nord,1,carril,tallat,retencions,c60,c32,mataro,gt,,sud	1
400	aturades,accessos,sud,bcn,,a2,sant,andreu,barcapallejasvicenc,hortscornella,b23,molins,reiesplugues,gt,,bcn,molinsel,papiol,gt,,girona,c32,gavaviladecans,c31,prat	1
401	cues,accessos,nord,bcn,,c58,terrassa,centrebadiamontcada,gt,,bcn,montcadaripolletsant,quirze,gt,,terrassa,c16,rubivalldoreixpeatgeboca,nord,tunel,vallvidrera,b20,santa,colomanus,trinitat,c31,badalona	1
402	ap7,retencions,,sud,,montornesparetsmollet,valless,perpetuabarberabellaterrasant,cugatel,papiol,gt,,sud,nord,,bellaterrabarbera	1
403	accident,ronda,pedralbes,gt,,llobregat,1,carril,tallat,retencions,nus,trinitat,precaucio,	1
404	retencions,c31,acces,aeroport,pratllobregat	1
405	retencions,c58,altura,badia,valles,accedir,centre,comercial,sentit,sud	1
406	circulacio,intensa,ronda,b20,altura,prat,llobregat,direccio,castelldefels	1
407	circulacio,retencions,c12,altura,tortosa,perill,esfondraments,obert,alternatiu,regulat,semafors	1
408	tallada,tp3311,galera,senia,causa,pluges,	1
409	,circulacio,intensa,c25,santa,coloma,farners,direccio,vic	1
410	retencions,accident,c17,altura,montcada,reixac,direccio,barcelona	1
411	tallada,t331,ulldecona,freginals,causa,pluges,	1
412	tallada,tv3421,roquetes,barberans,causa,pluges,	1
413	tallada,c12,amposta,altura,tortosa,causa,pluges,	1
414	emergenciescat,informa,canal,breta,tortosa,desbordant,inundant,c12,punts,quilometrics,11,12,bomberscat,mossos,lloc,evitar,mobilitat,ebre,montsia,protecciocivil,alerta,inuncat	1
415	consequencia,fortes,pluges,,tallada,t331,ulldecona,gt,,santa,barbara,cua,c12,tortosa,,bassals,,aigua	1
416	proteccio,civil,demana,possible,,eviti,agafar,cotxe,circular,comarques,montsia,ebre,vehicles,atrapats,acumulacio,aigua,carreteres,	1
417	cua,c58,sabadell,gt,,terrassa,accident,	1
418	cua,c32,sant,boi,gt,,castelldefels,accident	1
419	aturada,circulacio,trens,benicarlo,vinaros,fortes,tempestes,,fa,servei,carretera,castello,,aldea,,trens,sortit,barcelona,valencia,,espera,evolucioni,episodi,pluges	1
420	r13,,stvicenc,calders,18,,30,planapicamoixons,19,,06,,surt,40,minuts,retard	1
421	regional,express,15015,estacio,francasaragossa,acumula,retard,incidencia,tecnica,	1
422	r15,estacio,franca,15,,43,ribaroja,ebre,18,,58,,saragossa,acumula,60,minuts,demora,	1
423	tren,r13,,stvicenc,calders,18,,30,planapicamoixons,19,,06,,te,prevista,sortida,19,,00,30,minuts,retard,	1
424	proteccio,civil,demana,possible,,eviti,agafar,cotxe,circular,travessen,comarca,montsia	1
425	tallada,n340,alcanar,consequencia,fortes,tempestes	1
426	aturats,,c60,argentona,gt,,mataro,cinturo,litoral,sant,joan,despi,cornella,carretera,vallvidrera,,bv1462,,gt,,bcn,c55,manresa,gt,,sud,sant,vicenc,castellet,gt,,nord	1
427	cues,n340,alcanar,vinaros,lt,,gt,,,precaucio,,,,	1
428	aturada,circulacio,trens,corredor,mediterrani,castello,tarragona,,estacio,vinaros,,castello,,consequencia,tempestes,informa,adif	1
429	aturada,linia,castello,tarragona,,estacio,vinaros,,castello,,consequencia,tempestes,informa,adif	1
430	oberta,tv3146,vilaseca,tarragones	1
431	des,fa,estona,plou,terres,ebre,podeu,trobar,bassals,aigua,n340,circuleu,precaucio,,,,	1
432	retencions,,ronda,cornella,pedralbes,gt,,besos,accident,julia,gt,,avariat,ronda,litoral,zona,franca,nus,trinitat,forum,barceloneta,gt,	1
433	cues,,pota,nord,santa,coloma,gramenet,cinturo,litoral,cornella,gt,,martorell,tunel,vallvidrera,gt,,bcn,b24,cervello,n340,valirana	1
434	aturats,,ap7,rubi,papiol,gt,,sud,b30,barbera,sentit,sud,cerdanyola,gt,,nord,b23,sant,feliu,papiol,gt,,girona,,esplugues,diagonal,c58,sant,quirze,gt,,sud,cerdanyola,montcada	1
435	cues,,tallada,tv3146,vilaseca,tarragones,bassals,,aigua,ap7,jonquera,gt,,franca,obres,territori,frances	1
436	embus,,ronda,cornella,guineueta,gt,,besos,accident,guineueta,gt,,ronda,litoral,zona,franca,poblenou,sentit,besos,causa,,accident	1
437	aturats,,c59,palau,-,solita,plegamans,gt,,caldes,cinturo,litoral,sant,joan,despi,cornella,nii,pineda	1
438	cues,,ap7,santa,perpetua,barbera,rubi,papiol,gt,,sud,b30,barbera,sentit,sud,cerdanyola,gt,,nord,b23,molins,papiol,gt,,girona,c58,sant,quirze,gt,,sud,montcada,sentits	1
439	servei,restablert,l3	1
440	sense,servei,l3,,linia,verda,,paral*lel,passeig,causes,tecniques,drassanes,	1
441	carretera,tv3146,tallada,vilaseca,2,sentits,inundacio,calcada	1
442	retards,15,linia,r1,rodalies,,maresme,,causa,incidencia,instal*lacions,adifes,mataro,arenys	1
443	22,pel,fa,precipitacions,centre,sembla,voldra,col*locar,voltant,illes,corsega,sardenya,aportant,vents,gregal,secs,descartable,sorpresa,,tipica,,situacions,caldra,seguirho,	0
444	abdelaziz,barrada,signa,pel,nastic	0
445	abdelaziz,barrada,signa,pel,nastic	0
446	amnistia,internacional,demana,suprem,observadors,tinguin,espai,sala,judici,1o	0
447	javi,lopez,david,lopez,pedrosa,marc,roca,alex,lopez,darder,javi,puado,,espanyol,presenta,alineacio,7,jugadors,formats,sant,adria,banqueta,4,,didac,lluis,lopez,melendo,victor,campuzano,rcde	0
448	carolroser,conec,,	0
449	tonialba,proporcionalitat	0
450	dissabte,inclassificable,aramalikian,presenta,royalgarageworldtour,teatremundial,figueres,imprescindible,,visitfigueres,figueresaescena,ajfigueres	0
451	segrecom,segrecomcom	0
452	sugurufillmeu,marvel,remuntar,series,spiderman,xmen,veia,antena,3,gracies,series,comencar,aficionar,comprar,comics,dels,mutants,	0
453	nanencarmen,jabufor,gent,bona,pel,mon,,veritat,criden,atencio,,,,,merci,carme	0
454	rperoy,krlesnu,rapsodia,ocasio,peroy,lt,,3	0
455	coneixeu,varietats,mandarines,podem,trobar,mercatsbcn,,,cuinacat,expliquen,feuhi,cop,,	0
456	nous,cepeda,roi,bromes,mariquites,,queien,punt,cancel*lats	0
457	festes,baixen,donacions,anem,donarsang,,dimecres,23,donacio,planta,1,edifici,montseny,perevirgilicat,anirem,,donarsangpsperevirgili	0
458	elisendapineda,casa,meva,superser,estufa,	0
459	cien,anos,empuje,pedagogico,mas,anos,vendran,...,diarioeduca,tinguem,present,feina,pensament,pedagogs,mestres,recorregut,pels,acabada,1a,guerra,mundial,confiar,educacio,impuls,vida,	0
460	savethedate,parlem,dol,infants,,gestionem,,perdeu,xerrada,tindrem,psicoleg,especialista,romanartur,proper,dijous,7,febrer,alasalaparlemdetot,,col*laboracio,creurojasbd,sabadell,bibliotequessbd	0
461	maqueill4,albanodante76,ierrejon,,acord,tu,moviment,,esperit,15m,,endur,podemos,,carregant,	0
462	consens,alcaldes,alcaldesses,osona,aprovacio,informe,previ,creacio,servei,public,abastament,aigua,baixa	0
463	senseficciotv3,passar,documental,petitetfilm,carles,bosch,estrena,mundial,docsbarcelona,projectar,filmcerdanya,recomanable,,,alacarta,	0
464	falten,minuts,vespre	0
465	[?]39,km,,intensitat,510,superficie,0510,,,170119,19,,40,,barcelona,bcn	0
466	presentacio,projecte,parc,republica,sant,pere,nord	0
467	tractem,habitualment,funcionaris,cnp,sabem,catala,inexistent,diuen,entenen,vols,utilitzar,elmonarac1,jordibaste,salellasadv,llenguacat,prourepressio	0
468	tarda,febricular,,dolor,articular,gola,inflamada,calent,llimona,arrossegant,inspiracio,ulls,pel,formigues,paper,text,entra,,sort,schubert,fantasia,,blue,monday,,dijous,	0
469	bacon,formatge,	0
470	empadronem,votar,perdre,vista,	0
471	felicitats,bona,feina,	0
472	cnpn,43,vs,buc,17,,nois,sub,14,cnpoblenou,sortir,camp,,energia,minut,1,buc1929,partit,marcador,donar,vencut,bon,joc,grans,equips,,fotos,,alexmerinobcn,rugby	0
473	venc,populisme,insultantlo,araopinio	0
474	dia,llibre,frase,atzar,,,platges,esperen,petjades,dels,homes,,aigua,dorm,,gabriel,janer,manila,adapt,	0
475	lamanyanacat	0
476	jportella93,bicing,enviat,mail,cas,	0
477	josepalay,isabelmassala,quimtorraipla,gracies,	0
478	poliramon,venen,desde,n,	0
479	!!carrer,comerc,cosa,vilafranquins,,,esperem,,!!,	0
480	jondesenk,cas,rellevant,tuit,possibilitat,real,atorguen,governar,mesos,be,agrair,,corrent,	0
481	fgotarra,jugadors,equip,aixo,,stuani,carvajal,exemple,,,jugadors,filial,esperar,cumplir,sancio,poden,jugar,equip,lliga,copa,cas,porta,fluixa,copa	0
482	teniu,personatge,idol,setmana,oblideu,compartir,sentiu,superwomanfiona	0
483	sedlr,sembles,psicolegs,llences,preguntes,observes,agrada,pregunta,entenc,agrada,pel*licules,	0
484	advocats,catalans,que,,votat,	0
485	vist,activitats,queden,	0
486	bertbrun,portaves,aigua,passarli,emprenyat,descuit,te	0
487	miqueliceta,155,vols,mediocre,	0
488	icetaextremadura,monta,monta,tanto,trendingtopic,republicacatalana	0
489	pobla,claramunt,aprova,pressupost,practicament,35,milions,,euros,2019	0
490	novarevista,ace,,architecture,city,environment,num382018	0
491	nani,roma,,odenenc,alex,haro,subcampions,dakar	0
492	xocolate,anem,saturats,,,	0
493	totcosta,por,interpretar,norma,entenc,canviat,terminis	0
494	studela,jordiborras,,seguir,novetats,petrolisindep	0
495	rao,punt,vista,superbia,infal*libilitat,divina,creuen,dipositaris,resolen,donar,imatges,hemicicle,fa,baixada,	0
496	fakenews,,,trovem,museu,torre,balldovina,convocats,,ancgramenet,parlarne,periodistes,oetxearte,andreubarnils,albertmartnez	0
497	sortir,feina,veniu,afterwork,,atemporal,,reserva,exclusiva,centre,bellesa,gaudeix,beauty,experience,amics,reus,atemporal,atemporalestheticlab	0
498	jordiroviraguma,gent,diuen,esquerres,viuen,opinen,lliberals,dretes,llauto	0
499	jtornesanroma,,,,pensat,,dubte,,	0
500	lalibetfly,,acabo,psico,comenco,catala,puc,puc,nooooooo,	0
501	davidma95149645,99nandes,jordicanyas,apareixen,moncloa,magia,pluja,rajoy	0
502	assemblea,informativa,recuperemmagoria,cotxeres,sants,entitats,esportives,tauladesports,secretariat,exposen,proposta,recuperar,magoria,esport,instal*lacions,segle,xxi	0
503	"tetapth,fnaccat,jaumecabre47,jbadia16,virgili7,quimmonzo,si,,sobtat,,jaume,cabre,tinguessin,""versio,original,"",catala,"	0
504	,,,comencem,temporada,demitjons,llargs,,	0
505	dilluns,seleccio,catalana,femenina,fcfcat,enfrontara,xile,seleccio,preparant,mundial,estiu	0
506	atencio,,,,pensaveu,recordavem,,,,,voleu,fervos,socis,grama,podeu,descompte,40,,,veniu,oficines,buscar,carnet,,,,segonavolta	0
507	12,sembla,probable,clatellada,termica,setmana,vinent,entrada,freda,origen,polar,fara,baixar,temperatura,notablement,especialment,dimecres,dijous,ambient,cru,hivern,podria,mantenir,mes	0
508	unio,europea,institucions,federalisme,europa,canjonch,granollers,esquerrafederal	0
509	miqueliceta,dretes,ets,fals,	0
510	colomasta,benvinguts,twitter,esportcolomenc	0
511	btvnoticies,openarmsfund,raval,ple,narcotraficants,pisos,narcos,cofeeshops,drogadictes,carrer,,demanea,seguretat,llum,carrer,diuen,diners,,presa,pel,adacolau,galapita,carrer,lancaster,vertedero,bcn,,,,iros	0
512	reunio,president,col*legi,graduats,socials,barcelona,cgsbarcelona,carlos,berruezo,rio,vicepresident,julio,amador,treballant,conjuntament,,enfortiment,dels,col*legis,professionals,servei,societat	0
513	trobes,situacio,atur,buscant,feina,,ajpalamos,periode,preiscripcions,cursos,poden,donar,possibilitat,trobar,feina,,info,	0
514	enhorabona,taula,rodona,fake,news,premsa,veritat,desconfianca,mitjans,comunicacio,periodisme,vespre,organitzat,ancgramenet,museu,torre,balldovina,santacoloma,gramenet,conve,debatre,tema,	0
515	plovisquejant,sants,bcn,comencen,mullarse,,asfalt,voreres,1r,dia,pluja,2019,dona,finalitzada,ratxa,33,dies,portavem,ploure,gota,,00,mm,,,foto,carretera,sants,	0
516	vegada,xeringues,mina,telenoticies,comarques,santadria	0
517	valencasiusi,necessariament,xd,igualment,faig,tard,	0
518	didaccarreras,gent,jove,rebel,enredat,miserablement,estripen,carnet,tornen,casa,esperar,oportunitat,podem,esperar,tenim,remei,seguir,lluita,sapiguem,venut,	0
519	praywme,imperi,reviura,cendres	0
520	voldria,escoltar	0
521	conceptes,tenen,definicio,absoluta,canvia,context,geografictemporal,	0
522	gracies,pel,suport,pels,anims,,voler,aprendre,catala,enamorar,poble,catala,	0
523	marcbodi,tampoc,treure,,fer	0
524	sugurufillmeu,petit,tenia,referents,dc,,pelis,superman,serie,animacio,dels,superamics,batman,adam,west,,boom,batman,burton,serie,animacio,venir,	0
525	,moda,124,boyfried,look,millor,preu,rebaixes,leftiesofficial,,,sommultiespai	0
526	imatge,dels,donants,sang,donarsang,sangfluencer,	0
527	combat,mort,anys,gata,propietat,,capsa,	0
528	josepmacalafont,chloehphillips,gracies,suport,josep,	0
529	barcelonesjove,esdeveniment,agenda,diu,,llaureu,,dir,,arad,,toponim,romanes,	0
530	mica,humor,	0
531	chukwueze8,forme,part,,equip,,confirma,99,,toko,ekambi,titular,athleticclub	0
532	traduaction,traductors,jurats,google	0
533	esquerra,cainista,fa,imbecil,ultradreta,neofeixista,espera,porta,chachi,creo,vinierais,para,ahorapodemos	0
534	fa,dir,ignorancia	0
535	krlesnu,espero,passada,nota,	0
536	acabo,veure,cani,passejant,gos,,valgui,redundancia,,,caminava,suelto,cames,bracos,visques,videoclip,trapero,	0
537	jordiborras,davidra53695927,cromanyons,	0
538	boscderoures,sento,fa,riure,	0
539	acte,reconeixement,empreses,col*laboradores,foment,terrassa,comenca,visita,parc,audiovisual,catalunya,localitzemocupacio,serveiocupacio360,intercanvi,experiencies,implicacio,ciutat	0
540	ninaqueral,paquifer1969,se,te,veure,te,dit,vale,	0
541	9quietman,,,bufff,tinc,cosa,estudiar,,fotut,tallat,desperta,begut,alcohol,	0
542	directors,escoles,concertades,demanat,partits,politics,gironins,opinen,politiques,futur,proposen,referencia,accio,educativa,gracies,voler,rebre,,ns,reunit,palbertiserra,guanyemgirona	0
543	seguint,tema,dels,autobusos,terrassa,final,dona,rao	0
544	tonidedeu,uocuniversitat,aquascat,mooooltes,gracies,toni,,descomptat,comptare,,bona,feina,,aquas,,	0
545	font,anava,dies,omplir,garrafes,anava,joanic,recordo,,remodelacio,totxanes,sortia,roca,vida,beviem,aigua,casa,meva	0
546	atesos,pobresa,fa,creurojatgn,necessiten,ajuda,entitat,observatori,alerta,cronificacio,situacio,especialment,joves,grans,60,anys	0
547	celebrant,aniversari,,ancgramenet,taula,rodona,fakenews,oetxearte,vilaweb,albertmartnez,ladirectatv,andreubarnils,republicagramenet	0
548	cineasta,miguelpuertas3,dirigeix,documental,historic,repressio,franquista,granollers	0
549	emerjadesign,elplasticomata,greenpeace,wwf,vivirsinplastic,retorna,nomasplastico,ecoembes,ecointeligencia,,encanta,,bons,	0
550	entrades,exhaurides,,,,veiem,dissabte,,swing,,,recordem,entrades,taquilla,aforament,complert,,femateneusalt,salt,swingunderground	0
551	claraamm,dic,,generosa,ferho,ampli,generic,focalitzo,moltissim,cas,dels,desemparaments,,administratius,,vulneracio,drets,maltractament,institudional,sabent,dgaia,prisma,entenc,,entenem,crec,	0
552	sonia,fernandezvidal,mataronina,escriptora,doctora,fisica,quantica,presenta,exposicio,,dones,tecnologia,,projecte,tecnogirl,ponencia,,obrim,portes,biblioteca,alexandria,,bibliolabxbm,mes,info,	0
553	raholaoficial,psoe,fastic,penya,,	0
554	iniciant,cicle,gestionat,joves,casaorlandai,parlant,cinema,feminisme,gestiocomunitaria,artitransformaciosocial	0
555	amoedocom,ppandaluz,ciudadanoscs,digas,,,memoria,,,pasara,factura	0
556	laboratori,practica,determinacio,acidesa,vinagre	0
557	"""el,naixement,feixisme,,esperit,capitalisme,"",article,company,joan,sebastia,colomer,laccent"	0
558	sessio,informativa,usuaris,participants,,experiencia,mobilitat,compartida,vehicle,electric,sommobilitat,santaperpetua,vecompartitspm	0
559	jaumealonsocuev,gracies,xerrada,abracada,forta,	0
560	rosegarocs,mferreal1,pronomboig,meadow895,barcelona2714,davidgr1714,santnoetcansis,enricduranp,tinguin,contacte,castella,segur,tenen,catanyol,dir,catalans,parlen,catala,acastellanat,problema,	0
561	vespre	0
562	,ajuntament,financara,rescats,mediterrani,aportacio,milio,,euros,openarmsfund	0
563	rosegarocs,virgili7,mferreal1,pronomboig,meadow895,barcelona2714,davidgr1714,santnoetcansis,enricduranp,internet,suposo,arribat,poble,	0
564	menorca,bona,diada,menorquines,menorquins,cc,consellmenorca	0
565	karmemartinegea,espero,embolicat,ensaimat,	0
566	angelscordon,elplural,joselui57675062,es,saben,escriure,castella,gentussa,,	0
567	conscient,situacio,viuen,cfilua,arribar,accions,magnitud,mantenen,alt,escolteu,lorenaavila21,entendreu,santaperpetua,habitatge	0
568	somhi,,,faci,falta,poder,cumplir,anhels,haber,fet,maxim,,,movem,demes,marato,nosaltres,lliures,,,,makeamove	0
569	marc20f,lliure1714,substituts,atabalant,interessa,pel*licula,anire	0
570	"govern,espanyol,diu,roba,groga,bocariver,""risc,seguretat,,elnacionalcat,vegada,demostren,nivell,tenen,caient,parany,nacionalfeixistes,pp,"	0
571	rourecentenari,dies,,,falti,decideixes,avi,mestre,,deia,decisio,prens,llevarte,bona,,pensades,,	0
572	toni,seligrat,acomiada,roda,premsa,	0
573	proftgschulze,manfredweber,cemoezdemir,andrejhunko,thomas,fent,ridicul,espantos,entens,demana,ajut,,inflat,bestieses,	0
574	marcsd90,eduardvoltas,pdemocratacat,votaria,puig,aglutinara,independentisme,dretes,	0
575	mksjosoccdr,dadme,dadme,otra,dadme,,patetics,podem,arribar,mereixem,passa,	0
576	chloehphillips,ratllis,parles,,parles,millor,catala,nascuts,	0
577	laribocrusat,comenca,intervencio,recordant,ernestlluch,,pluriempleat,vida,pencaire,,premigaziel2018	0
578	nena,menja,menjant,aixi,agrada,mengis,,nena,mira,deixa,menjar	0
579	confirmat,dubtes,generats,actual,govern,miquelforns,donarem,suport,presentat,continua,debat,,plesitges,sitges	0
580	dubte,crida,instrument,servei,dels,interessos,politics,personals,puigdemont,te,interes,particular,tros,ase,dia,entenen,millor,campanyes,organitzades,maniquees,simplistes,atacs,sistematics,	0
581	cronica,,basquet,sama,vilanova,65,-,senior,masculi,plasfoc,52	0
582	2001,toni,batllori,quadre,lavola1981,,20,anys,empenyent,,oli,tela,130x190cms,observantlo,constato,proposit,continua,vigent,sostenibilitat,cosostenibilitat	0
583	raq73,cas,pugui,dir,pamflet,,razon,,,idiotes,necessari,	0
584	clar,impossible,bigdatapdecat	0
585	emerjadesign,,,crec,escollit,tema,,,bona,,	0
586	raholaoficial,psoe,sanchezcastejon,escapen,cabres,	0
587	krlesnu,anava,escriure,melanconia,melangia,tristes,sonen,	0
588	sugurufillmeu,creguis,parell,amics,fans,coneixiem,gracies,videojocs,petit,veia,serie,animacio,hulk,tv3,	0
589	cupsitges,exigeix,valentia,grups,politics,ple,sitges,prendre,mesures,habitatge,public,asseguren,,problema,important,,municipi,	0
590	valoracio,fa,ciutadania,dels,partits,fidelitat,vot,seguiment,partits,antistablishment,,,bigdatapdecat	0
591	9balas9,llunacatalana3,crec,detinguin,gent,ser,carrer,ple,pressionant,moure,carrer,buit,detinguda,voldria,saber,tinc,suport,gent,seguire,anant,trobaran,sopar,groc,	0
592	mainatjm,fes,neteja,autonomistes,purs,junqueristes,tadaristes,,partit,presidents,desde,herbert,barrera,rahola,junqueras,canviat,	0
593	,audio,hotelsuis,124,elmilloranyarlequinat,cesabadell,torna,30,volta,elchecfoficial,supera,classificacio,,,23,,11,	0
594	glp,vehicles,autogas,vehicles,eficients,solucions,energetiques,normatives,installacions,repsol,sessio,gremi,traves,fegicat,tonifdez	0
595	diariara,financa,,objectius,	0
596	sap,existeix,filtre,babes,protegir,mobil,dels,twitts,miqueliceta,,patina,,	0
597	msandrafer	0
598	anat,,ajuntament,cornella,demanar,certificat,canvi,,carrer,diuen,triguen,aprox,podre,arreglar,local,perdre,diners,,puc,tenir,certificat,,,	0
599	,noticia,124,parlament,europeu,aprova,retirar,fons,paisos,membres,posin,perill,dret,noticia,tindria,relacio,pedro,sanchez,tingues,parlament,europeu,20,,aforament,	0
600	islandiarac1,jllgarcia,vilaeloi,adono,se,,arrassat,,	0
601	catsalut,porto,3,dies,trucant,934585980,programar,visita,ginecologica,agafa,telefon,alternatives,	0
602	companyia,badalonina,industrial,teatrera,iniciar,periple,meravellos,espectacle,carrer,funcions,europa,tornen,badalona,presentar,naufrags,sala,teatre,zorrilla,	0
603	lapous,mirar,turquia,acabarem	0
604	araceboardpicoftheday,1701,vii,ultratrail,mestral,hospitalet,,infant,20211018,,club,nautic,hospitaletvandellos,escola,vela	0
605	assabenta,paguen,deficit,fiscal,,milian,mestre,,,dic,cop,,madrid,tracta,colonia,,elnacionalcat	0
606	davidgr1714,busquen,es,confrontacio	0
607	jzaragoza,veritat,,,,saben,madrid,sevilla,zaragoza	0
608	albanodante76,tcunillera,cunillera,dimissio,dignitat,cosa,majordoma	0
609	voxes,tarado,enfarlopado,suda,como,cerdo,siempre,,asco,fastic,absolut,eixida,cancell,pujaben,voravia,asa,agonollada,prepotent,,parla,garri,fa,fastic,merda,seca,pudor,podrit,,bona,definicio,,	0
610	"mmaarrttaahl,martona,,""divertit,"",dius,,perfecte,tinc,ganes,,estudiar,parla,,permanencia,tal,felic,mes,benestar,curt,oscil*lant,mati,tenir,benestar,no,,explico,,"	0
611	adria,carrasco,trasllat,cas,,<<es,prova,muntatge,>>	0
612	fem,moviment,pau,llibertat,makeamove,assemblea,makeamove	0
613	cant,dels,maulets,estrofa,diu,,curt,lliguin,perill,tindran,,,diria,no,tranquils,semblem,covards,voltes,te,limit,nosaltres,mesurant,accions,	0
614	anims,joan,enten,gent,volem,coses,fa,rebem,pals,pero,clar,foten,pals,arribarem	0
615	moments,assemblea,escola,catalunya,30,anys,fent,xarxa,escolapiacat,assembleaepc	0
616	proper,divendres,25,19h,biblabobila,presentacio,llibre,poemas,transito,pilarosoriomoran,marlunaria	0
617	amadeubrugues,josepruana,elisendapineda,acabeu,recordar,posguerra,dire,avis,tenien,petit,coses,fascinaven,flamarada,feia,estona,encesa,	0
618	futfem,124,visitat,natarroyo,seleccionadora,absoluta,catalunya,promocionar,partit,catalunyaxile,proper,dilluns,21,gener,estadi,municipal,hospitalet,,19h,,,ambelverdalcor,	0
619	sembla,partit,dissabte,torna,	0
620	florencifc,toro,embogin,cura,abelles,anar,pasigan,ajudemlo,caure,single	0
621	club,lectura,especial,tiananegra,bibtiana,director,festival,sbennassar,llibre,,joc,brut,manuel,pedrolo,dels,protagonistes,anterior,edicio,tiana,negra	0
622	setmana,festa,podeu,coneixer,tornar,veure,,carpes,correjocs,torneig,carcassonne	0
623	pinta,moooolt,,queda,vi,estels	0
624	human,rights,watch,dir,probable,espanya,democracia,piolins,trobin,urna,aprovin,batxillerat,,entrar,cos,inesperat,fem,sopar,groc,,ultimahora,catalonia,catalunya,cataluna,1oct,republicacatalana	0
625	gran,entrevista,claudiariusl,xavierroige,quedo,reflexio,sb,serveix,museu,,,,,estimular,passio,pel,coneixement,pensar,reptes,societat,pel,plaer,estetic,,perdeu,museusadebat,educacioalsmuseus	0
626	,reunit,responsables,gremi,posar,comu,nous,reptes,projectes,2019,,fegicat,reunio,gremis,aigua,llum,electricitat,formacio,telecomunicacions,enginyeria	0
627	torrasroca,dies,cosa,,	0
628	director,corporatiu,planificacio,estrategica,estudis,caixabankcat,enric,fernandez,destaca,tribunadegirona,necessitat,creixement,inclusiu,sergirona,diaridegirona	0
629	voltants,,arc,triomf,,escenari,activitats,ludiques,culturals,veins,veines,context,cultural,xines,donaran,benvinguda,,anynouxinesbcn,ciutat,convidada,,info,,celebrembcn	0
630	fons,,espai,,entrevista,profunditat,30,minuts,grups,municipals,espai,compartit,marinascribano,xavierbuzon,cadascu,disposara,15,minuts,,20h,,	0
631	andreu,mayayo,,,catalunya,19802015,historia,fotografies,,ofereix,mirada,reflexiva,servira,viscut,periode,,	0
632	olblidare,dia,sentiment,lliris,collons,,,	0
633	comencem,obres,crear,nova,area,jocs,infantils,,ambit,antigues,casernes,sant,andreu,santandreu,,info,,obresbcn,fembarcelona	0
634	p1,,fet,massatges,manera,estimular,sentits,creant,espai,calid,acollidor,passat,relaxat,moltissim,,	0
635	catinformacio,catalunyaradio,albertrequenal,facin,centre,comercial,arenes,barcelona,	0
636	passen,minuts,vespre	0
637	oferim,suport,institucional,juridic,economic,openarmsfund,pugui,tornar,sortir,obert,salvar,vida,fugen,horror	0
638	lluisgibert,quimtorraipla,europarlcat,sigut,,foto,,azores,,semblar,cosa,piloteig,personal,aznar,bush,blair,	0
639	mustread,llegir,reportatge,beanavarro,lavanguardia,	0
640	festes,dels,tonis,manlleu,declarades,interes,nacional	0
641	canyamelar,adeuda,mensualidades,plantilla	0
642	calen,observadors,internacionals,amnistia,demana,explicitament,,home	0
643	xvis16,organitzare,venir,pugui,obviament,movistar,casi,finde,recus,lol	0
644	oblidis,critiques,dela,catalans	0
645	ramoncotarelo,queda,pel,perdre,pareu	0
646	festival,tradicionarius,bibliolagrua,ajmontmelo	0
647	chgjoies,semblat,,creia,febrer,vivim,epoca,immediatesa,cremar	0
648	mfortunyc,mecatxis,gracies,faig,puc,xdd,lt,,3	0
649	dilluns,capgiremnoubarris,,,,inaugurem,comite,campanya,noubarris,cp3voltesrebel,tancar,programa,definir,campanya,electoral,rumb2019,capgirembarcelona	0
650	elisaro16596515,lluvialeo,lopalangana,esquitx17,castellles,abalagu,genovevasousa,roserroses,crocultura1,josegea1965,asediciosa2,6mariolsanchez,tonirisucor1959,jcgonzalo69,jvf1958,kamellosr,cleoopatra,alberich09,badiaserra7,montsec1,merce90945854,lamanius,loscarnaless,catalunyafreetv,indycatalana,su55682423,rosarioi22,aribaujoan,william41929749,pabl0iglesias,miakabcn,issabellaisab,jjppbcn,malparit1,anasfll,dom70bcn,catalanrep,srspoc,ebedloe,calafontnatural,krls,tdailypost,digitalsevilla,nytimes,wsj,catalunyadiari,berlinerzeitung,alextremp,elnacionalcat,diariara,,ajudarnos,,pensa,cobrarem,llest,,,sap,cuinar,,massatges,,sap,abracades,,sap,arreglar,jardins,,sap,acudits,,sap,donar,tabarra,,,apuntada,voluntaria,precarietat,causa,	0
651	usa,xina,acabaran,arribant,acord,acabar,guerra,comercial,creu,enric,fernandez,poden,creixer,moviment,intern,economies,tribunadegirona	0
652	quimmonzo,	0
653	president,agbar,alerta,falta,inversio,depuracio,aigua,metropolitana	0
654	,coneixeu,persona,entitat,empresa,mereixi,premi,sant,cugat,2018,,presentar,candidatura,facil,,teniu,30,gener,	0
655	dic,poseu,foto,,avatar,traje,,poseu,,armani,poseu,mango,,canta,pocaclasse	0
656	reptes,estrategies,atraccio,retencio,talentdigital,segur,escriure,moment,comparteixo,gracies,ponents,genial,descobert,ctecno,barcelonadigitaltalent,,hr,ilovemyjob,estimulacioneuronal,womenit,digitaltalent,,	0
657	handbolbcnsants,curios,assemblea,centrada,jovent,mitjana,edat,dels,assistents,minim,60,anys,	0
658	marcarza,lluisju,tertulies,lluisvives,aprenent,politica,local	0
659	girona,capital,republica,	0
660	quimtorraipla,monicamfslj,josepalay,mhp,quimtorraipla,passant,injust,agafen,ganes,aixecar,suspensio,republicacatalana,,fa,,por,	0
661	colomo,poblenou,balmes,barceloneta,hahah	0
662	etern,miserable,parasit,criminal,oferiment,esquerra,,classic,,qie,claveguera,inmunda,feixisme,cafre,,pitjor,,criminals,cinics,pocavergonyes,,,	0
663	aturemlos,,,feixistes,dels,cartes,dels,barris,dels,pobles,ciutats,,feixistes,pais,,republicacatalana	0
664	laliga,proposat,expulsio,5,anys,cfreusdeportiu,afefutbol,tornaria,carrega,jugui,partit	0
665	podem,consentirho,,,,dir,salvatjada	0
666	'gramatica,llengua,catalana,,internet,versio,simplificada	0
667	ernest,plana,reelegit,president,patronal,gironina,lafoeg	0
668	rourecentenari,,utilitza,desconnecta,,tinguis,tocar,decideixes,	0
669	republica,franca,statu,quo,psoe,andalusia,	0
670	catmigdia,raicasmar,emparmoliner,xabibarrena,ferclopez,creusjordi,oscarcatradio,acarono,fotu,hostia,	0
671	creure,,incompetencia,,,,document,enllac,informe,252018,exercici,dgaia,2016,infart,,,,paco,,manana,,desaparece,web,,entiendes,porque,veces,documento,publico,dia,otro,	0
672	plaer,poder,participar,jamtr,alumnat,batxillerat,iesteveterradas,joves,tenen,dir,professorat,tenim,escoltar,poder,guiar,acompanyar,viatge,ple,emocions,realitzacio,treballderecerca,emmarcats,ods	0
673	jaumeisal,cadascu,empesca,definicions,part,ofici,madurar,crec,felicitat,perdurable,depen,selectiu,considerar,indicadors,autisme,voluntari,referia,fet,content,pretensions,	0
674	adacolau,reclama,ministre,espanyol,foment,deixi,sortir,vaixell,openarmsfund,port,barcelona	0
675	albanodante76,enten,serveix,assenyalar,denunciar,protestar,normalitzar,injusticia,se,fa,dedicantse,politica,	0
676	passat,santantoni,recta,final,carnavalvng,2019,moltaviatinscripcions,	0
677	rcdeoxford,roca,bluf,posicio	0
678	,nova,etapa,ganes,aprendre,formant,part,grup,,noves,metodologies,educatives,,bcnpedagogica,promociodelasalut,salutpublicabcn	0
679	"nino,becerra,,""els,pressupostos,pedro,sanchez,cienciaficcio,"",elnacionalcat"	0
680	escola,montessorirubi,fet,sessio,aliancesmagnet,avaluacio,treball,projectes,fent,servir,rubrica,avaluacio,berenar,,diferencia,amanida,cas,equip,tenia,10,euros,,20,minuts,[?],anar,supermercat,	0
681	"""m,,agradaria,posar,valor,29,dones,valentes,formen,part,llibre,persona,anonima,sobreviure,present,llibre,missatge,poderos,llibre,dona,fernos,preguntes,"",edgar,munoz,noalestigma,fragilemovement"	0
682	arielkanievsky,davidyabo,bourbons,austries,trastamares,furtar,titol,,territorial,,sobirans,casal,barcelona,totalment,anacronic	0
683	50,aniversari,mort,marti,rouret,programa,taula,rodona,parlar,,exili,mestre,politic,,carrec,jose,m,muria,rafel,bruguera,salomo,marques,alfolidelasal,escala,visitlescala,escalamunicipal	0
684	renda,mitjana,barris,illustratiu,enganxa,	0
685	societat,,internet,futur,tenen,biblioteques,especialitzades,centres,documentacio,,biblioteca,library	0
686	intervencio,horitzo,plesitges,extraordinari,habitatge,sitges	0
687	cridanacional,registra,partit,politic,	0
688	miqueliceta,rao,miqueliceta	0
689	culebra1978,crec,persona,actriu,public,general,te,tenia,decencia,guardar,formas,educacio	0
690	btveltemps,meteocat,amic,rebuf,classic,entrades,nord	0
691	anndesola,adalfe2751,joves,barcelunya,plorem,anar,dormir	0
692	maribelvilasol,animanaturalis,vist,,,aprendre,	0
693	congres,defensar,esmena,pdemocratacat,eixamples,mirada,permetent,confluencies,espais,politics,cridanacional,horitzo,posar,fre,atomitzacio,vivim,,facin,triar	0
694	"rvinualescs,""sant,salvador,fa,50,anys,venia,zona,residencial,deixadesa,falta,,inversio,dels,governants,portat,,actual,barri,"""	0
695	venta,exclusive,beatport,influences,tremonjai,tremonjai,traves,sello,discografico,elantris,records,elantris,records,releases,amp,,	0
696	silviamartorell,blau,	0
697	lapous,curs,mitjana,marielpaldel,tenir,brillant,idea,ajuntar,cumples,trimestre,festa,regal,ideal,	0
698	pierregiltay,gracies,gran,pierre,,,,,	0
699	audio,noticiesvespre,124,parctauli,fa,45,operacions,cirurgia,bariatrica,llistes,espera,4,5,anys,	0
700	hartmannmora,josepbatllia,manolo,milian,llest,,tenia,clar	0
701	impresionante,espectacular,,laiasanz,,felicitats,	0
702	afromarc86,peusla,restitut61,,hostiaputa,,	0
703	neusmatamala,neus,pare,necessites,aqui,estem,amistat,derrotar,acabara,pateixis	0
704	reportatge,telepolis,,,repressio,espanyola,torna,colpejar,catalunya,,elnacionalcat	0
705	tecnogirl,ofereix,joves,12,18,anys,programacio,exposicions,tallers,ciencia,tecnologia,,tallers,xnergic,bibliolabs,,hackatho,inscripcio,bibliomataro,mes,info,,biblilabxbm,lapompeu,antonicomas	0
706	elisendapineda,casa,avis,picaven,ulls,saber,cremava	0
707	aprova,mocio,cuptorre,implantacio,tallers,gratuits,autodefensa,feminista,pletorre,torredembarra	0
708	miccatalunya,discrimini,catala,ambits,catalanofobia,	0
709	elisabeth,vives,6691beth,directora,infermera,semgencat,explicat,experiencia,model,exit,unitats,suport,vital,avancat,infermer,svae,1er,encuentro,gestion,enfermera,urgencias,emergencias,gestionenfsemes,semes,enfermeriasemes	0
710	jaumealonsocuev,krls,saben,donarli,feina,veuan,descansat,pregunta,vivim,gran,democratas,ah,,	0
711	gemmajhb,esperis,mafia,pujolista,formen,part,r78,dona,monyos,ferro,deixara,cantar,jordi,cantes,penses,passaria,,res,cosa,n,quedarien,	0
712	monicabarcelona,parlar,catalunya,moda,,puja,carro,parli,	0
713	lluis,marce,,,felicitar,rosatubau,,regidora,habitatge,,assumit,responsabilitat,pes,herencia,deixada,pel,senyor,jordimas25,deixat,mort,fa,pudor,,plesitges	0
714	seguim,alcats,seguim,lluita,exigim,retirada,denuncia,adif,pels,talls,,,,vine,udg,signa,,caputxinadaudg	0
715	printlove,marxa,taller,fotografic,ludic,ensenyar,joves,expressar,fotograficament,estimen,posar,valor,fotografia,impresa,gracies,fujifilmxworldes,instaxcamara,marc,mostra,fujifilmprintlife,acull,dissenyhub	0
716	,ultim,faria,,,agraden,baldufes,	0
717	revolucionari,catolic,iran,italia,	0
718	desfent,topics,asserenant,discurs,clar,catala,magistrada,	0
719	guaita,,final,partit,saber,podrem,dir,,nova,convergencia,,caldra,veure,pdecat,disol,integra,competeixen,urnes,crispetes,	0
720	dvocat,porten,cadenes,miseria,orgull,drets,	0
721	savallsblog,fans,sir,humphrey,appleby,ministre,sabem,britanics,portat,escepticisme,	0
722	joanlluislluis,veig,silviasenz,parlat	0
723	axlthecatalan,collo,lluny,formes,copa,nowadays,,,copa,80,90,cirereta,triplet,meh,	0
724	franco,,mismo,,canviat,dictadura,actualitat,corrupcio,madrit,diuen,castella,,mismos,perros,diferente,collar,,,,,,,,	0
725	port,barcelona,estableix,relacions,sector,portuari,japones	0
726	guia,mares,treballadores,fills,llar,infants,podran,desgravarse,1000,euros	0
727	ffleichman,expedient,,certificat,academic,demanar,pagar,arribat,suplement,europeu,titol,,,,,,,,agafant,guies,docents,una,problema,recordo,profes,lol	0
728	sinconcesiones,iurisport,plaer,persones,talent,costat,,fcbarcelonacat,	0
729	podemos,experts,jugades,mestres,,veritat,donarme,baixa,	0
730	audiencia,nacional,reobre,causa,acompanyants,puigdemont,elnacionalcat,vegada,gentussa,demostra,te,feina,donant,voltes,coses,arxivades,inutils,	0
731	govern,adacolau,dedicara,solars,municipals,500,pisos,joves,gent,gran,col*lectius,especifics	0
732	avis,cinefiles,cinefils,,teniu,espai,recomanacions,audiovisuals,nominacions,premiosgoya,enguany,dies,anirem,posant,totes,trobareu,titols,anteriors,dels,nominats,nominades,disponibles,biblioteca,	0
733	mmotherofcats,passar,algo,semblant,arriba,denuncia,publiquen,dogc,donen,informada,sembla,enriuran,fort,reclamacio,pagat,provar,	0
734	dubte,raonable,ricardustrell	0
735	,adherit,,acord,ciutada,barcelona,lliure,violencia,dones,,eliminacio,violencia,masclista,mes!!!!,,barcelona,mon	0
736	mucho,miedo,final,kingdom,hearts,3,este,altura,final,kingdom,hearts,2	0
737	rod11cat,pasa,sant,celoni,direccion,figueres,	0
738	,,tanca,cosmos,dels,classics,rambla,124	0
739	jsolervicens,quadernscrema,acabis,,novel*la,,llegirne,,critica,,,	0
740	,esmuc,gibarcelona,signat,conveni,col*laborar,,organitzacio,,esdeveniments,culturals,promocio,cultura,alemanya,llegiu,noticia,web,	0
741	tenim,punt,edicio,cicle,,reflexions,escola,,,reflexionarem,,viure,,manuel,delgado,najat,hachmi,rosa,m,calaf,joancarles,melich,programa,complet,,,obrim,fil,,reflexionsescola19	0
742	melciorcomes,xicot,catala	0
743	'gramatica,llengua,catalana,,internet,versio,simplificada	0
744	pepmbu,bona,especial,flipa	0
745	se,estranya,diu,,	0
746	chloehphillips,parles,catala,nassos,,,,,,,,,primor,chloeh,gent,trobaras,cas,gent,analfabets,formes,segur,proporcio,,tu,portes,1,,fem,faltes,tu,salut,seguim,,,	0
747	conferencia,organitzada,esquerrafederal,granollers,ciutadania,europea,,unio,europea,institucions,lidia,santos,professora,uab,podeu,inscriure	0
748	agafar,rod4cat,tard,assegurarse,15,minuts,tard,devolucio,express,	0
749	josepruana,menjadors,families,pobres,feien,oloreta,buta,meravellosa,	0
750		0
751	iglesias,avisa,errejon,podem,competira,comunitat,madrid	0
752	universitaria,running,,faltar,5a,edicio,cursa,universitats,,,uniruncat,,espera,3,marc,parc,forum,barcelonaja,inscriure,,,adidas,running,socbau,universitat	0
753	piscisblokytoni,anaoromi,vilaweb,krls,encarrec,bbva,villarejo,espiar,juanca	0
754	,comenca,latertulia,ssotillocosta,,,dserramitjana,nuriatorres51,quim,monturiol,juan,correa,,parlem,possible,retorn,activitats,taurines,olot	0
755	laconca51,estrena,estrenem,,felicitats,nova,imatge,equip,,laconca51,wine,thewineisnotjustwine,dangerwine	0
756	nhsitges,reivindica,formula,cooperatives,tirar,habitatge,public,sitges,ple,monografic,tema,	0
757	vadortitus,mitdebal,fnaccat,jaumecabre47,jbadia16,virgili7,quimmonzo,,,aneu,,central,laie	0
758	tupitupitupi2,rocamorapilar,jmoretgm,ricone1,xavierdomenechs,exagerem,venien,grisos,corriem,perque,detinguesin,	0
759	gracies,convidarme,explicar,cultura,te,papel,fonamental,batalla,igualtat,dones,homes,cymtw	0
760	"esther,bernado,directora,,esupt,,""l,,objectiu,projecte,joves,vegin,dones,tenen,dir,,ambit,tecnologic,cientific,mon,perd,talent,oportunitat,crear,projectes,mirada,"","	0
761	inagurem,,exposicio,mercat,,horta,portada,terme,pel,grup,treball,,hortaguinardo,coacatalunya,voluntat,posar,valor,patrimoni,arquitectonic,gran,feina,,2,febrer	0
762	germagarcia,abracada,forta,german,	0
763	salaicullell,hivern,mana,punyetes,	0
764	make,move,campanya,,denunciar,internacionalment,judici,,1o	0
765	20h,plusvalua,programa,economia,clau,valors,humans,radioestel,produit,ceescat	0
766	martaroqueta,increible,,,,	0
767	jzaragoza,te,rao,intentis,entendreho,culta,	0
768	diu,enric,fernandez,tribunadegirona,economia,espanyola,creixera,voltant,21,,catalana,anar,millor,recuperacio,demanda,externa,	0
769	,policia,enxampa,persones,fent,treball,	0
770	,escandol,saber,	0
771	mati,solsonacat,ccsolsones,president,fira,tio,josep,caelles,fet,aportacio,665eur,diners,recollits,fira,tio,2018,venda,tions,finalitat,ajudar,,rebost,solidari,frescos,	0
772	moment,favorit,gaudir,cervesa,,aperitiu,vespre,,	0
773	casernes,guardia,civil,policia,nacional,catalunya,penjant,retrats,tcunillera,just,costat,borbo,felip,estapassant	0
774	accidente,mortal,trabajador,molins,,barcelona,	0
775	[?],falten,2,inici,partit,,,consulta,saber,tornada,copabarca,,forcabarca	0
776	monestir,santcugat,acull,exposicio,fotografies,antigues,festivitat,sant,antoni,municipi	0
777	senior,masculi,cblagarriga,retroba,victoria,badalones,abandona,posicions,descens,directe,lagarriga	0
778	rbewc,salo,firabarcelona,mon,retail,fa,debut,square,nyc	0
779	albanodante76,tamborras,treballeu,ciutadania,podeu,mirar,costat,,,	0
780	rogssj9,jugo,dissabte,9,molins,pero,veig,animat	0
781	,pregunta,setmana,,vertader,fals,,,alcohol,fa,tinguis,fred,,	0
782	gaudeix,golfes,chill,out,,opcions,facils,economiques,gaudir,golfes,convertintla,espai,chill,out,,,mueblessayez,leroymerlines,buhardilla,golfes,chillout,espaichillout,desconnexio,elteuraconet,idees	0
783	laxarxaxanante1,mariajosbarrer6,armillesg,fofitron,3,3,,,,seguiume,companys,,,	0
784	canvia,finestres,ajuts,consorci,metropolita,habitatge,40,	0
785	noms,santboi,cultura,museu,exposicio	0
786	psoe,extremeny,desafia,pedro,sanchez,aprova,aplicar,155,catalunya,psoe,d'extremadura,dir,s'ha,catalunya,espanya,nascut,pensa,decidir,catalunya,decidir,catalans,	0
787	lizards,torredembarra,reprenen,,activitat,torneig,benvinguda,2019,flagfootball	0
788	adrian,balboa,abandona,terrassa,balanc,524,minuts,disputats,gol,marcat,,santfeliuenc,,,qualitats,jugador,determinant,	0
789	jmartigalbis,bruixa,barjaula,galtes,ignorant,,evidentment,vividora,sistema,	0
790	bisbal,penedes,espera,local,social,miralba,punt,gener,tgndigital	0
791	crossover,sagues,iconiques,cienciaficcio,alienvspredator,segueix,equip,paleontolegs,arqueolegs,atrapats,batalla,especies,alienigenes,,projectarem,dilluns,21,gener,forums,fnacilla,fnactriangle,18,,00h,	0
792	estoneta,balcosercat,parlant,turroc,habitatge,ocupacions,habitarlatrinxera	0
793	punt,8,,gent,tourette,fantasmes	0
794	jondesenk,tracta,vulgui,,tracta,vulgui,ciutadania,respectare,carrec,electe,cup,vulgui,assistir,oficio,religios,	0
795	"""canviaria,,expressio,empatia,social,empatia,radical,,anar,,arrel,problema,,arrel,problema,,estigma,,"",edgar,munoz,president,obertament,noalestigma,fragilemovement,libreriaalibri"	0
796	suport,gilette,cavernicoles,deixin,comprar,productes,seguire,fentho,rao	0
797	"""els,gossos,antidroga,entren,classe,,institut,girona,[?]diariara[?],"",fracassat,educativament"	0
798	aramateix,cccalisay,reunio,veinat,doedes,presentant,projecte,,obres,arenysdemar	0
799	,cultura,,angel,morillas,coordinador,patrimoni,mundial,unesco	0
800	clar,,sembla,referendums,2,2,serviria,veure,consequencies,aplicar,resultat,dades,objectives,definitiu,,,brexit,scotland,1oct	0
801	"alocix,resultats,,jornada,12a,copacatbq,txelldomec,destacats,anotacio,medina,plomssallereus,35,jorda,cbartes,25,quiros,basquetripollet,25,vilanova,basquetripollet,25,franch,maristesadema,25,martinez,cbmollet,""b,"",25"	0
802	nevadorubio,gorda,	0
803	dc23gen,124,20,,00h,124,flauta,magica,barcelona	0
804	vespre	0
805	,actualitzacio,,,261303,govern,,198044,catalangov,diferencia,,63259	0
806	inventar,sant,esteve,roures,orni,mentit,moltissimes,vegades,sorpresa,,algo,vingui,rates	0
807	comissaria,policia,nacional,cerdanyola,pintades,rebuig,laforjacdv,bellaterra,cerdanyola,uab,santcugat,santquirze,sabadell,valles,vallesoccidental	0
808	demanda,sol,impulsa,centres,logistics,demarcacio,tarragona,elcamp,empresa,reusdigital	0
809	900,persones,iniciat,formant,nova,caravana,migrant,8000,km,separen,hondures,dels,sumaran,migrants,detenen,mexic,esperant,condicions,infrahumanes,sol*licitud,asil,part,dels,trump	0
810	esport,jordi,rovirosa,angie,bach,rtve	0
811	,acord,governs,catala,espanyol,crear,espai,dialeg,partits,,connectem,raicasmar,,fem,tertulia,,emparmoliner,,xabibarrena,,ferclopez,,creusjordi,,oscarcatradio	0
812	elisabetct,joanpera,preparat,espectacular,nit,descobrireu,espot,dels,premisgaudi,academiacinecat,estrena,llarg,tnvespre,magia,acompanyi,,enscalelvostrecinema,	0
813	porta,senyor,valls	0
814	tv3cat,dit,vegades,noticies,detenir,persones,ordre,judicial,il*legal,ordre,judicial,detenir,excepcions,exemple,persona,aforament,decisio,purament,policial,	0
815	,enquesta,124,jugadors,creieu,jugar,capgirar,eliminatoria,llevant,,barcallevant,fcbbeteve	0
816	tinc,posada,reproduccio,aleatoria,cancons,cotxe,,usb,dec,tenir,40gb,musica,milers,cancons,acaben,sonar,seguides,versio,original,tinc,concert,canco,,stolen,bruce,springsteen,dada,inutil	0
817	agarciasagarra,santiaggrogb,xriusenoticies,societatcc,cupnacional,enoticiescat,aturat,neurona,queda,pesol	0
818	benettatxo,caputxa,se,propera,anire,barret,ulleres,bigoti,faci,falta,	0
819	jordicanyas,unionistaesp,gabrielrufian,actuals,dissenyar,ministre,espanyol,1833,,javier,burgos	0
820	castellarpablo,puc,viure,opinion,maura	0
821	cas,barca,,article,563,codi,disciplinari,,article,761,764,codi,disciplinari,,article,26,codi,disciplinari,,principi,,esportsrac1,fcbrac1	0
822	galeria,124,,viscut,sabadell,dia,sant,antoni,abat,recupera,,imatges,instagram,,rogerbr21	0
823	homenatge,persones,representen,memoria,viva,sindicat,ccoo,ccoovocccatc,ccoocatalunya,mribelayndoming,pachecojpacheco,ccoo,montseros	0
824	totcosta,costa,creure,carles,naval,fumut,pota	0
825	presenta,taula,entitats,socials,salt,,tess,,treballar,xarxa,ciutadania,municipi,generar,espais,accio,coordinacio,organitzacions	0
826	jzaragoza,te,vergonya,	0
827	lluis,marce,,,nh,impulsar,cooperatives,parlant,gent,sitges,cedim,terreny,posicio,demandants,avis,,plesitges	0
828	jzaragoza,recordo,anys,70,sortir,pais,veure,retols,catala,recordo,emocionava,anar,andorra,veure,benvinguts,	0
829	jordiborras,esperar,lopinio,dels,colons,colonitzats,,csgohome	0
830	neandertals,catalunya,museudereus,patrimonicultural,reuscultura	0
831	rector,udg,dona,suport,tancada,dels,estudiants	0
832	,ajuntament,financara,milio,,euros,rescats,mediterrani,,open,arms	0
833	,prohibit,posar,examens,sant,antoni,	0
834	fadeta,bufona	0
835	gracies,tu,csecnarf76,compartir,acompanyar,,xarxacb	0
836	activistes,andalusos,visiten,lledoners,emulant,visita,blas,infante,companys	0
837	busco,clau,regne,cancons,lapegatina	0
838	pimpampum,institucions,patums,n,franctiradors,cat,acabaran,disparantse,ells	0
839	amic,comparteix,malediccions,,fantasmes,fotosensibles	0
840	aleixsarri,clar,aigua,	0
841	presentacio,llibre,'flora,tristan,,filosofa,social,immerescudament,desconeguda,recuperem,gracies,treball,conxa,llinas,carmona,collsamata,jaimesllibreria,feminisme,dones,filosofia,llibres	0
842	convencut,unio,ierrejon,manuelacarmena,bo,tinguin,exit,sort,encerts,,,	0
843	escolajoanmiro,esterforne,escrit,bonic,,,,fa,orgull,llegir,,,bona,feina,felicitats,,,,,	0
844	llenguacat,catencomupodem,parlamentcat,elperiodicocat,publicoes,naciodigital,elnacionalcat,diariara,elpuntavui,vilaweb,cupnacional,juntsxcat,esquerraerc,anar,oficina,habitatge,,assessorament,energia,llar,,ajuntament,placa,salvador,segui,noia,atendre,sabia,volia,,,contestarme,catala,vegada,trobo,bcnajuntament	0
845	caverna,blanca,possible,alineacio,indeguda,chumi,,copadelrey,barcalevante	0
846	grip,arriba,nivell,epidemia,catalunya	0
847	piolins,apallissaren,posa,carmen,,pagar,deute,hisenda,pel,frau,fiscal,segueixes,tributant,franca,,patriotes,	0
848	juancladeramon,magnifica,absolutamente,tensionada,	0
849	joantarda,lliure1714,veus,comenca,dient,voleu,sacrificar,vot,emes,ddhh,tirna,boomerang,acabes,rls,sacrificats,volem,serho,sacrificar,tracta,decidit,sacrificar,sacrificador,,autoritat,moral,politica,fa,perdre,	0
850	xyder77,joancami,piatti,entenc,segueix,confiant	0
851	nadiabp71,espero,,tibi,fort,fa,rai	0
852	pachonroser,teatre,dolent	0
853	tribunadegirona,enric,fernandez,diu,2018,podria,acabat,millor,2019,comenca,incerteses,,guerra,comercial,usa,xina,brexit,italia,	0
854	enricjuliana,ctxtes,acertadissimo,articulo,encertadissim,diagnostic,evolucio,pensament,dels,<<,intelectuals,>>,espanyols,gracies,enric	0
855	miaghilla,javierborr,cigxustiza,xaviervilanova1,entenc,tothom,magoa,monolinguismo,remedio,,mononeuronismo,,,agur,	0
856	totcosta,acaradeperro,rao,veure,madrid,cantaven,chirigotas,part,gracia,,	0
857	davidvinyals,tenen,minima,intencio,complir,mandat,democratic,1,octubre,fan,veure,referendum,existir,mai,ramontremosa,govern,pdemocratacat,esquerraerc,vergonya,	0
858	taller,cuina,cicle,inicial	0
859	amnistia,internacional,observadors,tinguin,espai,sala,judici,1o	0
860	castellarpablo,mica,limitar,ignorar,gent,publicitar	0
861	mare,parir,,fiscalia,presenta,video,manipulat,guardia,civil,prova,judici,,1o	0
862	",""la,diada,sant,antoni,minut,minut,"",,repasseu,passat,dia,diaridesabadell,"	0
863	estrelletafugu1,persegueixo,dia,trobare,	0
864	espanistan,,fa,governi,pp,psoe,,merda	0
865	vegada,noubicing,veredicte,,,,costa,agafardeixar,bicis,explicat,estacions,bicicletes,pesen,direu,seients,producte,mesos,investigacio,trobar,disseny,ergonomic,simplement,incomodes,bicibcn	0
866	clar,eixampla,base,catalanofobs,podem,cardar,camp,espanya,puta,vegada,,,,,,,	0
867	,recomano,descobrir,obra,literaria,te,musica,interior,escrit,jordicampoy,titula,noia,violoncel,,moment,avanco,sona,llibre,	0
868	calma,aniran,artadi,aragones,demanar,taula,dialeg,permanent	0
869	llauge1950,berlustinho,totalment,dacort	0
870	montserrat11091,nota,dels,nervis	0
871	"melos,,espatlla,cabrit,feina,focaccia,fulles,""migas,"",pedro,ximenez,124,plats,,hivern,12,coccio,124,somgastronomia,124,meloso,cabrito,focaccia,..."	0
872	troben,parella,granota,solitaria,mon	0
873	jcoscu,home,cup,democratacristians,exsocialistes,socialdemocrates,pluralisme,ideologic,independentisme,	0
874	apart,classic,,para,jodan,esos,polacos,mierda,,demanen,estremenys,155,,poble,genolls,dificil,trobar,	0
875	enformacio,museupicasso,vts,estrategies,pensament,visual,treballar,,aula	0
876	gallifantes,relojero781,crec,es,vergonya,	0
877	usuku,jamessm,valldoreix,empresari,	0
878	buenuuuu,,bon,comencament,	0
879	senyor,respon,,dels,llacos,grocs,penseu,vostre,gilipolles,,sentit,ofesa,,posat,auriculars,ignorat,discurs,	0
880	chloehphillips,chloe,agradaria,gent,porta,50,anys,parles,meitat,,aprendre,llengua,nova,complicat,requereix,constancia,esforc,demostrat,seguiras,tenint,comentaris,llegeixis,	0
881	liquid,cau,cel,polles,	0
882	consell,diu,estudiis,secrets,enlla,cop,reps,titol,erudit,paranormal,diuen,flipis,tampoc	0
883	fotli,,,,embolica,fa,fort,,,diuen,castella,,,eramos,pocos,pario,abuela,,	0
884	mariadeciurana,martamadrenas,esquerraerc,juntsxcat,parlamentcat,salutcat,,equivoques,,proximitat,fet,trobar,metge,centre,faciliten,coses,hipertrofiar,guell,solucio,	0
885	turull,rull,forn,mostren,,plena,disposicio,interes,,compareixer,comissio,155	0
886	almeetrah,puigfigueras,paquifer1969,se,saps,funerals,fan,acudits,diu,instint,supervivencia,	0
887	equivalent,passa,instancia,,relacio,governempresa,,dimissions,cessaments,,xapen,,empresa,,vaja,torna,treballar,admin,canvi,dgaia,,mima,,,fundacions,,,expliqueu,,contrapartida,	0
888	diu,aixo,,diu,paga,negre,fas,boicot,	0
889	mira,fan,franca,,curios,	0
890	barcelona,,passat,present,capitalismecolonial,coneix,passat,dificil,entendre,present,201,las,18h,palau,ruta,capitalismecolonial,antropologies,tanquemelscie,sindicatomanter	0
891	iblzr7,diegothekinggg,guau,guau	0
892	mor,poeta,mary,oliver,83,anys,arallegim	0
893	elespanolcom,cagar,via,,,,,cagar,tranquils,velocitat,perill,atropellament,	0
894	greu,facin,detencions,ordres,clares,trist,objectiu,posar,por,cos,espanteu,ciutadanscs,	0
895	saben,marxem,tenen,perdre,,pero,queda,lleig,	0
896	laurammate,pendent,molat,fragment,passat,	0
897	iniciem,bigdatapdecat,pdemocratacat,carlesagusti,xtomas	0
898	rogertorrent,esprintant,complir,mandat,pohahahahhahahaha,fotent,canya,racio,calamares,fumantse,puro,	0
899	elisenda66,cosa,pap,emigrant,	0
900	millor,exemple,edat,pitjor,,10yearcallenge,spiderman	0
901	catalunya,tornara,atur,previ,crisi,2020	0
902	lavanguardia,problemes,reals,dels,extremenys,inesarrimadas,	0
903	pastoral,124,amics,,companys,aventures,confidents,col*legues,carregats,tendressa,,estimem,respectem,,diu,tradicio,sant,antoni,abat,rebut,benediccio,,josocdelsantpau,animalsjustwanttobeloved,	0
904	scristobaljane,masses,hidrats,carboni,sucres,afegits,	0
905	clubcandado,ginebraconhelio,club,paio,	0
906	assemblea,emocionant,arribar,causa,lluita,llibertat,catalunya,independent	0
907	portetbruguera,martamadrenas,govern,gironacat,agradaria,barcelona,tenir,alcaldessa,,,aniria,tenir,alcaldessa,	0
908	vilaweb,marlaska,segur,vols,dir,,dretes,	0
909	'gramatica,llengua,catalana,,internet,versio,simplificada	0
910	xavibuntu,miccatalunya,veus,contradiccio,estudies,historia,adoctrinada,espanyola,clar,pero,almogavers,gran,majoria,catalans,lluitaven,catalunya,pels,territoris,conquerits	0
911	equipaments,son,fonamentals,cohesio,social,municipi	0
912	,,marxa,20,,30h,info,tertulia,sinconcesiones,fcbarcelona,ciriamarc,iurisport,ricardo,aparicio,madridista,alex,alvarez,1069,fm,,tv,app,tunein	0
913	audiencia,nacional,reobre,causa,acompanyants,puigdemont	0
914	makamuki74,monfortxavi,terres,terratinents,deixen,treballar	0
915	tallers,cicle,inicial,fent,comics,app,comic,strip,,descarregat,tablets,exemples,grup,semblen,,	0
916	elpetergriffinn,segador64,patates,seguen,burro,,creieu,putes,urbanites,serieu,capacos,sobreviure,minut,camp,dropulas,,espera,patates,mercadona,,veig,perdudet,	0
917	diu,pensen,,,ordena,capital,reino,	0
918	chloehphillips,final,sents,treus,maxim,aprendre,idioma,passar,italia,base,converses,diccionari,motivacio,tinc,nivell,	0
919	gracefulcoder31,frivax22,mesos,aguantara,nevera,,fa,sidebets,	0
920	assajant,girafes,monodebadalona,fent,extra,popular,pontdelpetroli,precios,hivern,decorat,nous,joves,actors,noves,gires,,asociacionpatea,playcatalan,artsdecarrer,escenafamiliar,irllull,bdncom,anisdelmono,zorrillabdncat,obsidianaa	0
