2018-08-07 17:35:38,🍷🍷🍷 Quan una persona ingereix begudes alcohòliques li disminueix la capacitat d’atenció i de processar la informaci… https://t.co/S0Y8MY5aGc
2018-08-07 16:47:42,"ℹ El Servei Català de Trànsit coordina una nova campanya de control de la velocitat excessiva, efectiva durant tota… https://t.co/vVcavd6zoR"
2018-08-07 15:33:18,✅ Situació normalitzada en aquest punt de la C-17 @transitc17 https://t.co/y1yQDhrmKC
2018-08-07 15:08:25,⚠ Accident a la C-17 @transitc17 a Montcada que talla un carril en sentit Nord i provoca més d'un quilòmetre de ret… https://t.co/FFMLy88Nwl
2018-08-07 14:01:30,✅ Situació normalitzada en aquest punt de la C-17 @transitc17 https://t.co/2iD69kl4EY
2018-08-07 13:59:13,RT @bomberscat: (Nota de Premsa) Actualització de l'informació de l'#IFCabradelCamp #bomberscat https://t.co/68nFfjoDXf https://t.co/OlUDZT…
2018-08-07 13:51:46,El Servei Català de Trànsit informa que el conductor d’una furgoneta ha mort en una col·lisió frontal a l’N-340 a A… https://t.co/8Y68zdB1XW
2018-08-07 13:34:02,"🚴‍♀️🚴‍♀️🚴‍♀️ Ciclista, evita passar entremig dels cotxes i ves sempre en línia recta: https://t.co/hvTKSvTvEg"
2018-08-07 13:04:04,✅ Situació normalitzada en aquests punts de la C-17 @transitc17 https://t.co/op0shcKZRV
2018-08-07 12:48:02,RT @mossos: Condueix triplicant la taxa d'alcoholèmia permesa i havent consumit cocaïna i s'accidenta a Sant Feliu de Guíxols. Detenim el c…
2018-08-07 12:30:23,@6qcara Gràcies per l'avís i la informació!
2018-08-07 12:29:30,⚠ A la C-17 hi ha un carril tallat a Lliçà d'Amunt en sentit Vic per un vehicle avariat. Congestió. Compte!… https://t.co/sJwVEDJ3OI
2018-08-07 11:59:25,✅ Situació normalitzada en aquest tram de l'AP-7. @transitap7 https://t.co/VpSGONzOdN
2018-08-07 11:53:11,⚠🚧 A la C-17 hi ha un carril tallat a Montcada i Reixac i també a la Llagosta en sentit Vic per obres. Retencions.… https://t.co/im8YB8hEOv
2018-08-07 11:23:16,"‼️ 🎛 Aquesta setmana coordinem una nova campanya de control de la velocitat excessiva. Recorda, ara i sempre, respe… https://t.co/vmwxHDOG8d"
2018-08-07 11:17:39,⚠ A l'AP-7 hi ha un carril tallat a Mollet del Vallès en sentit sud per un vehicle avariat. Intensitat. Precaució!… https://t.co/LXoNVNeSaR
2018-08-07 11:15:38,⚠ A l'A-2 hi ha un carril tallat a Esparreguera en sentit Lleida per un vehicle avariat. Intensitat. Compte!… https://t.co/eNAgNSdZhl
2018-08-07 10:22:43,RT @mossos: Denunciem el propietari i el conductor de dos camions que tenien la mateixa matrícula. El camió amb matrícula duplicada no teni…
2018-08-07 09:48:41,"🌞🚗Recordreu sobretot, atès que es manté l'alerta #PROCICAT #onadadecalor: 
💦Hidratar-vos, portar aigua o begudes fr… https://t.co/8De4eiKOvk"
2018-08-07 09:02:02,❌🍹🍻 L'alcohol i les drogues provoquen alteracions en l'organisme que fan que siguin incompatibles amb una… https://t.co/DygLdeky0z
2018-08-07 08:41:45,✅ Ja s'ha obert el carril tallat per #avaria a l'A-2 a Abrera➡Lleida @transita2 https://t.co/uU7jmXwUtR
2018-08-07 08:40:08,"🌧Davant previsió intensitat #pluja recorda, si et sorprèn conduint, aquests consells: 
➡️ modera velocitat 
➡️ augm… https://t.co/5NUI1FcP6o"
2018-08-07 08:23:12,⚠ L'#avaria d'un vehicle talla un carril de l'A-2 a Abrera ➡ Lleida @transita2 https://t.co/YfpKKMbAZZ
2018-08-07 08:20:43,ℹ✅ Restablert el trànsit a l'N-340 a Alcanar. Compte! Se circula amb retencions en un tram de 3km en ambdós sentits… https://t.co/0i4vdrkeHN
2018-08-07 07:06:00,✅ Ja s'ha obert el carril tallat a la B-20 per aquest tram en #obres ➡Nus del Llobregat @transitb20 https://t.co/CNglOUWXcD
2018-08-07 06:59:16,⚠ Ara es dóna pas alternatiu ↔ a l'N-340 a Alcanar per aquest #accident @transitn340 https://t.co/6XUh1wrhbh
2018-08-07 06:52:17,"RT @bomberscat: Activades 5 dotacions #bomberscat per aquest accident, en el qual han xocat forntalment una furgoneta i un camió. https://t…"
2018-08-07 06:52:01,ℹ⚠⛔L'N-340 a Alcanar #Montsià es manté tallada al trànsit ara per la retirada dels vehicles accidentats @transitn340 https://t.co/vUq6lPir14
2018-08-07 06:10:00,⚠🚧 A la Ronda de Dalt o B-20 hi ha un carril tallat a la Vall d'Hebron en sentit Llobregat per obres. 1km de retenc… https://t.co/KBBNyZfx5y
2018-08-07 06:04:01,Bon dia! ⚠⛔ L'N-340 està tallada a Alcanar (Montsià) en tots dos sentits per un accident. Precaució! @transitn340 https://t.co/04NgjcYqiy
2018-08-06 19:00:02,Ara hi ha molta calma a la xarxa viària catalana. Seguiu en aquest enllaç tota la informació:… https://t.co/rMUTDkNgfE
2018-08-06 18:30:32,El consum d'alcohol i drogues combinat amb la conducció ja es considera un dels principals factors concurrents de l… https://t.co/g2v5XplEOw
2018-08-06 17:50:26,"@Dicveritats Hola. Ens han informat d'un accident a l'N-154 al punt quilomètric 3,3. De moment no tenim més dades."
2018-08-06 17:42:07,✅ Situació normalitzada en aquest tram de la C-32 @transitc32sud https://t.co/ezNhtj0XfA
2018-08-06 17:38:51,[Nota] A + velocitat= + risc d’accident i lesions + greus. Nova campanya de control de la velocitat: https://t.co/6IA4zEYSDp
2018-08-06 17:10:00,⚠🚙🚐🚗 Un vehicle avariat a la C-32 a Sant Boi talla un carril en sentit Barcelona i provoca una cua de 3km. També hi… https://t.co/RqEUJh2y8d
2018-08-06 16:15:05,"@sitajxc Disculpa el retard. Ens indiquen que hi ha un accident a la C-65 al pk 28, a Girona, en sentit Quart. No en tenim més dades."
2018-08-06 14:36:39,"ℹ Per a una #ConduccióSegura , conductors i ciclistes seguiu aquests consells:
https://t.co/saWNCUxsVv"
2018-08-06 14:27:40,✅ Normalitzat el trànsit en aquest punt de la xarxa viària. https://t.co/olb1u0IpZL
2018-08-06 13:44:11,Tots els carrils oberts en aquest tram de la C-14. https://t.co/tbKKpA5h2j
2018-08-06 12:29:31,⚠⛔ Tallada la C-14 a Coll de Nargó #AltUrgell per #accident @transitc14 https://t.co/Sc4AWJ9SuE
2018-08-06 12:16:30,✅ Completament normalitzada l'A-2 a Òdena en direcció Lleida @transita2 https://t.co/SrRagHKlOj
2018-08-06 11:43:19,[Nota] El Servei Català de Trànsit coordina una nova campanya de control de la velocitat excessiva https://t.co/5qsu9OMQh8
2018-08-06 11:42:05,⚠ Un carril tallat a l'A-2 a Tàrrega ➡ Barcelona a causa d'un vehicle #avariat. Se circula amb intensitat @transita2
2018-08-06 11:27:17,"🔴 A l'A-2 a Òdena➡Lleida:
✅ Obert el carril tallat per #avaria
⚠🚧 es manté un carril tallat per tram en #obres a l'… https://t.co/lXp1w4NvyK"
2018-08-06 11:03:58,"Hola @carmerieramin, en aquest tram de la C-15 no consta cap afectació destacada que provoqui aquesta retenció. Grà… https://t.co/uziWGogET2"
2018-08-06 10:45:47,⚠ A la BP-5002 a Vilanova del Vallès #VallèsOriental es dóna pas alternatiu↔ per #accident https://t.co/tg5a5sDh6I
2018-08-06 10:40:50,"🛤 Si marxes o tornes de vacances, recorda durant el trajecte:
✅ Corda't el cinturó
✅ Corda't el casc
📵 No utilitzis… https://t.co/Cxc6zTmn4g"
2018-08-06 10:40:06,✅ Situació normalitzada en aquest tram de la C-31. @transitc31sud https://t.co/uIG6KoMMyv
2018-08-06 10:20:19,"⚠🚧 A l'A-2 hi ha afectacions viàries a Òdena➡Lleida:
▶un carril tallat per tram en #obres al quilòmetre 555
▶un car… https://t.co/GPag1zHhQA"
2018-08-06 10:15:48,✅ Ja s'ha obert la C-25 a Espinelves #Osona➡Girona @transitc25 https://t.co/hYjJTnzIBd
2018-08-06 09:46:26,⚫️ La C-25 està tallada a Espinelves (Osona) en sentit Girona per un accident. Precaució! @transitc25
2018-08-06 09:21:20,⚫️ La TV-3022 està tallada a Rasquera (Ribera d'Ebre) en tots dos sentits per l'accident. https://t.co/0iBXYQBMRZ
2018-08-06 08:49:32,✅ Ja s'ha obert a la B-20 el carril que estava tallat a l'altura de Vall d'Hebron per un tram en #obres en direcció… https://t.co/CmZ3cgm4fl
2018-08-06 08:29:48,⚠ Un #accident a la C-31 a l'Hospitalet de Llobregat talla dos carrils. Només hi ha un d'obert en direcció Castelld… https://t.co/P2m78pQ100
2018-08-06 07:49:16,"Bon dia @Jponsmiguelez, gràcies per la informació, s'ha fet l'avís per tal de resoldre la incidència al més aviat p… https://t.co/eqzv7B31fE"
2018-08-06 07:01:38,"🔴🌞🌞Recordeu prendre mesures en la conducció davant alerta #PROCICAT #onadadecalor:
💦Hidrata't, porta aigua o begude… https://t.co/KnQ9ufTFae"
2018-08-06 06:42:49,ℹ Ara consten trams de retencions a l'A-2 a St Joan Despí➡Barcelona enllaç C-32/B-20 i a les Rondes➡Nus del Llobreg… https://t.co/YqW40J97x2
2018-08-06 06:26:16,✅ Normalitzada la circulació a l'N-230 a Vilaller #AltaRibagorça a on es donava pas alternatiu↔per #avaria… https://t.co/AJGU5jv6qG
2018-08-06 06:02:53,⚠🚧 A la Ronda de Dalt o B-20 hi ha un carril tallat a la Vall d'Hebron en sentit Llobregat per obres. Uns 3km de re… https://t.co/v4o04j4owG
2018-08-06 05:57:50,Bon dia! ⚠️ A l'N-230 es dóna pas alternatiu a Vilaller (Alta Ribagorça) per un camió avariat. Precaució! @transitn230
2018-08-05 19:00:00,"A partir d'ara, podeu seguir l'evolució de les incidències viàries al web 👉 https://t.co/uZFoqxRnXQ Bona nit i molt… https://t.co/yBADawRlLw"
2018-08-05 18:54:51,🔴 Retencions a la C-55 a Castellgalí ➡️ sud @transitc55
2018-08-05 18:53:49,⚫️ Tallada la C-28 a Naut Aran per #esllavissades https://t.co/lQtAhmoi7d
2018-08-05 18:00:54,📄 Balanç de les incidències viàries més destacades del cap de setmana del 3 al 5 d'agost 👉 https://t.co/UGxftkMozA… https://t.co/g79HUWL8ym
2018-08-05 17:11:00,"ℹ️ En aquests moments, es produeixen #retencions en diversos trams de l'AP-7, N-340, C-16 o C-65, entre d'altres. C… https://t.co/A0ELz4032B"
2018-08-05 16:17:29,"@esolerma En aquests moments, hi ha 1-2 km retencions intermitents per arribar a la Roca"
2018-08-05 16:16:18,⚫️ Tallada l'N-240 a Montblanc per una manifestació @transitn240 https://t.co/wkgP9fLj2D
2018-08-05 16:14:14,🔴 #retencions a la C-16: 4 km a la Nou de Berguedà i 5 km a Berga ➡️ sud @transitc16 #mobilitat #retorn
2018-08-05 13:52:02,‘Game Over’: accidents que poden evitar altres accidents 👉 https://t.co/r0VnsKJMfC @IGuttmann @JuliGendrau https://t.co/rBAaV6H4mZ
2018-08-05 13:45:53,⚠️ Un carril tallat a l'AP-2 al Pla de Santa Maria ➡️ Lleida per un #incendi proper a l'autopista @transitap2… https://t.co/xbRAUAJEQd
2018-08-05 13:41:26,✅ Normalitzada també la circulació a la C-31 al Vendrell @transitc31sud https://t.co/TjGo15o3D8
2018-08-05 12:38:53,ℹ Els #ciclistes són més vulnerables. Seguiu aquests consells i normes de seguretat viària. Practiquem tots una… https://t.co/yyWUoiRv9q
2018-08-05 12:33:49,✅ Circulació normalitzada en aquest punt @transitc14 https://t.co/PU2V12mBuU
2018-08-05 11:55:19,⚫️ La C-31 està tallada al Vendrell per aquest #incendi @transitc31sud  #precaució https://t.co/WLfj2LpqgN
2018-08-05 11:39:29,⚠️ Es dóna pas alternatiu a la C-14 a Montblanc per un #accident @transitc14  #precaució
2018-08-05 11:18:15,📄 El Servei Català de Trànsit informa que dos ciclistes han mort en una col·lisió a la T-310 a Montbrió del Camp (B… https://t.co/jYzc7R5h0b
2018-08-05 10:17:52,"RT @icscat: Aquestes vacances, segueix els consells de seguretat i sobretot molta precaució quan agafis el cotxe! #EntreTotsFemSeguretat @t…"
2018-08-05 10:17:28,✅ Reoberta la circulació en aquest punt de la T-310 https://t.co/GF4OvNgVf4
2018-08-05 09:33:17,📄 El Servei Català de Trànsit informa que la passatgera posterior d’una motocicleta va morir ahir en una col·lisió… https://t.co/zSC7oN86VJ
2018-08-05 08:04:25,"⚫️ Tallada (fins a les 23 h) la TV-3421 a Mas de Barberans en els dos sentits, per la celebració de la fira 16è Rac… https://t.co/bG8lKTtNk4"
2018-08-05 08:02:59,⚫️ Tallada la carretera T-310 a Montbrió del Camp per #accident. Es fan desviaments senyalitzats https://t.co/xzCecWgroN
2018-08-04 18:10:53,"ℹ️ A partir d'ara, segueix l'evolució del #trànsit al web d'incidències 👉 https://t.co/VDdUO0UjoB Bona nit i molta prudència a la carretera!"
2018-08-04 18:06:22,"@transit
🚴‍♀️ Ciclista: sigues visible i previsible! Segueix aquests consells per circular amb seguretat 👉… https://t.co/MisGWsl3DF"
2018-08-04 18:01:21,"@jordicodol @jmartinoy @transitap7 Sí, ja s'ha reobert la circulació en sentit sud"
2018-08-04 17:50:50,✅ Reoberta la circulació a l'AP-7 a la frontera amb França ➡️ sud @transitap7 https://t.co/31jUGISfUE
2018-08-04 17:30:06,"⚠️ En aquests moments, hi ha 2 carrils tallats ↔ en cada sentit i #retencions 2 km ➡️ GIR i 4 km ➡️ BCN… https://t.co/YJhdmO8Ftm"
2018-08-04 17:21:13,🔴 3 km #retencions a l'AP-7 a la Jonquera ➡️ França @transitap7
2018-08-04 17:18:38,"@e_llimos @bomberscat Bona tarda, es preveu que es pugui restablir el trànsit en sentit sud en breu"
2018-08-04 17:17:56,"@jmartinoy @transitap7 Bona tarda, ens informen que es preveu que es pugui reobrir el trànsit de l'AP-7 en sentit sud en breu"
2018-08-04 17:11:39,🔴 Retencions a la C-32 a Argentona en ↔ els dos sentits de marxa @transitc32nord
2018-08-04 17:03:36,✅ Circulació normalitzada en aquest punt @transitn2 https://t.co/XLDwceDPuG
2018-08-04 16:23:57,ℹ️ Ara l'AP-7 només està ⚫️ tallada a la frontera amb França ➡️ sud @transitap7 https://t.co/7dSIZcAth5
2018-08-04 16:02:51,⚫️ Es manté tallada l'N-II al Far d'Empordà en els dos sentits per #accident @transitn2
2018-08-04 16:00:44,⚫️ L'AP-7 està tallada ara en els dos sentits a la Jonquera. El trànsit en sentit França es desvia cap a l'N-II… https://t.co/Je1M5LDsvB
2018-08-04 15:53:04,🔴 2 km #retencions a l'N-II a la Jonquera ➡️ França per aquest #incendi @transitn2 https://t.co/tDgwz4I2wD
2018-08-04 15:50:00,⚫️ Tallada l'AP-7 a la Jonquera (al km 0) ➡️ BCN per aquest #incendi @transitap7 https://t.co/tDgwz4I2wD
2018-08-04 14:54:18,✅ Reoberta la circulació en aquest punt de la C-14. Queda #trànsit intens a la zona @transitc14 https://t.co/HPIQS3TJJc
2018-08-04 14:24:53,⚠️ Un carril tallat a l'A-7 a Mont-roig del Camp ➡️ sud per l'incendi d'un vehicle @transita7
2018-08-04 14:22:22,⚫️ La C-14 està tallada a Reus en els dos sentits per aquest incendi #precaució @transitc14 https://t.co/VXWahF3PUS
2018-08-04 12:29:54,ℹ️ Millora general de la circulació a la xarxa viària catalana. Consulteu les afectacions viàries del moment al web… https://t.co/G8ESIIqJdS
2018-08-04 11:48:05,"RT @MiquelBuch: Aquest matí, amb la consellera @TeresaJorda, hem dit adéu al voluntari de l’Agrupació de Defensa Forestal d'Avinyonet del P…"
2018-08-04 11:47:25,✅ Millora de la circulació en el tram Sant Cugat - Papiol de l'AP-7 @transitap7 https://t.co/2jgaaOgvHS
2018-08-04 11:46:32,✅ Circulació normalitzada en aquest tram de Sarrià de Ter @transitap7 https://t.co/4puEfVxo0A
2018-08-04 11:42:33,"📄 El Servei Català de Trànsit informa que el passatger davanter d’un tractor, menor d'edat, va morir ahir en un sin… https://t.co/NWJcHvd1Np"
2018-08-04 11:15:47,"⚫️ Tallada (fins a les 23 h) la TV-3421 a Mas de Barberans en els dos sentits, per la celebració de la fira 16è Racó dels Artesans"
2018-08-04 11:10:07,"🔴 Es mantenen trams de lentitud i aturades fragmentades a l'AP-7 entre Sant Cugat del Vallès i Castellbisbal, i a M… https://t.co/pDLjmzJ47D"
2018-08-04 11:08:16,🔴 Es mantenen trams de lentitud i aturades fragmentades a l'AP-7 entre Mollet del Vallès i la Roca ➡️ GIR @transitap7
2018-08-04 11:04:58,"ℹ️ Ara només queda un carril tallat, però encara 🔴 4km #retencions ➡️ França @transitap7 https://t.co/evJZXv8MGA"
2018-08-04 10:17:36,⚠️ Un carril obert a l'AP-7 a Sarrià de Ter ➡️ França per #accident @transitap7 #retencions 2 km
2018-08-04 10:03:55,🔴 Retencions a l'AP-7 a Martorell ➡️ TGN @transitap7 #mobilitat #capdesetmana
2018-08-04 10:02:15,"ℹ️ El carril ja és obert, però queden 🔴 #retencions intermitents ara entre Sant Cugat i el Papiol ➡️ TGN @transitap7 https://t.co/KpwyCz5tAq"
2018-08-04 09:57:24,"ℹ️ Tots els carrils oberts, però resten #retencions intermitents 🔴 de Santa Perpètua de Mogoda a Vilanova del Vallè… https://t.co/8yXLAIUh2R"
2018-08-04 09:55:19,🔴 Cues a la C-32 als Túnels del Garraf ➡️ TGN per regulació del trànsit. Hi ha 4 km #retencions des de Castelldefel… https://t.co/RbF9OuE0s8
2018-08-04 09:38:23,✅ Circulació normalitzada en aquest tram de la B-23 @transitb23 https://t.co/xwHD69uUHv
2018-08-04 09:28:32,⚠️ Un carril tallat a l'AP-7 a Sant Cugat del Vallès per #accident ➡️ TGN 4 km #cues des de Cerdanyola @transitap7
2018-08-04 09:26:01,🔴 4 km #aturades a l'AP-7 a la Jonquera ➡️ França @transitap7
2018-08-04 09:24:46,"ℹ️ Les 🔴 #cues augmenten a 10 km, entre Mollet i la Roca del Vallès ➡️ GIR @transitap7 https://t.co/3FFmErJObd"
2018-08-04 09:23:06,"🔴 Trams de lentitud amb #retencions intermitents a l'AP-7 a Cerdanyola, a Sant Cugat i del Papiol a Martorell ➡️ TGN @transitap7"
2018-08-04 08:53:48,🔴 Retencions a l'N-145 a les Valls de Valira ➡️ Andorra @transitn145 #mobilitat #capdesetmana
2018-08-04 08:52:31,⚠️ 2 carrils tallats a l'AP-7 a la Roca del Vallès ➡️ GIR per un #accident 6 km #retencions @transitap7 https://t.co/ZxQfSjCZu6
2018-08-04 08:19:35,"RT @govern: Amb el bon temps, augmenta la quantitat de motoristes que circulen per carreteres i ciutats 

🚘 Si vas en cotxe, respecta les m…"
2018-08-04 08:19:23,🔴 Trànsit lent amb #aturades al llarg de 2 km a l'N-340 al Vendrell ➡️ TGN @transitn340 #mobilitat #capdesetmana
2018-08-04 08:18:15,🔴 6 km #retencions a la B-23 des de l'Av. Diagonal a Sant Feliu de Llobregat ➡️ Martorell per #obres que tallen 2 carrils @transitb23
2018-08-03 19:01:36,"ℹ A partir d'aquesta hora, segueix informat de l'estat del trànsit consultant el web d'incidències viàries. Bona ni… https://t.co/7A9BYGqC06"
2018-08-03 18:59:03,🔴 La situació ha millorat en aquest tram però encara hi ha 1km de cua a l'A-2 a Igualada en sentit Barcelona.… https://t.co/5NayS3wQuo
2018-08-03 18:57:48,"🔴 Obert el carril tallat a la B-10 al Port en sentit Llobregat. Amb tot, 5,5km de retenció des de Bac de Roda. Comp… https://t.co/gJFUQ20qwq"
2018-08-03 18:54:48,🔴 A l'AP-7 ara hi ha retencions entre Figueres i Llers i entre Agullana i la Jonquera en sentit França. @transitap7 https://t.co/l41kMFSBvd
2018-08-03 18:43:10,"⚠ A la B-10 hi ha un carril tallat al Port en sentit Llobregat per un accident. 3,5km de congestió des de Poble Nou… https://t.co/6MKov8RS1q"
2018-08-03 18:41:10,"RT @bomberscat: #bomberscat hem treballat amb 5 dotacions en l'incendi d'un camió a l'A2 (pk 702), al seu pas per Caldes de Malavella. Foc…"
2018-08-03 18:39:22,🔴 A l'AP-7 ara ens consten 5km de congestió entre Vilafant i Llers en sentit França. @transitap7 https://t.co/0BnfhO84vE
2018-08-03 18:22:04,"🔴 L'A-2 ja està del tot oberta a Igualada en tots dos sentits. Amb tot, hi ha 5km de congestió en sentit Barcelona.… https://t.co/dRRhKhuXZ8"
2018-08-03 18:21:03,⚠ Un carril tallat a l'A-2 a Caldes de Malavella ➡ BCN per l'incendi d'un vehicle #precaució @transita2
2018-08-03 18:03:09,⚠🔴 Finalitzen els desviaments pels camions a l'AP-7 a la sortida 3 en sentit nord. En aquesta via es mantenen els 1… https://t.co/lYzSnE1LZR
2018-08-03 17:37:58,@PaulaSolSal Hola! ⚠🔴 L'A-2 està tallada a Igualada en sentit Barcelona i només hi ha un carril obert en sentit Lle… https://t.co/L57xO8w1cv
2018-08-03 17:35:32,@9boira10 Hola! 🔴 A l'AP-7 ara hi ha 10km de congestió des de passat Garrigàs fins a Llers en sentit França. A l'al… https://t.co/vMO9YbDnad
2018-08-03 17:20:58,⚠ Pas alternatiu a la C-14 a Alcover per #accident #precaució @transitc14 https://t.co/kXPNsxxtRt
2018-08-03 16:53:42,"@chisto1975 Bona tarda, gràcies per l'avís! Et refereixes a la carretera N-240?"
2018-08-03 16:48:04,"@HolaMariola @equipviari @Catinformacio Bona tarda, efectivament, és el que comenta la @MariLuzGx2 A causa d'un cam… https://t.co/7JcwQcnivI"
2018-08-03 16:30:31,🔴 3 km #retencions a l'N-340 al Vendrell ➡ TGN @transitn340 https://t.co/HcUpGxNorj
2018-08-03 16:17:07,"⚠🔴 A l'AP-7 ara hi ha 8km de retenció entre Borrassà i Llers en sentit nord. A l'altura de la sortida 3, s'està des… https://t.co/siS6Cl8wZA"
2018-08-03 16:10:00,👉 ‘Game Over’: accidents que poden evitar altres accidents https://t.co/r0VnsKsaR2 #EducacióViària https://t.co/mJ0gigAqWR
2018-08-03 15:58:19,"@comadelorri Bona tarda, és correcte; hi ha 6 km de cues fins arribar a la sortida 3 en sentit França, punt on s'es… https://t.co/REOjD2vH7y"
2018-08-03 15:56:27,"@Xexu85 Bona tarda, a causa d'un camió incendiat en territori francès, hi ha retencions a l'AP-7, especialment a l'… https://t.co/EjQjfMiZ0g"
2018-08-03 15:47:36,"ℹ Es mantenen 🔴 retencions per aquesta incidència a l'A-2 en els dos sentits; especialment ➡ BCN, amb més de 3 km… https://t.co/9zMCMXMCqE"
2018-08-03 15:32:56,"RT @VINCIAutoroutes: #A9 Accident entre Le Boulou et Perpignan Sud : point de situation à 17h15.
@Radio1077 @A9Trafic https://t.co/gVeZ1hQB…"
2018-08-03 15:25:31,"RT @icscat: Comença el cap de setmana i per molts també les #vacances! 
En els teus desplaçaments segueix aquests consells de seguretat i s…"
2018-08-03 15:11:27,⚠⛔ Ara està tallada l'A-2 a Igualada en sentit Barcelona per aquest accident però es fan desviaments. Pel que fa a… https://t.co/ogzypoxqj2
2018-08-03 14:56:03,"@andreumuns @transitap7 @transitn2 Bona tarda, l'alternativa a l'AP-7 seria l'N-II, però heu de tenir en compte que… https://t.co/bTGs6MLqzl"
2018-08-03 14:49:49,✅ Situació normalitzada a la C-58. El bus-VAO ha tornat al seu funcionament habitual d'entrada a Barcelona (2 o més… https://t.co/C3MhfrHO44
2018-08-03 14:36:30,"⚠ 🔴 Atenció: congestió a l'A-9, en territori francès, per l'incendi d'un camió. Això provoca 2km de cues a l'AP-7 i… https://t.co/R2mdOp8rfi"
2018-08-03 14:21:39,"🔴 Ja no hi ha cap carril tallat a la B-20 a la zona de Meridiana/Nus de la Trinitat en sentit Besòs. Amb tot, hi ha… https://t.co/kabUPyRr4d"
2018-08-03 14:13:57,"🔴 Ja s'ha retirat el vehicle avariat a  la C-58 a Montcada i Reixac en sentit Barcelona. Amb tot, encara hi ha 2,5k… https://t.co/C70TZBpFgB"
2018-08-03 14:00:10,✅ Situació normalitzada en aquest tram de l'A-2 del Bruc en sentit Barcelona. @transita2 https://t.co/L96GMB9gUj
2018-08-03 13:45:33,"@pepsoleV @transita2 Bona tarda, gràcies pel missatge! Es manté un sol carril obert en aquest punt i 1-2 km retencions en sentit BCN"
2018-08-03 13:43:45,"ℹ Per descongestionar el trànsit a la C-58, s'ha obert el bus-VAO per a tots els vehicles -excepte camions- d'entra… https://t.co/U1VokvWRaW"
2018-08-03 13:42:06,⚠ Es manté un carril tallat a l'A-2 al Bruc ➡ BCN per #accident @transita2 https://t.co/BvC4b4mcdh
2018-08-03 13:28:58,El desviament de camions ara es fa per la sortida 3 només de l'AP-7 en sentit nord. @transitap7 https://t.co/6AVkCqFXIy
2018-08-03 13:16:04,⚠ L'A-9 continua tallada en territori francès per l'incendi d'un camió. Això provoca congestió tant a l'AP-7 com a… https://t.co/UUpXGhnv4K
2018-08-03 12:54:42,"⚠ A causa d'un accident a l'A-2 a Igualada, només hi ha un carril obert en sentit Lleida i retencions de més d'un q… https://t.co/F4ylOLPDe5"
2018-08-03 12:50:02,"La incidència de la Ronda de Dalt a Meridiana afecta la C-58, amb retencions de 5km des de Ripollet, i a la Pota No… https://t.co/JFXUIJnA3k"
2018-08-03 12:47:08,"@Malalt9 @mossos A causa d'una incidència a l'autopista en territori francès, hi ha tallat el tram des del peatge d… https://t.co/cAAF3iwBeU"
2018-08-03 12:43:18,"Molta atenció, ara hi ha retencions de 10km des de Pedralbes fins a Meridiana. https://t.co/MaYAJoATnj"
2018-08-03 11:51:38,"⚠ L'incendi d'un vehicle a la Ronda de Dalt @transitb20 a l'altura de Meridiana, provoca retencions de més de 5km d… https://t.co/DV8NSzINKT"
2018-08-03 11:16:45,RT @govern: La Generalitat publica la resolució de restriccions de vehicles pesants a l'N-340 i l'N-240 i insta Foment a aprovar les bonifi…
2018-08-03 11:12:34,🔴 Un camió #avariat en territori francès provoca el tall d'un carril a l'AP-7 en aquest punt en direcció França i t… https://t.co/Om9xcB7SsO
2018-08-03 10:37:31,🚛🚙🚚 Ara hi ha 3km de retencions a l'AP-7 a la Jonquera en direcció França.
2018-08-03 09:59:01,"Davant l'alerta #PROCICAT per #onadacalor @emergenciescat recorda en la conducció:
💦Hidrata't, porta aigua o begude… https://t.co/yOlkcoEcaO"
2018-08-03 09:46:31,✅ Ja s'ha obert el carril de l'A-2 tallat a Sant Joan Despí en senti Lleida per #accident. Circulació normalitzada… https://t.co/FSr9PezOqd
2018-08-03 09:22:52,RT @territoricat: Reforcem el servei de bus dels dissabtes i del mes d'agost al Maresme https://t.co/2L5sitcFJ5
2018-08-03 09:08:22,(Nota de Premsa) La Generalitat publica la resolució de restriccions de vehicles pesants a l'N-340 i l'N-240 i inst… https://t.co/M5V9jpUPlg
2018-08-03 08:23:09,⚠ Hi ha un carril tallat a l'A-2 a Sant Joan Despí ➡ Lleida a causa d'un #accident @transita2 https://t.co/cMFdyjccCg
2018-08-03 07:41:06,⚠ Un accident a l'AP-7 a Montornès del Vallès provoca 3km de retencions en sentit Sud. https://t.co/vcP4rnOctI
2018-08-03 07:32:27,El Servei Català de Trànsit informa que la conductora d’un turisme va morir ahir en un sinistre viari a la BV-2135… https://t.co/CZFjOrKq1X
2018-08-03 07:07:10,"RT @BCN_Mobilitat: Del 4 d'agost al 7 de setembre, obres al lateral mar de la gran via de les Corts Catalanes en el tram entre el c. Mèxic…"
2018-08-03 06:59:07,✅ Ja s'ha obert la sortida 2 de l'AP-7 a la Jonquera que estava tallada per tasques de neteja de la via @transitap7 https://t.co/wghMAMlIyP
2018-08-03 06:51:54,"Des de l'SCT ens unim també a les mostres de condol i volem acompanyar als seus familiars, amics i companys en aque… https://t.co/dr0oR52nLU"
2018-08-03 06:45:28,"RT @bomberscat: Assistència #bomberscat per camió amb fuita mercaderia perillosa. Petit vessament d'àcid clorhídric, neutralitzat. Tota la…"
2018-08-03 06:32:15,⚠⛔ Tallada la sortida 2 de l'AP-7 a la Jonquera en sentit sud per tasques de neteja de la via #Compte! @transitap7 https://t.co/AXeM1QjgX2
2018-08-03 06:26:44,✅ Circulació normalitzada a la C-17 a Granollers➡Barcelona a on hi havia un carril tallat per #avaria @transitc17 https://t.co/9sXrbRWDxb
2018-08-03 06:16:29,🚧🚧 Les obres a la Ronda de Dalt @transitb20 a la Vall d'Hebron tallen un carril en sentit Llobregat i provoquen 3km… https://t.co/N8RW0cpo7w
2018-08-03 06:12:14,⚠ Un vehicle #avariat talla un carril a Granollers ➡ Barcelona #Precaució! @transitc17 https://t.co/miP0cgYKXm
2018-08-03 06:03:35,"Bon dia @varverde, Gràcies per la teva informació i per seguir-nos!"
2018-08-03 06:02:08,Bon dia! Aquest matí de divendres consten retencions destacades a l'AP-7 al Papiol i a la C-58 a Barberà del Vallès… https://t.co/vVJhjFo88g
2018-08-02 18:58:21,"ℹ A partir d'aquesta hora, podeu seguir l'estat del #trànsit a la xarxa viària al web d'incidències 👉… https://t.co/U94W1oCGQd"
2018-08-02 18:48:12,✅ Obert el #trànsit de nou en aquest tram de l'A-7. Queda circulació intensa @transita7 https://t.co/ymnqHxphT0
2018-08-02 18:23:42,"⚫ Tallada l'A-7 a Vila-seca en els dos sentits, a causa d'un #accident @transita7"
2018-08-02 18:06:29,📄 El Servei Català de Trànsit informa que el conductor d’un camió ha mort en una sortida de via a l’N-340 a l’Arboç… https://t.co/rgJ1hofrcm
2018-08-02 18:03:11,🔴 Oberta ja l'N-340 però hi ha congestió a l'Arboç en tots dos sentits. Compte! @transitn340 https://t.co/wRqUMu6Lx9
2018-08-02 17:58:03,✅ Situació normalitzada en aquest tram de l'AP-7 al Papiol en sentit sud. @transitap7 https://t.co/PHn5BVPWbE
2018-08-02 17:57:21,"🔴 Obert el carril tallat a l'AP-7. Amb tot, 4km de cua entre Barberà i Sant Cugat del Vallès en sentit sud. Precauc… https://t.co/EXmP7b0SM8"
2018-08-02 17:07:08,⚠ Un carril tallat a l'AP-7 a Sant Cugat del Vallès ➡ TGN per #accident @transitap7 #retencions des de Cerdanyola
2018-08-02 16:52:17,"🔴 Obert el carril tallat a la B-10. Amb tot, ara hi ha 5km de retenció de la Zona Franca a la Barceloneta en sentit… https://t.co/QpWj6GnBh1"
2018-08-02 16:32:32,"🔴 Obert el carril tallat a l'AP-7. Amb tot, encara hi ha 3,5km de retenció entre Sant Cugat i el Papiol en sentit s… https://t.co/2edIdVkyzf"
2018-08-02 16:01:05,⚠ A la Ronda Litoral o B-10 hi ha un carril tallat al Port en sentit Besòs per un accident. Uns 2km de retenció des… https://t.co/BzldBV3aLl
2018-08-02 15:57:29,⚠ A l'AP-7 hi ha un carril tallat al Papiol en sentit Tarragona i Barcelona per un vehicle avariat. Això provoca un… https://t.co/vJH6NNIQA9
2018-08-02 15:18:30,⚠ En aquest tram de l'Arboç de l'N-340 ara es dóna pas alternatiu. Congestió en tots dos sentits. @transitn340 https://t.co/0sBp7dYgoF
2018-08-02 15:02:56,⚠⛔ L'N-340 està tallada a L'Arboç (Baix Penedès) en tots dos sentits per un accident. Aturades. Precaució!… https://t.co/fnchsYVTSU
2018-08-02 13:55:43,✅ Situació normalitzada en aquest tram de l'N-II. @transitn2 https://t.co/DGxpPIp2DR
2018-08-02 13:29:40,⚠ A l'N-II es dóna pas alternatiu a Girona per un accident. Retencions en tots dos sentits. Precaució! @transitn2
2018-08-02 12:05:21,✅ Situació normalitzada en aquest tram de l'AP-7. @transitap7 https://t.co/nVHKZFkR0d
2018-08-02 11:46:17,⚠ Un accident a l'AP-7 a la zona d'Hostalric talla un carril en sentit Barcelona i provoca un parell de quilòmetres… https://t.co/zGWHknKJ3F
2018-08-02 11:07:31,"RT @mossos: Detenim un camioner que havia perdut la càrrega del camió, per circular amb una taxa d'alcoholèmia 4 vegades superior a la perm…"
2018-08-02 11:07:13,"RT @salutcat: Quan les temperatures són anormalment altes ☀️🌡️, la #calor excessiva pot ser un perill per a la #salut. Saps què cal fer dav…"
2018-08-02 09:52:20,"RT @emergenciescat: Alerta del Pla de #ProteccioCivil de Catalunya per #onadadecalor 🌞generalitzada

https://t.co/8tB6LnXXpO https://t.co/g…"
2018-08-02 09:50:42,RT @emergenciescat: #ProteccioCivil activa el Pla #PROCICAT per #OnadaCalor generalitzada a Catalunya excepte al terç nord-oest #apc
2018-08-02 09:46:18,"🚴‍♀️🚵‍♂️ Ciclista❗ Equipa't bé quan surtis a la carretera 👌#siguesvisibleiprevisible #EntreTotsFemSeguretat
https://t.co/hvTKSvTvEg"
2018-08-02 09:04:48,✅ Situació normalitzada en aquest punt de l'A-2. https://t.co/fPih58VQGS
2018-08-02 08:35:24,⚠ A l'A-2 al Bruc hi ha un carril tallat per l'#avaria d'un camió➡Lleida #Precaució! @transita2 https://t.co/u3TsyPU4dA
2018-08-02 08:17:07,🌞🌞🌞🚙🚗 Davant l'avís de #calor recorda que en la conducció les altes temperatures poden provocar fatiga i somnolènci… https://t.co/YnmfJwOxBH
2018-08-02 06:59:54,"❗ Conductor, a la carretera una petita distracció pot generar un gran #accident 
👉 Evita #distraccions
👉 Viatja seg… https://t.co/ExOtXzf4W1"
2018-08-02 06:07:39,⚠🚧 A la Ronda de Dalt (B-20) hi ha un carril tallat per un tram en #obres a l'altura de Vall d'Hebron que provoca r… https://t.co/5hH8WYVmDq
2018-08-02 06:05:19,ℹ🚙🚗🚚 Bon dia! Retencions habituals aquest matí a les principals carreteres de l'àrea metropolitana d'accés a #BCN i… https://t.co/c2w1tDm25I
2018-08-01 19:00:00,✅ Trànsit fluid a les principals carreteres i autopistes catalanes. Seguiu des d'ara la informació en aquest enllaç… https://t.co/esMyQKys7A
2018-08-01 18:11:06,✅ Situació normalitzada en aquest tram de la B-20 en sentit Llobregat. @transitb20 https://t.co/Komqg4lYnD
2018-08-01 18:06:23,📢🚲 #Sabiesque quan els ciclistes van en grup cal considerar-los una unitat en rotondes i interseccions? Aquí tens a… https://t.co/wTGhabkwMt
2018-08-01 17:50:45,"✅ Ha millorat molt el trànsit a la Ronda de Dalt @transitb20 en sentit Besòs, només queden algunes zones lentes. https://t.co/GmByq9amDo"
2018-08-01 17:50:08,"RT @emergenciescat: NO deixis MAI un infant tancat dins del vehicle, ni per uns minuts. Les conseqüències poden ser fatals. #ProteccioCivil…"
2018-08-01 16:55:16,🔴 A la B-20 també hi ha 9km de lentitud i aturades entre Sarrià i la Via Júlia en sentit Besòs. @transitb20
2018-08-01 16:20:33,RT @barcelona_GUB: Els manifestants del sector del taxi ocupen 1 carril del Pg. de Gràcia en sentit muntanya entre el carrer de la Diputaci…
2018-08-01 16:20:18,RT @barcelona_GUB: Pg. de Gràcia sentit muntanya tallat entre Casp i Gran Via de les Corts Catalanes. Pg. Gràcia en sentit mar desviaments…
2018-08-01 16:20:12,"RT @barcelona_GUB: Actualització de les afectacions al trànsit per la manifestació del sector del taxi. 

Gran Via de les Corts Catalanes c…"
2018-08-01 15:46:05,📝🚲 🚗 Què heu de tenir en compte els ciclistes i la resta de conductors per garantir una mobilitat segura i una bona… https://t.co/vsX9lATcAJ
2018-08-01 15:31:27,ℹ⚠ A la B-20 hi ha un carril tallat a la zona de Valldaura en sentit Llobregat per obres. 1km de retenció. Precauci… https://t.co/RtEOjrktEb
2018-08-01 14:09:46,✅ Situació normalitzada en aquest tram de la C-17. https://t.co/YdJbBPQ5oA
2018-08-01 12:48:39,✅ Situació normalitzada en aquest tram de la C-66. @transitc66 https://t.co/XgLLiC68Yk
2018-08-01 12:26:06,⚠ A la C-17 es dóna pas alternatiu a Tona (Osona) per un vehicle que ha perdut la càrrega que transportava. Retenci… https://t.co/xHzjcnQFAX
2018-08-01 12:19:04,✅ Circulació normalitzada en aquest punt @transitc65 https://t.co/cwVoRMrSDH
2018-08-01 12:02:24,⚠ Es dóna pas alternatiu a la C-66 a Forallac per un #accident #precaució https://t.co/DIUTbYpj0O
2018-08-01 11:27:27,🚴‍♀️ Ciclista: sigues visible i previsible! Segueix aquests consells per circular amb seguretat 👉… https://t.co/bOVABc2G0l
2018-08-01 10:47:15,"RT @icssantacoloma: Vacances i desplaçaments. Aquest estiu, cuideu la vostra salut i seguretat. Consells per a una conducció saludable http…"
2018-08-01 10:12:10,RT @FAC_ae_cat: https://t.co/ff4Yhaz9kC Tecnologia al servei del ciutadà als nous panells de missatgeria variable @FAB_AE_BCN @aaetgna @ass…
2018-08-01 10:09:46,✅ Circulació finalment normalitzada en aquest punt @transitap7 https://t.co/v6iNwNZOuj
2018-08-01 09:32:27,✅🚙🚗🚚 Obert el carril tallat per un #accident a l'AP-7 a Cerdanyola del Vallès en direcció Tarragona. Hi ha aturades… https://t.co/ZD5vAjydzI
2018-08-01 09:23:14,RT @mossos: Circula sota els efectes de l’alcohol i drogues a 200 km/h i envesteix el control policial que el volia aturar. Dos agents feri…
2018-08-01 09:17:24,⚠ Hi ha un carril tallat per #accident a l'AP-7 a Cerdanyola del Vallès ➡ Tarragona Compte! @transitap7 https://t.co/2pF5d5m2el
2018-08-01 07:39:43,⚠ A la C-65 a Girona es dóna pas alternatiu ↔ a causa d'un vehicle #avariat #Precaució! @transitc65 https://t.co/EWh4cPkZIt
2018-08-01 07:10:07,RT @hospitaldelmar: Comença el mes d'#agost i potser marxeu de #vacances i heu de conduir. Feu-ho amb precaució. Volem que torneu i ens exp…
2018-08-01 06:49:18,Ja s'ha obert el carril de l'AP-7 tallat per #accident a Barberà del Vallès ➡ GIR. Encara hi ha congestió en un tra… https://t.co/EClxIvYnEF
2018-08-01 06:38:38,⚠ Un carril tallat a l'AP-7 a Barberà del Vallès ➡ GIR per #accident @transitap7 #retencions des de Cerdanyola del Vallès
2018-08-01 06:03:40,ℹ⚠ A la B-20 es manté tallat un carril ➡ Nus del Llobregat. Hi ha retencions en un tram d'uns 2km entre Vall d'Hebr… https://t.co/nG8uAHLC4g
2018-08-01 05:58:32,"RT @BCN_Mobilitat: Per mobilitzacions del sector del taxi continuen els talls de trànsit a gran via de les Corts Catalanes, des d'Entença f…"
2018-08-01 05:58:23,"ℹ Bon dia! Circulació amb retencions als punts habituals de les principals vies de l'àrea metropolitana, sobretot d… https://t.co/27bgWfC7aI"
2018-07-31 18:58:55,"ℹ A partir d'aquesta hora, segueix informat de l'estat del trànsit consultant el web d'incidències viàries. Bona ni… https://t.co/pNRqiVkMkd"
2018-07-31 16:48:26,"ℹ Ja es troben tots els carrils oberts en aquest punt de l'AP-7, tot i que resten #aturades a la zona i a la B-30… https://t.co/W1mcoglywr"
2018-07-31 16:41:13,❗ Una col·lisió a 50 km/h equival a una caiguda des de 10 metres d’altura. L’increment de la #velocitat augmenta la… https://t.co/wS8UAKcY1V
2018-07-31 16:27:29,🔴 Afectada també la B-30 amb 6 km #retencions fins a Barberà ➡ GIR @transitb30 https://t.co/bJcNOdNEke
2018-07-31 16:21:48,🔴 Retencions a l'AP-7 de Cerdanyola a Barberà del Vallès ➡ GIR per un #accident 1 carril tallat #precaució… https://t.co/p6gd002Y8t
2018-07-31 15:41:42,ℹ Per on han de circular els #ciclistes? Com han de procedir la resta de vehicles quan es troben amb un 🚴‍♀️ ciclis… https://t.co/xaXXxsKgfH
2018-07-31 12:40:40,✅ Situació normalitzada en aquest punt de l'AP-7. https://t.co/xV1wCVXYjZ
2018-07-31 11:37:48,ℹ⚠ Ara hi ha un carril obert a l'AP-7 a Aiguaviva per aquest #accident @transitap7 https://t.co/xV1wCVXYjZ
2018-07-31 11:18:51,"⚠⛔ L'AP-7 està tallada a Aiguaviva #Gironès ➡ sud cap a Tarragona, a causa d'un #accident #Precaució! @transitap7 https://t.co/d4tiLC1tB6"
2018-07-31 10:58:16,✅ Ja s'ha obert el carril de l'AP-7 a la Jonquera➡França tallat per aquest #incendi de vegetació. Circulació amb re… https://t.co/4ubZGvjNJb
2018-07-31 10:54:02,"RT @bomberscat: L'incendi a la mitjana de l'AP-7, a la Jonquera, ja està EXTINGIT i #bomerscat ens retirem. Segons les primeres estimacions…"
2018-07-31 10:48:33,"🔥⚠ A causa d'un petit incendi de vegetació, a l'AP-7 a la Jonquera hi ha un carril tallat en sentit Nord. Molta pru… https://t.co/PpVOblV11G"
2018-07-31 09:33:38,"RT @emergenciescat: ⚠🔆Avís per #calor: des d'avui i fins diumenge s'esperen temperatures màximes extremes a les comarques de Ponent, Girona…"
2018-07-31 08:37:58,RT @meteocat: L'SMC informa que el 31/07/2018 08:32 s'ha publicat un Avís per Intensitat de pluja https://t.co/YAKP17l79z #meteocat
2018-07-31 08:37:41,"🛤 Si ja has sortit de vacances, recorda durant el trajecte:
✅ Cordar-te el cinturó
✅ Cordar-te el casc
📵 No utilitz… https://t.co/uiTiBo5Sj3"
2018-07-31 07:26:22,"ℹ En aquests moments se circula amb fluïdesa, resten retencions a les rondes #BCN en sentit Llobregat i a la C-58 a… https://t.co/zBptn9LoKA"
2018-07-31 06:33:05,"❗ Conductor, aquest estiu tampoc abaixis la guàrdia i recorda:
👉 Les mans, al volant
👉 El mòbil, desconnectat
👉 L’a… https://t.co/FPuE1Vgf76"
2018-07-31 06:08:52,⚠🚧 A la B-20 hi ha un carril tallat entre Vall d'Hebron i Via Júlia per un tram en #obres ➡ Nus del Llobregat… https://t.co/TYN31ui9iK
2018-07-31 06:04:50,"ℹ🚚🚙🚗 Bon dia! Retencions habituals a les vies principals de l'àrea metropolitana sobretot d'accés a #BCN: A-2, AP-7… https://t.co/Wfei7BrKeS"
2018-07-30 18:59:44,"ℹ A partir d'aquesta hora, segueix informat de l'estat del trànsit consultant el web d'incidències viàries. Bona ni… https://t.co/wcbmMMvaNO"
2018-07-30 18:57:40,🔴 A la Ronda Litoral o B-10 hi ha 3km de retenció entre la Zona Franca i el Port en sentit Besòs. @transitb10
2018-07-30 18:46:59,⚠⛔ La C-16 està tallada a Viladecavalls (Vallès Occidental) en sentit Barcelona per un camió avariat. Precaució! @transitc16
2018-07-30 17:32:01,"RT @meteocat: Descarreguen nous ruixats a cavall de les comarques del Berguedà i del Solsonès. En les immediates hores en podran aparèixer,…"
2018-07-30 16:45:13,🔴 Alguns problemes de trànsit sobretot a l'àrea metropolitana de Barcelona. Recorda que pots informar-te de l'estat… https://t.co/cUzdLaryPp
2018-07-30 16:21:34,"El director de @transit @JuliGendrau s'ha reunit avui a Madrid amb el director de la @DGTes, Pere Navarro, i la dir… https://t.co/DoI6GyUxZN"
2018-07-30 16:11:34,✅ Situació normalitzada en aquest tram de la C-58. @transitc58 https://t.co/fErJhiCvaJ
2018-07-30 14:48:30,"🔴 Obert el carril tallat a la C-58 a Ripollet en sentit nord. Amb tot, es manté la retenció. Precaució! https://t.co/OfF5EXDpRY"
2018-07-30 14:23:24,⚠ 🔴 Ara hi ha 5km de congestió a la C-58 des de la sortida de Barcelona fins a Ripollet en sentit nord. Encara hi h… https://t.co/sbYc664LaI
2018-07-30 14:02:08,✅ Oberta la C-25 a Arbúcies en sentit Vic. @transitc25 https://t.co/QEGoZuih4e
2018-07-30 13:55:58,⚠ A la C-58 hi ha un carril tallat a Ripollet en sentit Manresa per una pèrdua de càrrega. 2km de congestió en sent… https://t.co/ni7xxsWW0x
2018-07-30 13:42:28,@Festuketa Aquesta via està tallada a Arbúcies en sentit Vic per un vehicle avariat. @transitc25
2018-07-30 13:40:57,⚠⛔ La C-25 està tallada a Arbúcies (Selva) en sentit Vic per un vehicle avariat. Precaució! @transitc25 https://t.co/dx8JXQ4zlP
2018-07-30 12:47:48,🚗🚙🚐 A la C-58 @transitc58 queden un parell de quilòmetres de retencions a Sant Quirze en sentit Nord. https://t.co/tRnYQmGJnI
2018-07-30 12:08:42,@AnnaFilomeno Hola. De moment no ens consten afectacions especials per anar a l'aeroport. Però recomanem estar info… https://t.co/sHyjGB927z
2018-07-30 11:46:35,ℹ⚠ Obert el carril de la C-58 a Sant Quirze del Vallès pel vehicle incendiat en direcció Manresa. Circulació amb co… https://t.co/kO0LFBnieS
2018-07-30 11:08:36,⚠ L'#incendi d'un vehicle talla un carril de la C-58 a Sant Quirze del Vallès #VallèsOccidental en direcció Manresa… https://t.co/KZSeoXY2F2
2018-07-30 11:01:19,RT @interiorcat: En època d'estiu tingues en compte les diferents recomanacions que t’ofereixen els serveis de seguretat i emergències de #…
2018-07-30 11:01:15,"ℹ El carril #BusVAO, obert a Montcada i Reixac en direcció Barcelona, torna al seu ús habitual, obert només per a v… https://t.co/F6sXxBfBXk"
2018-07-30 10:26:04,ℹ🚗🚙🚚 Oberts tots els carrils de la B-10 a Santa Coloma de Gramenet➡Llobregat a on s'havia produït un #accident. Enc… https://t.co/G6JWnLb105
2018-07-30 10:10:24,"RT @mossos: Alguns marxen de vacances, altres ja tornen. Fes-ho sempre amb seguretat, volem vacances amb final feliç #volemquetornis https:…"
2018-07-30 09:30:11,"RT @barcelona_GUB: Per manifestació del sector del taxi, tallat al trànsit el Pg de Gràcia sentit muntanya entre Rda. Sant Pere i Diagonal.…"
2018-07-30 09:16:50,"👍 Si tens pensat sortir de viatge sigui quan sigui, recorda aquests consells @transit:
🔧 Revisar el vehicle
🍺⛔ No c… https://t.co/mM2XyvalZt"
2018-07-30 08:50:12,"A causa de l'accident a la Ronda Litoral, s'ha obert el carril Bus-Vao de la C-58 per a tothom excepte camions de m… https://t.co/oYnzVsTRS5"
2018-07-30 07:55:10,"RT @mossos: Per més info sobre afectacions d'avui relacionades amb les mobilitzacions seguiu a: 
✅@barcelona_GUB 
✅@BCN_Mobilitat https://t…"
2018-07-30 07:44:52,"⚠ Aquest accident a la Ronda Litoral afecta la C-58, amb retencions de 2km des de Montcada d'entrada a Barcelona. https://t.co/Wi2aSuuYqq"
2018-07-30 07:42:36,⚠ A la B-10 hi ha un carril obert a Santa Coloma de Gramenet ➡ Nus del Llobregat a causa d'un #accident @transitb10 https://t.co/zBO8sgndD6
2018-07-30 07:16:49,(Nota de Premsa) L'SCT informa que ahir va morir una persona en un accident a la C-35 a Llinars del Vallès… https://t.co/NW1jQy3TQy
2018-07-30 06:51:28,@cristianof76 Hola. De moment no ens consten afectacions especials per anar a l'aeroport. Ara hi ha les aturades ha… https://t.co/lgX72mBdbH
2018-07-30 06:38:47,@AnnaFilomeno Bon dia. De moment no ens consten afectacions especials per anar a l'aeroport. Ara hi ha les retencio… https://t.co/sMgkcORNHy
2018-07-30 06:34:20,⚠ A la B-20 (Ronda de Dalt) hi ha un carril tallat entre Vall d'Hebron i Avinguda Meridiana per un tram en #obres ➡… https://t.co/NFoWwh8nPP
2018-07-30 06:23:54,⚠⛔ Tallada la C-26 a Vilada #Berguedà en ambdós sentits de la marxa per l'#accident d'un camió que ha bolcat… https://t.co/PYqGtxVPED
2018-07-30 06:14:33,Bon dilluns! Retencions habituals a aquesta hora per acumulació de trànsit en algunes de les vies principals àrea m… https://t.co/1C1F6twmqw
2018-07-29 18:59:35,A partir d'aquesta hora pots continuar informant-te sobre l'estat de la xarxa viària catalana consultant el web d'i… https://t.co/7pdBPyYek2
2018-07-29 18:36:19,RT @barcelona_GUB: Demà dilluns continuaran les afectacions a la mobilitat per la manifestació del sector del taxi. Recordeu que roman tall…
2018-07-29 18:24:43,"#Retencions #retorn #capdesetmana:
AP-7: 18 km entre St Celoni i Granollers
C-31: 5 km Sta. Cristina d'Aro
C-65: 4… https://t.co/lR2rY7bCFe"
2018-07-29 18:10:01,[NOTA ]Balanç de les incidències viàries més destacades del cap de setmana del 27 al 29 de juliol: 4 persones en mo… https://t.co/Z1aveZoklQ
2018-07-29 17:34:41,Ara la retenció a l'AP-7 arriba als 18 km entre Sant Celoni i Granollers en sentit sud #retorn #capdesetmana
2018-07-29 16:35:29,"#Retencions #retorn #capdesetmana:
AP-7: 7 km Roca del V.
C-31: 4 km Sta. Cristina d'Aro
C-65: 3 km Llagostera
N-34… https://t.co/AEXV3SqcmT"
2018-07-29 16:01:13,A l'AP-7 hi ha retencions en un tram de 5 km a La Roca del V. en sentit sud #retorn #capdesetmana
2018-07-29 15:59:11,@Adalaisa87 a la Ronda de Dalt hi ha 1 carril tallat per obres i a la Litoral 1 carril tallat per un accident. Pots… https://t.co/43pZFtdvZk
2018-07-29 15:58:01,⛔ Està tallada la C-35 a Llinars del Vallès en ambdós sentits per un #accident amb diversos vehicles implicats https://t.co/Pw8KWyVjHh
2018-07-29 15:52:43,"ℹ Per facillitar l'#operació #retorn de #capdesetmana hem disposat mesures especial a diverses vies: AP-7, C-65, C-… https://t.co/qBoXdGpuAx"
2018-07-29 15:18:18,🎥 Aquest cap de setmana hem intensificat amb @mossos els controls de #velocitat: https://t.co/ayK2lBc13K Durant el… https://t.co/JciTUZea5n
2018-07-29 15:12:51,Comença a haver-hi circulació intensa a la C-65 a Sta. Cristina d'Aro en direcció AP-7 #retorn #capdesetmana https://t.co/ZpEelW9eZn
2018-07-29 14:38:34,@esper642017 en aquests moments no ens consten afectacions als accessos a l'aeroport
2018-07-29 13:58:40,⚠ Un vehicle avariat talla un carril al Túnel de Bracons (@transitc37) en sentit Vic
2018-07-29 13:55:53,A l'AP-7 hi ha 1 carril tallat a Sarrià de Ter en sentit sud per un #accident #precaució https://t.co/qmohaTBT56
2018-07-29 13:06:29,🚗 Màxima prudència en els desplaçaments de #retorn. Si has d'agafar el cotxe consulta l'estat del #trànsit a… https://t.co/9m8oFWJbDm
2018-07-29 12:52:36,S'ha normalitzat la circulació en aquest punt de la xarxa viària https://t.co/IyVcWVl9jJ
2018-07-29 12:13:46,Es fa pas alternatiu a la C-66 a Celrà (Gironès) a causa d'un #accident https://t.co/fRC2GN3nJ8
2018-07-29 12:11:46,A l'AP-7 a Suburats (Alt Penedès) hi ha 1 carril tallat en sentit nord per un #accident #precaució https://t.co/gFY7Qt1jMW
2018-07-29 12:08:11,@Biomonti hi ha un accident que talla un carril
2018-07-29 10:52:54,"RT @mossos: A l’estiu i en plena onada de calor com l’actual, no deixis menors 👶dins el vehicle tancats. MAI és un moment 🕛. Dins el cotxe…"
2018-07-29 10:52:18,#Sabiesque els EMIV (equip mòbil d’informació viària) ens ajuden a completar la informació viària i a fer el seguim… https://t.co/oRVy4g1tj8
2018-07-29 09:34:34,‼️ 🎛 L’excés de #velocitat és una conducta de risc i té conseqüències tràgiques a les carreteres. Aquest cap de set… https://t.co/P4T701jzIU
2018-07-29 09:05:48,[NOTA] Aquesta matinada un motorista ha mort en una sortida de via a la BP-1413 a Cerdanyola del Vallès (Vallès Occ… https://t.co/Nma7TodhwC
2018-07-29 08:26:43,"RT @mossos: Durant el viatge: beure aigua sovint, utilitzar ulleres de sol, descansar cada dues hores... i evitar que et robin a l’àrea de…"
2018-07-29 08:26:22,"RT @govern: Amb el bon temps, augmenta la quantitat de motoristes que circulen per carreteres i ciutats 

🚘 Si vas en cotxe, respecta les m…"
2018-07-29 08:26:11,A causa d'unes #obres hi ha retencions a la Pota nord @transitb20 a Santa Coloma en direcció Trinitat. Es fan desvi… https://t.co/uKFEME111G
2018-07-28 16:56:54,A partir d'aquesta hora pots continuar informant-te sobre l'estat de la xarxa viària catalana consultant el web d'i… https://t.co/aBu0eXy8Ph
2018-07-28 16:11:03,[NOTA] El conductor d'un turisme ha mort en una accident a la C-32 a Sant Pere de Ribes aquest matí (Garraf)… https://t.co/YxmdOkP3hk
2018-07-28 15:54:26,"RT @govern: El Govern reforça el servei de metro que connecta Barcelona i l'aeroport del Prat davant la vaga del sector del taxi
https://t.…"
2018-07-28 15:52:45,"RT @BCN_Mobilitat: Afectacions per manifestacions del sector del taxi:

Calçada central de Gran Via: tallat el trànsit d'Entença a Bailèn.…"
2018-07-28 15:32:18,En aquests moments només hi ha retencions a l'AP-7 i a la N-II a la Jonquera en direcció França https://t.co/KPMpcbhDVX
2018-07-28 14:47:22,@DinahCalvo en aquests moments no ens hi consta afectació viària
2018-07-28 14:33:03,"❗️🎛 Quan corres, el risc d'accident i de patir conseqüències greus augmenta. Aquest cap de setmana intensifiquem am… https://t.co/fmd2ss1aUG"
2018-07-28 14:00:53,@h2_marta per afectacions viàries a la ciutat de Barcelona t'has de posar en contacte a amb @barcelona_GUB @BCN_Mobilitat
2018-07-28 12:35:12,RT @interiorcat: El conseller @MiquelBuch  i la consellera @elsa_artadi s'han reunit aquest matí al CECOR per analitzar el conflicte amb el…
2018-07-28 12:32:17,"En aquests moments només queden retencions a l'AP-7 a La Jonquera (6,5 km) en direcció França, a la N-145 per entra… https://t.co/dNGYOF2TIE"
2018-07-28 12:11:15,"Millora la situació viària a l'AP-7: ja només queden #retencions a Gelida en sentitd sud (3,5 km) i a la Jonquera e… https://t.co/K1UXF8fWOI"
2018-07-28 11:28:54,"@LauraCanovasM sí, encara hi ha retencions, ara en un tram de 2,5 km"
2018-07-28 11:23:43,"⚠ Davant les possibles afectacions viàries derivades per les protestes dels taxistes, recomanem que si heu d'anar a… https://t.co/FDGI9veiXD"
2018-07-28 11:16:59,RT @mossos: Hi ha un petit acte que et pot salvar literalment la vida. I potser és el més habitual i quotidià quan et desplaces en vehicle…
2018-07-28 11:05:12,"RT @govern: Govern. Generalitat @govern
📢 El cap de setmana, alerta màxima a la carretera ❗

🏍 Motorista, respecta les normes i no corris r…"
2018-07-28 10:53:54,"Es mantenen els problemes per #operació #sortida #capdesetmana  a diverses vies com l'AP-7, la C-32 sud, la N-145,… https://t.co/9kE6Wd1iaS"
2018-07-28 10:16:47,@Lola_dc a St Pere de Ribes ara hi ha 4 km però també hi ha 6 km a Sitges on es fa regulació del trànsit als Túnels del Garraf
2018-07-28 10:00:57,"RT @mossos: Època de festes majors a molts indrets de Catalunya, gaudeix amb els amics, però si beus alcohol no condueixis. No posis en ris…"
2018-07-28 09:44:13,S'ha obert 1 carril. Hi ha 3 km de congestió https://t.co/JXFh2sK07B
2018-07-28 09:34:19,"També hi ha #retencions per #operació #sortida a vies de la Costa Daurada i Costa Brava: N-340, C-65, C-35 i GI-600… https://t.co/BVsAO7PQR4"
2018-07-28 09:29:01,#Retenció a l'AP-7 nord en sentit Girona entre Sta. Perpètua i Vallgorguina #sortida #capdesetmana https://t.co/mN8aqHYIQs
2018-07-28 09:24:55,ℹ Es fa regulació del trànsit als Túnels del Garraf @transitc32sud en sentit sud
2018-07-28 09:23:25,@anabini7 @bomberscat @mossos hi ha hagut un accident. Està tallada al pk 26
2018-07-28 09:23:01,La C-32 està tallada a St. Pere de Ribes en sentit sud per un #accident https://t.co/W1s3h2qouj
2018-07-28 09:19:43,La #retenció a l'AP-7 sud va ara de Gelida fins a Sant Cugat en direcció TGN #sortida #capdesetmana https://t.co/FlNuqaRvZM
2018-07-28 08:58:53,@djofref en aquests moments no ens consta. Pots consultar les afectacions viàries actualitzades al web https://t.co/7bzpWB9BQj
2018-07-28 08:58:16,A l'AP-7 nord es registren trams d'aturades en sentit Girona a Mollet del V. i entre La Roca i Llinars
2018-07-28 08:44:06,[NOTA* El conductor d’un turisme va morir ahir a la nit en una sortida de via a l’AP-7 a Vilablareix (Gironès)… https://t.co/4Znw4S7eNA
2018-07-28 08:41:43,S'ha obert el carril tallat però continua la retenció https://t.co/hAyid124hA
2018-07-28 08:33:39,Hi ha 1 carril tallat per un vehicle avariat a l'AP-7 a Gelida en sentit sud. 6 km de #retenció https://t.co/sopGU5C8Xe
2018-07-28 07:49:20,"RT @mossos: Detenim un conductor per provocar   un accident múltiple al Perelló, quan circulava amb el lateral del seu vehicle destrossat i…"
2018-07-28 07:00:00,"📍📆 Comences vacances? Si has de marxar en cotxe 🚗, tingues en compte aquests #consells de #seguretatviària… https://t.co/p2Fb6MjtRA"
2018-07-27 19:05:00,A partir d'aquesta hora pots continuar informant-te sobre l'estat de la xarxa viària catalana consultant el web d'i… https://t.co/sY9nC1FPiT
2018-07-27 18:51:58,A la C-65 hi ha 8 km d'aturades intermitents a Llagostera en direcció Palamós. També hi ha cues a la C-35 per enlla… https://t.co/E2nLr3lgbB
2018-07-27 18:45:15,"🚗 Màxima prudència en els desplaçaments del cap de setmana! #EntreTotsFemSeguretat 
❌No corris
❌No et distreguis
❌🍹… https://t.co/PLnqwTWxqG"
2018-07-27 18:41:57,S'ha normalitzat la circulació a la C-58 on hi havia una marxa lenta. A la Ronda Litoral encara hi ha 3 km de reten… https://t.co/WAwykgCqZW
2018-07-27 18:22:01,ℹ Millora la situació viària a diverses vies de l'Àrea Metropolitana de Barcelona. Ara els principals problemes es… https://t.co/tgiN1BxbUd
2018-07-27 18:18:25,✅ Ja s'ha normalitzat la circulació a l'AP-7 @transitap7 https://t.co/k1DwcvDVVi
2018-07-27 18:09:53,⚠ Hi ha una marxa lenta a la C-58 a Badia del V. en sentit nord. Això afecta de retruc a la B-10 on hi ha retencion… https://t.co/DMdxWQ0kKo
2018-07-27 17:50:16,⚠ A la C-32 hi ha un carril tallat a Cornellà de Llobregat en sentit Sitges per un accident. 2km de retenció. Precaució! @transitc32sud
2018-07-27 17:45:10,@bcnperfecta ara mateix no ens consten afectacions
2018-07-27 17:44:27,Un camió avariat talla 1 carril a la C-17 a Lliçà d'Amunt en sentit Vic. Hi ha 3 km de #retencions https://t.co/fmqj1fJV9K
2018-07-27 17:24:45,@sisa_gc gràcies per l'avís
2018-07-27 17:18:46,En aquests moments la retenció a l'AP-7 nord en sentit Girona és de 12 km entre Mollet del V. i la Roca https://t.co/QjBldZ5naG
2018-07-27 17:15:59,@PiluPgr en aquests moments el millor és anar per l'AP-7 fins a Rubí i després agafar la C-16. En principi només tr… https://t.co/Iz6gmznGBy
2018-07-27 17:10:41,@PiluPgr per quina via tens previst anar?
2018-07-27 17:07:37,S'ha normalitzat la circulació en aquesta via https://t.co/itc5iTGcuF
2018-07-27 16:49:45,@lluisaaguilera hi ha 5 km de retencions a l'altura de Castellbisbal
2018-07-27 16:48:58,"ℹ Sitaució complicada per #operació #sortida #capdesetmana, sobretot a l'AP-7 nord, C-31 i Rondes de Barcelona. Con… https://t.co/8ClJiTP90m"
2018-07-27 16:29:02,@miinaminamina hi ha retencions des de Diagonal fins a Trinitat
2018-07-27 16:27:54,"@bernatmartineez no, no hi té res a veure"
2018-07-27 16:15:54,⚠⛔ La C-63 està tallada a Vidreres en tots dos sentits per una manifestació. Retencions. Compte!
2018-07-27 16:14:46,"🔴 La C-31 està oberta a Viladecans en tots dos sentits. Amb tot, retencions en tots dos sentits. Precaució!… https://t.co/blA0UL0U9K"
2018-07-27 16:08:56,@ANADELRIO4 a l'AP-7 hi ha retencions entre el Papiol i Mollet i més endavant 7 km a la Roca
2018-07-27 15:39:42,⚠⛔ La C-31 torna a estar tallada a Viladecans en tots dos sentits per una manifestació. Uns 2km d'aturades en tots… https://t.co/GrzCKHLkOi
2018-07-27 15:13:59,🔴 A la B-10 ara hi ha 15km de retenció entre Can Tunis i el Nus de la Trinitat en sentit Besòs. Es mantenen tallats… https://t.co/MWcFCu4EjN
2018-07-27 15:12:55,"🔴 Ara es deixa passar pel voral de la via. Tot i això, hi ha 3km d'aturades. https://t.co/NpA4FNY9Ww"
2018-07-27 15:12:06,✅ Situació normalitzada en aquest tram de la C-17. @transitc17 https://t.co/iAze9ER7vB
2018-07-27 15:07:15,⛔ Tallada la Ronda Litoral a la Zona Franca en sentit Besòs per un #accident
2018-07-27 15:05:50,🔴 Obert el carril tallat de l'A-2 a Castellolí en sentit Lleida. Amb tot més de 7km de retenció. Precaució!… https://t.co/1VM3NGfDsk
2018-07-27 15:04:32,"🔴 Oberta la sortida cap a l'aeroport de la C-31 a Viladecans en sentit nord. Amb tot, encara hi ha 2km de retenció… https://t.co/FuCV1G3x5j"
2018-07-27 14:51:50,Ja s'han obert els carrils tallats però ara hi ha 10 km de #retencions entre La Roca i Cardedeu https://t.co/m9WAAiXuVe
2018-07-27 14:49:20,"🔴 A la Ronda Litoral, a Trinitat, hi ha 2 carrils tallats de sortida de Barcelona per un #accident. Hi ha 7 km de retenció"
2018-07-27 14:47:55,"⚠⛔ A la C-31 ara hi ha tallada la sortida cap a l'aeroport a Viladecans en sentit nord. 1km de cua. En sentit sud,… https://t.co/tRxOOg75W2"
2018-07-27 14:40:57,S'ha reobert la C-31 a Viladecans https://t.co/SmV17PSLXP
2018-07-27 14:35:38,🔴 La C-31 es manté tallada a Viladecans en sentit Barcelona. Aturades en tots dos sentits per manifestació.… https://t.co/JZ15g01M3h
2018-07-27 14:34:27,⚠ A l'AP-7 hi ha dos carrils tallats a Cardedeu en sentit Girona per un accident. Uns 2km de retenció. Precaució!… https://t.co/lsUP927nB2
2018-07-27 14:27:43,⚠ A l'A-2 hi ha un carril tallat a Tàrrega en sentit Lleida per un accident. 1km de retenció. Compte! @transita2 https://t.co/gV9M62M0qw
2018-07-27 14:24:55,🔴 A la B-20 hi ha 12km de retenció entre Diagonal i el Nus de la Trinitat en sentit Besòs i 5km més entre el Nus de… https://t.co/4cRdiiDDVf
2018-07-27 14:23:16,🔴 A la B-10 hi ha 13km de retenció entre Sant Adrià i la Zona Franca en sentit Llobregat. També hi ha congestió a l… https://t.co/XOOK9tonLA
2018-07-27 14:18:16,"⚠🔴 A l'AP-7 hi ha 19,5km de congestió entre Sant Cugat i Mollet del Vallès en sentit Girona. Ja no hi ha cap carril… https://t.co/VNlhMI2Qi6"
2018-07-27 14:14:19,🔴 A l'A-2 també hi ha uns 4km de cua entre Cornellà i Sant Feliu de Llobregat i 6km de retenció a la zona de Pallej… https://t.co/Uxf6mya7Ls
2018-07-27 14:12:05,⚠ A l'A-2 hi ha un carril tallat a Castellolí en sentit Lleida per un accident. Hi ha uns 4km de congestió. Compte!… https://t.co/yY1EfHiuw8
2018-07-27 14:09:25,⚠⛔ La C-31 està tallada a Viladecans en tots dos sentits per una manifestació. Aturades. Precaució! @transitc31sud
2018-07-27 13:32:28,Hi ha 2 carrils tallats a la Ronda Litoral @transitb10 a la Zona Franca en sentit Trinitat a causa d'un #accident
2018-07-27 13:03:52,"RT @delgovbarcelona: Aquest #capdesetmana els @mossos faran controls intensius de velocitat, en una campanya coordinada per @transit https:…"
2018-07-27 12:55:52,"🔴 Carrils oberts en aquest punt de l'A-2 a Castellbisbal en sentit Lleida. Malgrat tot, es registren 6 km d'aturade… https://t.co/85hs3GONBl"
2018-07-27 12:38:31,⚠ A l'AP-7 sols hi ha un carril obert a l'altura de Mollet del Vallès en sentit Girona a causa d'un #accident. Es r… https://t.co/sRa9OjMbf0
2018-07-27 11:50:46,⚠ A l'AP-7 hi ha 2 carrils tallats a Mollet del Vallès en sentit Martorell a causa d'un #avaria. Compte! @transitap7 https://t.co/WcZqNoUI9R
2018-07-27 11:46:48,⚠ A l'A-2 hi ha 2 carrils tallats a l'altura de Castellbisbal en sentit Lleida a causa d'un #accident. Es registren… https://t.co/ngIY8l96s5
2018-07-27 11:42:45,"RT @govern: A les portes del cap de setmana, alerta màxima a la carretera ❗

A les interseccions i a les incorporacions en forma de T és on…"
2018-07-27 11:42:11,⚠🚖 Ara la marxa lenta es dirigeix des de El Prat de Llobregat cap a Barcelona per la C-31 provocant aturades d'uns… https://t.co/6XC7NHJZQU
2018-07-27 11:26:22,⚠🚖 Marxa lenta a la C-31 a la zona de El Prat de Llobregat que provoca retencions en sentit Castelldefels.… https://t.co/enlKrHVwPw
2018-07-27 10:55:00,⚠ A la C-17 hi ha un carril tallat a l'altura de Centelles en sentit Ripoll a causa d'una #avaria. Compte!… https://t.co/ZC4AAOObiD
2018-07-27 10:38:06,🚙 Vehicles EMIV: més ulls a les carreteres 👉 https://t.co/XF4sPvcJUz #mobilitat #InformacióViària https://t.co/GORnHjWWHg
2018-07-27 10:08:20,✅ Situació normalitzada en aquest tram de l'A-2 a Sant Feliu de Llobregat en sentit Barcelona. @transita2 https://t.co/FgByPSY8YY
2018-07-27 09:46:15,"🔴 Carrils oberts en aquest tram de l'A-2 a Sant Feliu de Llobregat en sentit Barcelona. Malgrat tot, encara hi ha 3… https://t.co/ilW2sW0Ihf"
2018-07-27 09:24:10,🚗 La velocitat agreuja les conseqüències d'un accident. Aquest cap de setmana s'intensifiquen els controls de la ve… https://t.co/pNNrwox9h0
2018-07-27 08:41:20,ℹ El director @juligendrau ha anunciat a @elmonarac1 que els @mossos efectuaran aquest cap de setmana controls foca… https://t.co/YVbi0jnBcc
2018-07-27 08:22:11,⚠ A l'A-2 hi ha 2 carrils tallats a l'altura de Sant Feliu de Llobregat en sentit Barcelona a causa d'un #accident.… https://t.co/6iikCBQeF4
2018-07-27 08:16:32,✅ Situació normalitzada en aquest tram de la C-17 a Tona en sentit Ripoll. @transitc17 https://t.co/GnILnaom7W
2018-07-27 08:15:37,⚠ A l'N-420 es dóna pas alternatiu a l'altura de Pradell de la Teixeta a causa d'un #accident. Compte! @transitn420 https://t.co/iX157cEtva
2018-07-27 08:03:19,"🎙 Avui estem als estudis d'@elmonarac1 per parlar de la #mobilitat a l'estiu, l'augment de la sinistralitat i les m… https://t.co/sxsTpXOyjk"
2018-07-27 07:38:00,⚠🚧 Les #obres de la B-20 a la Vall d'Hebron ja provoquen retencions de 7km en sentit Llobregat. Precaució!… https://t.co/NSSdA6nh2O
2018-07-27 07:32:12,RT @govern: 🏍 El #conseller @jordiPuignero se suma a la campanya de conscienciació viària de @transit #RutaCapAlCanvi amb el gest de saluta…
2018-07-27 07:13:57,⚠ A la C-17 hi ha un carril tallat a l'altura de Tona en sentit Ripoll a causa d'un #accident. Es registren 2km d'a… https://t.co/jQaEWQTEFQ
2018-07-27 06:01:25,ℹ Primeres retencions habituals a la xarxa viària: https://t.co/uZFoqxRnXQ https://t.co/6eXGWvCd0U
2018-07-26 19:04:25,"ℹ A partir d'aquesta hora, segueix informat de l'estat del trànsit consultant el web d'incidències viàries. Bona ni… https://t.co/F2ivvK7W2s"
2018-07-26 18:57:43,⚠ A la C-44 ara es dóna pas alternatiu a Vandellòs i l'Hospitalet de l'Infant per l'incendi forestal. https://t.co/5JI1CNQDrs
2018-07-26 18:31:19,RT @govern: La #consellera d'@empresacat @angelschacon se suma a la campanya #RutaCapAlCanvi per millorar la seguretat viària dels motorist…
2018-07-26 18:18:17,✅ L'N-230 ja està oberta al Pont de Suert en tots dos sentits. @transitn230 https://t.co/qAZFUyjMiL
2018-07-26 18:05:34,✅ Obert el carril tallat per un vehicle avariat a la C-58 a Montcada en sentit nord. Situació normalitzada.… https://t.co/z3NFJrAhMV
2018-07-26 17:48:29,⚠⛔ L'N-230 està tallada al Pont de Suert (Alta Ribagorça) en tots dos sentits per un accident. Precaució!… https://t.co/EIdTT3Quaz
2018-07-26 17:37:34,"⚠ A la C-58 hi ha un carril tallat a Montcada i Reixac, just sortint de Barcelona, en sentit nord, per un vehicle a… https://t.co/7WxFyERQoc"
2018-07-26 16:56:12,✅ Situació normalitzada a l'A-2 al Bruc en sentit Lleida. @transita2 https://t.co/Qfro3s9y5I
2018-07-26 16:41:52,"🔴 Obert el carril tallat a la C-58 a Sant Quirze del Vallès en sentit Barcelona. Amb tot, retencions en tots dos se… https://t.co/5WA7oPkC58"
2018-07-26 16:33:47,⚠ A l'AP-7 hi ha 5km de congestió a Sant Cugat del Vallès en sentit Tarragona per un accident. Ja no hi ha cap carr… https://t.co/6kspJVcPbn
2018-07-26 16:28:20,✅ Situació normalitzada a l'AP-7 a Mollet en sentit nord. @transitap7 https://t.co/nMEXM52NHk
2018-07-26 15:44:41,"🔴 Obert el carril tallat a l'AP-7 a Mollet en sentit Girona. Amb tot, es manté la retenció des de Santa Perpètua de… https://t.co/LkICTwqF7A"
2018-07-26 15:38:24,⚠ Un carril tallat a la C-58 a Sant Quirze del Vallès ➡ BCN per #accident 3 km #retencions @transitc58 https://t.co/L8w9nzKLke
2018-07-26 15:18:59,@novament3 Bona tarda! La C-44 està tallada entre Vandellòs i Tivissa en tots dos sentits per un incendi forestal. Precaució!
2018-07-26 15:14:51,⚠ A l'A-2 hi ha un carril tallat al Bruc en sentit Lleida per un vehicle avariat. Intensitat. Compte! @transita2 https://t.co/DhiAnZcfaH
2018-07-26 15:12:29,⚠ A l'AP-7 hi ha un carril tallat a Mollet del Vallès en sentit Girona per un vehicle avariat. 4km de congestió des… https://t.co/KW2LLA1gD7
2018-07-26 14:40:47,✅ Situació normalitzada a la C-32 al Vendrell en sentit Barcelona també. @transitc32sud https://t.co/Sv4rZVNSLi
2018-07-26 14:39:50,✅ Situació normalitzada a la B-30 en sentit Martorell. @transitb30 https://t.co/5KMiyKjKaA
2018-07-26 14:38:05,✅ Situació normalitzada en aquest tram de la C-58. Carril ja obert. @transitc58 https://t.co/kYTb07Mol0
2018-07-26 14:32:06,"🔴 A la C-32 es manté 1km de retenció al Vendrell en sentit Barcelona per obres. ✅ En sentit Tarragona, situació nor… https://t.co/y7aLrOvl98"
2018-07-26 14:20:27,✅ Oberta la C-14 a Reus en sentit sud. Situació normalitzada. @transitc14 https://t.co/AiqIBaBW67
2018-07-26 14:20:17,@belens39 @transitap7 La incidència de l'AP-7 ha estat per un accident i ara ja està oberta. Les cues de la C-32 al… https://t.co/QG7y2pPgOu
2018-07-26 14:18:59,"@mgiron24 Bona tarda, hi ha unes obres a la C-32 al Vendrell que provoquen 3 km cues sentit BCN i 2 km sentit TGN"
2018-07-26 14:18:09,"@MNCcst Bona tarda, hi ha unes obres a la C-32 al Vendrell que provoquen cues en els dos sentits"
2018-07-26 14:14:23,"⚠🚧 A la C-32, al Vendrell, hi ha 3km de retenció en sentit Barcelona i 2km més en sentit Tarragona per obres. Preca… https://t.co/1NjhYTAggY"
2018-07-26 14:10:54,"⚠ A la C-58 hi ha més d'1km de retenció a Montcada i Reixac en sentit sud per un accident. En aquest tram, hi ha un… https://t.co/qbukWR7AEh"
2018-07-26 14:00:11,"🔴 Obert el carril tallat a la B-10 al Nus de la Trinitat en sentit Besòs. Amb tot, encara hi ha retencions des de G… https://t.co/YMJlfBS07L"
2018-07-26 13:43:34,✅ Restablerta ja la circulació en aquest punt de l'AP-7 @transitap7 https://t.co/c0ATTJ376e
2018-07-26 13:43:23,✅ Situació normalitzada en aquest tram de la C-31. @transitc31sud https://t.co/m7oZGghknM
2018-07-26 13:39:38,⚠ A la B-10 hi ha un carril tallat al Nus de la Trinitat en sentit Besòs. 3km de retenció des de Guipúscoa. Precauc… https://t.co/CR6DpolLdW
2018-07-26 13:36:29,"ℹ La B-30 torna a estar oberta, tot i que resten 🔴 #aturades ➡ sud @transitb30 https://t.co/mz19uUoeHP"
2018-07-26 13:35:34,⚠⛔ La C-14 està tallada a Reus (Baix Camp) en sentit sud per un accident. Desviaments per la C-14z. Compte! @transitc14
2018-07-26 13:30:43,⚠⛔ L'AP-7 està tallada a Roda de Berà (Tarragonès) en sentit sud per un accident. Precaució! @transitap7
2018-07-26 13:26:16,RT @bomberscat: Els #bomberscat hem donat per controlat l'incendi de vehicle i vegetació al costat de la B-30 a Cerdanyola del Vallès
2018-07-26 12:39:16,✅ Circulació normalitzada en aquest tram de la C-17 a Aiguafreda. https://t.co/uoJokzEk1Y
2018-07-26 12:37:42,✅ Situació normalitzada en aquest tram de la GI-524 a Sant Miquel de Campmajor. https://t.co/o0bilwJrtA
2018-07-26 12:34:53,"ℹ🔴 A causa de l'#incendiforestal no es pot enllaçar des de l'AP-7 a la C-44 cap a Tivissa.
@bomberscat https://t.co/5JI1CNQDrs"
2018-07-26 12:33:49,✅ Via oberta en tots dos sentits. Situació normalitzada a la GI-524. https://t.co/o0bilwJrtA
2018-07-26 12:31:16,⚠🔴 A la C-31 hi ha 1km de retenció al Prat de Llobregat en sentit Castelldefels per una marxa lenta. Precaució! @transitc31sud
2018-07-26 11:55:10,⚠⛔ La C-44 es troba tallada en tots dos sentits entre Vandellòs i Tivissa a causa d'un #incendiforestal. Precaució!… https://t.co/jyNXFX5Xnp
2018-07-26 11:10:00,"@RubenTardio Hola. Des del dissabte a les 23:00 fins al diumenge a les 13:00, estarà tallat per obres el ramal que… https://t.co/W6c4EkjIUp"
2018-07-26 11:06:19,⚠🔴 La B-30 es troba tallada a l'altura de Cerdanyola del Vallès en sentit Martorell a causa de l'incendi d'un vehic… https://t.co/7oXcXu0lqR
2018-07-26 11:00:37,"@juliogcb88 gràcies, en tenim constància i estem actualitzant la informació"
2018-07-26 10:06:47,⛔ La GI-524 es troba tallada a l'altura de Sant Miquel de Campmajor a causa de la retirada d'un vehicle. https://t.co/BXZrGPROJf
2018-07-26 09:25:26,✅ Situació normalitzada en aquest tram de l'A-2 a Pallejà en sentit Lleida. @transita2 https://t.co/52EzjiIBzU
2018-07-26 08:55:13,"Estrenem 5 nous Panells de Missatgeria Variable (PMV) d'última tecnologia a la B-23, C-58, AP-7, C-31 i C-32. T'ho… https://t.co/YE0pSnYqcr"
2018-07-26 08:01:13,@quimta Bon dia. Suposem que si és a Aiguafreda et refereixes a la C-17. Ens consten unes obres que provoquen un pa… https://t.co/zMXPnxvErH
2018-07-26 07:59:07,⚠🚧 Unes obres a la C-17 @transitc17 a Aiguafreda provoquen un parell de quilòmetres de retencions en sentit Barcelo… https://t.co/nkXSZHFsBV
2018-07-26 07:21:24,⚠ A l'A-2 hi ha un carril tallat a l'altura de Pallejà en sentit Lleida a causa d'una #avaria. Compte! @transita2 https://t.co/kEG9N46tPX
2018-07-26 06:48:02,⚠ A la GI-524 es dóna pas alternatiu a l'altura de Sant Miquel de Campmajor a causa d'un #accident. Precaució! https://t.co/IQVUlivtQz
2018-07-26 06:23:47,RT @mossos: Si t’avisen d’una avaria mentre circules VIGILA Intenta aturar-te en llocs concorreguts i controla les teves coses MAI t’aturis…
2018-07-26 06:13:12,⚠🚧 Les obres a la Ronda de Dalt @transitb20 a la Vall d'Hebron ja provoquen retencions de 6km en sentit Llobregat d… https://t.co/PGUAEzPL1H
2018-07-26 06:03:26,☀ Bon dia! Primeres retencions habituals a la xarxa viària: https://t.co/uZFoqxRnXQ https://t.co/cm29fDGegf
2018-07-25 19:15:00,"ℹ A partir d'aquesta hora, segueix informat de l'estat del trànsit consultant el web d'incidències viàries 👉… https://t.co/9BLPRpZn9G"
2018-07-25 19:11:52,📄 El Servei Català de Trànsit informa que dos conductors han mort en un xoc frontal entre dos turismes a l’N-II a B… https://t.co/jgyRFTA2IM
2018-07-25 18:28:22,"✅ La C-31 ja està oberta a Vilanova i la Geltrú en sentit sud. Amb tot, hi ha intensitat en aquest tram. Precaució!… https://t.co/c3U2vNvIeg"
2018-07-25 17:51:41,⚠ Torna a haver-hi un carril tallat en aquest tram de Sant Feliu de Llobregat en sentit Lleida. Precaució!… https://t.co/tfQINhuJPF
2018-07-25 17:50:14,"⚠⛔ En aquests moments, l'A-2 està tallada a Sant Feliu de Llobregat en sentit Lleida per aquest accident. Retencion… https://t.co/ZxqBxy9dOU"
2018-07-25 17:34:17,⚠ Un carril tallat a l'A-2 a Sant Feliu de Llobregat ➡ Lleida per #accident @transita2 2 km de #cues https://t.co/pzHQr1GN18
2018-07-25 17:13:37,RT @interiorcat: El conseller @Miquelbuch presideix la Comissió Catalana @transit i seguretat viària on analitzem l'evolució de l'últim any…
2018-07-25 17:08:58,✅ Situació del tot normalitzada en aquest tram de l'A-2. @transita2 https://t.co/Un5Ze1KyO3
2018-07-25 17:08:23,ℹ Es reobre parcialment el #trànsit i ara es dóna pas alternatiu @transitc37 https://t.co/qhcXVXeRbI
2018-07-25 16:57:38,⚠⛔ La C-31 està tallada a Vilanova i la Geltrú (Garraf) en sentit Tarragona per un accident. Compte! @transitc31sud https://t.co/C8YHb703ro
2018-07-25 16:42:58,⚠⛔ La C-37 està tallada a Querol (Alt Camp) en tots dos sentits per un accident. Precaució! @transitc37 https://t.co/6EQFWFVIuv
2018-07-25 16:26:52,"📄 La Comissió Catalana de #Trànsit i #SeguretatViària aprova el programa d'activitats 2018. En la Comissió, es pres… https://t.co/Nu5maNFJoz"
2018-07-25 16:26:49,✅ L'N-II ja està oberta a Vilamalla en tots dos sentits. @transitn2 https://t.co/pX7tknUwgx
2018-07-25 14:46:06,✅ Situació normalitzada en aquest tram de l'A-2. @transita2 https://t.co/S7wdhFSQuw
2018-07-25 14:13:53,"@RamonSalinas95 @fomentogob @transita2 @equipviari Bona tarda, efectivament hi ha hagut un accident i hi ha 2-3 km… https://t.co/KFFbyskhhz"
2018-07-25 14:11:01,"@marionapique Bona tarda, gràcies per l'avís!"
2018-07-25 14:03:38,⚠ 1 carril tallat a l'A-2 a Bell-lloc d'Urgell ➡ BCN per #accident @transita2 2 km #retencions #precaució https://t.co/Eeqt6UhmRB
2018-07-25 14:00:41,⚠ Un carril tallat a l'A-2 a Sant Vicenç dels Horts ➡ Lleida per un vehicle avariat @transita2 https://t.co/MweDKw4qpY
2018-07-25 13:41:06,⚠⛔ La via ara està tallada en ambdós sentits. Compte! https://t.co/YPRKmeP5I5
2018-07-25 13:37:06,⚠⛔ L'N-II està tallada a Vilamalla (Alt Empordà) en sentit sud per un accident. Desviaments per l'N-IIa i l'AP-7. P… https://t.co/kU9UWvAdFl
2018-07-25 13:12:56,"🔴 Oberts els carrils tallats a la C-32 a Mataró en sentit sud però es manté la retenció d'1,5km. Precaució!… https://t.co/HJrnX9cZD2"
2018-07-25 13:02:30,✅ L'N-141 ja està oberta a Bossòst en tots dos sentits. https://t.co/oSKi0aHLGx
2018-07-25 12:56:41,RT @meteocat: A hores d'ara hi ha alguns ruixats 🌦 a punts del Pirineu i del Prepirineu; localment són moderats i van acompanyats de tempes…
2018-07-25 12:52:20,⚠ A la C-32 hi ha 2 carrils tallats a l'altura de Mataró en sentit Barcelona a causa d'un #accident. Es registren 2… https://t.co/qGBitXW1wd
2018-07-25 12:02:10,✅ Situació normalitzada en aquest tram de la C-17 a Aiguafreda en sentit Barcelona. @transitc17 https://t.co/d5Wq0WVtC7
2018-07-25 11:04:52,✅ Circulació normalitzada en aquest tram de l'N-240 a Torregrossa. @transitn240 https://t.co/znwJqWTSDm
2018-07-25 10:02:52,✅ Situació normalitzada en aquest tram de l'A-2 a Lleida en sentit Barcelona. @transita2 https://t.co/VBEesWuaL8
2018-07-25 09:37:32,@crisroga1 Està previst que el tall de la via duri fins a les 14:30.
2018-07-25 09:21:59,✅ Situació normalitzada en aquest tram de la C-58 a Badia. @transitc58 https://t.co/CFWif0zPbG
2018-07-25 08:52:17,⚠🚧 Unes obres a la C-17 a Aiguafreda tallen un carril en sentit Barcelona i provoquen una cua de 2km. https://t.co/azOHaKqplD
2018-07-25 08:48:56,⚠ Un accident a la C-58 a Badia provoca 3km de retencions en sentit Barcelona. https://t.co/G6YnGKhEEV
2018-07-25 08:30:36,✅ Circulació normalitzada en aquest tram de l'N-340 al Perelló. @transitn340 https://t.co/GGQwVoKnGr
2018-07-25 08:10:20,@ramonjosv gràcies per l'avís. Ho comuniquem al titular de la via @diba
2018-07-25 07:41:38,⚠⛔ 🚲🚲🚲 Fins aquest migdia continuarà tallada la N-141 a Bossòst (Vall d'Aran) pel pas del @LeTour https://t.co/fPW5XodKub
2018-07-25 07:33:19,⚠🚧 A l'A-2 hi ha un carril tallat a l'altura de Lleida en sentit Barcelona a causa d'unes #obres. Es registren 2km… https://t.co/J9fwCeS65K
2018-07-25 07:33:17,"⚠ Accident a la N-240 a Torregrossa, es dona pas alternatiu i hi ha aturades d'entre 1 i 2 quilòmetres. https://t.co/Or6iZeDXp1"
2018-07-25 07:02:05,✅ Trànsit normalitzat a l'A-2. A l'enllaç de la B-23 encara queden algunes retencions. https://t.co/SzDQys8zEt
2018-07-25 06:55:22,"⚠⚠ Accident a la N-340 al Perelló, es dona pas alternatiu, retencions sobretot en sentit Nord de 4km. https://t.co/gTrwyyVsFv"
2018-07-25 06:38:03,"Tots els carrils oberts al trànsit, però continuen les retencions. https://t.co/SzDQys8zEt"
2018-07-25 06:35:57,El conductor d’una motocicleta va morir ahir en un sinistre viari a la TV-2126 a Calafell (Baix Penedès)… https://t.co/AO6qOm5pvN
2018-07-25 06:31:52,⚠ Un accident a l'A-2 a Sant Feliu talla un carril en sentit Barcelona i provoca 3km de retencions. També afecta la… https://t.co/qe4p0rhLxu
2018-07-25 06:16:43,🚧🚧 Les obres a la Ronda de Dalt @transitb20 a la Vall d'Hebron provoquen entre 3 i 4 km de retencions en sentit Llo… https://t.co/l3KsD6Khnq
2018-07-25 06:01:13,RT @bomberscat: L'any 2017 #bomberscat vam treballar en 7.383 accidents de @transit. En molts d'aquests accidents vam haver d'excarcerar oc…
2018-07-25 06:00:26,Bon dia! #Retencions habituals als principals accessos a la capital catalana. Pots consultar totes les afectacions… https://t.co/dOr77mMZ68
2018-07-24 19:36:49,RT @meteocat: L'SMC informa que el 24/07/2018 19:35 s'ha finalitzat l'episodi de Intensitat de pluja https://t.co/YAKP17l79z #meteocat
2018-07-24 19:36:24,"ℹ A partir d'aquesta hora, segueix informat de l'estat del trànsit consultant el web d'incidències viàries. Bona ni… https://t.co/n91WqaKvTB"
2018-07-24 19:35:31,✅ La TV-2126 ja està oberta a Calafell (Baix Penedès) en tots dos sentits.
2018-07-24 18:20:47,⚠⛔  La TV-2126 està tallada a Calafell (Baix Penedès) en tots dos sentits per un accident. Precaució! https://t.co/xugBui5bAD
2018-07-24 16:57:35,Ja s'ha obert el carril tallat però es mantenen les retencions en sentit Trinitat en un tram de 14 km https://t.co/eyQu4Zwlra
2018-07-24 16:46:45,"⚠ ⛈⛈ Si circules amb #pluja, recorda:
➡️ modera la velocitat 
➡️ augmenta la distància de seguretat entre vehicles… https://t.co/StDP2qD2xu"
2018-07-24 16:17:31,ℹ Retencions habituals per hora punta a l'Àrea Metropolitana de Barcelona. Els prinicipals problemes es concentren… https://t.co/d8W5Hzl63E
2018-07-24 16:17:07,Ara són 14 els km de retencions intermitents entre Zona Franca i el Nus de la Trinitat sentit Besòs https://t.co/lfSInAfH8R
2018-07-24 15:43:47,🔴 Ara hi ha 9km de congestió a la B-10 entre la Barceloneta i el Nus de la Trinitat en sentit Besòs. Es manté un ca… https://t.co/b1g7I3HChh
2018-07-24 15:38:19,✅ Via ja oberta per a tots els vehicles. @transitn230 https://t.co/cBjabnNwex
2018-07-24 15:27:14,⚠ A la Ronda Litoral o B-10 hi ha un carril tallat al Nus de la Trinitat en sentit Besòs per un accident. 4km de co… https://t.co/5C6r3yaaKd
2018-07-24 15:18:54,✅ Situació normalitzada a l'A-2 a Aiguaviva en sentit sud. @transita2 https://t.co/TUeW0Jk9Xb
2018-07-24 15:10:31,Es mantenen els 2 carrils tallats per l'avaria d'un camió a l'AP-7 a Vilafant en sentit sud. Ara hi ha 4 km de… https://t.co/SB9yfknYjM
2018-07-24 15:02:00,Hi ha 1 carril tallat a l'A-2 a Aiguaviva en sentit sud per un #accident  @transita2 https://t.co/ABchENopma
2018-07-24 14:41:02,"RT @emergenciescat: Prealerta #INUNCAT: Actualment la #tempesta s'està desplaçant cap a la Selva. 

☂ Es demana precaució per les possibles…"
2018-07-24 14:40:45,"RT @transit: ⛔ Restringida la circulació de camions + 7.500 kg a l'N-230 per la celebració del #TourdeFrance:

🔴 De la boca sud del Túnel d…"
2018-07-24 14:21:57,⚠🌧 Atenció si us desplaceu per l'AP-7 a l'alçada de Girona. Entre els pks 60 i 65 la visibilitat és reduïda i hi ha… https://t.co/3G6h7RC16b
2018-07-24 13:35:16,✅ Ja s'ha obert del tot  l'A-2 a Esparreguera en sentit Lleida. @transita2 https://t.co/9qbIWLCsWS
2018-07-24 13:31:09,✅ Situació normalitzada en aquest tram de l'AP-7. @transitap7 https://t.co/sVKNwi4lfh
2018-07-24 13:29:41,[Nota] La conductora d'un turisme ha mort en una sortida de via a la BV-4135 a Avià (el Berguedà). Enviem el nostre… https://t.co/wNqAlEHirj
2018-07-24 12:36:21,⚠ A l'AP-7 hi ha un carril tallat a l'altura de Mollet del Vallès en sentit Girona a causa d'una #avaria.… https://t.co/CCSbODQFVY
2018-07-24 12:31:16,✅ Situació normalitzada en aquest tram de la C-17 a Centelles en sentit Vic. @transitc17 https://t.co/PyxzNGFZ8o
2018-07-24 12:11:13,⚠ A l'AP-7 hi ha 2 carrils tallats a l'altura de Vilafant en sentit Barcelona a causa d'un #avaria. Es registren 2k… https://t.co/ortRHr2G2u
2018-07-24 12:00:41,⚠ A la C-17 hi ha un carril tallat a l'altura de Centelles en sentit Vic a causa d'un #accident. Compte! @transitc17 https://t.co/b8pdPDRRls
2018-07-24 11:41:00,✅ Circulació normalitzada en aquest tram de la B-10 entre Gran Via i el Nus de la Trinitat. @transitb10 https://t.co/EiI7DVs3Xx
2018-07-24 11:40:12,⚠ A l'A-2 hi ha un carril tallat a l'altura d'Esparreguera en sentit Lleida a causa d'un #accident. Precaució!… https://t.co/t0jgmJnN0S
2018-07-24 11:16:38,"🔴 Carril obert en aquest tram de la B-10 entre Gran Via i el Nus de la Trinitat. Malgrat tot, continuen les aturade… https://t.co/YpCUuNziOr"
2018-07-24 10:44:18,⚠ A la B-10 hi ha un carril tallat entre Gran Via i el Nus de la Trinitat en sentit nord a causa d'una #avaria. Es… https://t.co/e4esnTLlab
2018-07-24 09:41:30,✅ Situació normalitzada en aquest tram de la BV-5201 a Sant Sadurní d'Osormort. https://t.co/Ebnijtny9l
2018-07-24 09:00:16,✅ Circulació normalitzada en aquest punt de l'AP-7 a l'altura de La Roca en sentit nord. @transitap7 https://t.co/aT3wIx4bVE
2018-07-24 08:59:26,✅ Situació normalitzada en aquest tram de la C-32 a Cornellà en sentit sud. @transitc32sud https://t.co/PdJ0CynVFf
2018-07-24 08:11:50,🏍🚙🚗 Un accident a la C-32 @transitc32sud a Cornellà en sentit Sud ha deixat 2km de retencions. https://t.co/SoHxwr7yui
2018-07-24 07:47:26,⚠🚧 Les obres a la Ronda de Dalt @transitb20 a la Vall d'Hebron tallen un carril en sentit Llobregat i provoquen 5km… https://t.co/jZrb4hHdtN
2018-07-24 07:40:49,"⚠ Accident a l'AP-7 @transitap7 a l'altura de La Roca en sentit Nord, que talla un carril i provoca retencions d'1… https://t.co/uKHM72Za00"
2018-07-24 06:44:06,"⛔ Restringida la circulació de camions + 7.500 kg a l'N-230 per la celebració del #TourdeFrance:

🔴 De la boca sud… https://t.co/haKGIGTaM4"
2018-07-24 06:36:35,⚠ Retencions importants a la C-32 @transitc32sud de més de 5km entre Gavà i Sant Boi en sentit Barcelona. https://t.co/CA7SyRuPSf
2018-07-24 06:07:29,"⛔ Es manté tallada l'N-141, de Bossòst a la frontera francesa per la celebració del #TourdeFrance. Més informació 👉… https://t.co/4IKpz8u9b3"
2018-07-24 06:00:19,⚫ Tallada la carretera BV-5201 a Sant Sadurní d'Osormort per la retirada d'un vehicle https://t.co/ooA0BzqQH6
2018-07-24 05:56:21,"Bon dia! En aquests moments, trobareu #retencions a diversos trams de la xarxa viària. Podeu consultar totes les af… https://t.co/fxshGMU4O5"
2018-07-23 19:00:29,"ℹ A partir d'aquesta hora, segueix informat de l'estat del trànsit consultant el web d'incidències viàries. Bona ni… https://t.co/n0S5der8bg"
2018-07-23 18:57:34,✅ Situació normalitzada a l'N-340 a Alcanar (Montsià) en tots dos sentits. Via del tot oberta. @transitn340
2018-07-23 17:21:28,⚠ A l'N-340 es dóna pas alternatiu a Alcanar (Montsià) per retirar un camió accidentat aquest matí. Retencions en t… https://t.co/RJTG2A3fAv
2018-07-23 17:04:11,"🔴 A hores d'ara, hi ha alguns problemes de trànsit sobretot a l'àrea metropolitana de Barcelona. Consulta les afect… https://t.co/jhcPDX0XHA"
2018-07-23 17:00:34,🔴 A la B-10 ara hi ha congestió de Zona Franca a Poble Nou i de Guipúscoa a Bon Pastor en sentit Besòs. També hi ha… https://t.co/dExIHarvPI
2018-07-23 16:24:42,⚠⛔ 🚲🚲🚲 La carretera N-141 està tallada a Bossòst (Vall d'Aran) pel pas del Tour de França. https://t.co/QaifMamnV0
2018-07-23 15:15:01,⚠⛔ La carretera BV-5201 està tallada a Sant Sadurní d'Osormort (Osona) en tots dos sentits per un accident. Precauc… https://t.co/YtA0ancUoR
2018-07-23 14:30:44,"🔴 Ja no hi ha cap carril tallat a la B-10 a Sant Adrià en sentit Besòs. Amb tot, congestió des de la Zona Franca. C… https://t.co/uTvT1bB2Je"
2018-07-23 14:22:07,✅ Situació normalitzada a la C-58 de Montcada a Barcelona en sentit sud. @transitc58 https://t.co/jwLIQbkF89
2018-07-23 14:07:28,"🔴 Ja no hi ha cap carril tallat a la C-58 al Nus de la Trinitat d'entrada a Barcelona. Amb tot, hi ha 2km de circul… https://t.co/E1iUzN31S6"
2018-07-23 14:00:29,⚠ A la Ronda Litoral o B-10 hi ha un carril tallat a Sant Adrià en sentit Besòs per un accident. Congestió des de l… https://t.co/n3Y8YpBShf
2018-07-23 12:34:42,RT @bomberscat: Imatge de l'actuació dels #bomberscat en l'accident de Tivissa. Hem taponat la fuita de gasoil del camió https://t.co/7TuOJ…
2018-07-23 12:32:40,✅ Ja està oberta la C-12 en aquest. https://t.co/QNGcZIYDKw
2018-07-23 12:31:31,@mamoros8 Ens indiquen que ara ja s'ha obert la via.
2018-07-23 12:29:25,"👉 Si estàs conduint, no et distreguis amb el mòbil! 📵 Descarrega't gratuïtament l'#app 'Conduint' (Android) i utili… https://t.co/l7jtkxatik"
2018-07-23 12:11:17,🔴 Ara sols hi ha un carril tallat a la C-58 a l'altura del Nus de la Trinitat en sentit Barcelona a causa d'una… https://t.co/sxPIAeDlrw
2018-07-23 12:04:41,✅ Circulació normalitzada en aquest tram de l'A-2 a Sant Feliu de Llobregat en sentit Lleida. @transita2 https://t.co/yXMXXfIdVx
2018-07-23 11:55:38,"@mamoros8 Tallada la C-12 a Tivissa, es fan desviaments."
2018-07-23 11:48:47,✅ Situació normalitzada en aquest tram de l'A-2 a Sant Vicenç dels Horts en sentit Barcelona. @transita2 https://t.co/BHJlgKDhdF
2018-07-23 11:47:51,⚠⛔ A l'A-2 hi ha 4km d'aturades a l'altura de Sant Feliu de Llobregat en sentit Lleida i cap a l'enllaç a la B-23 a… https://t.co/UOSmY1Q0ue
2018-07-23 11:38:38,"@victorft83 @transitc12 Bon dia, ens indiquen que es fan desviaments en sentit sud cap a la C-44 i en sentit nord a… https://t.co/XFmX5bXOf4"
2018-07-23 11:25:55,"ℹ Carril Bus-VAO obert per a tots els vehicles, excepte camions, per aquest accident a la C-58 a l'altura del Nus d… https://t.co/OHTVgm8wpR"
2018-07-23 11:15:30,⚠ A l'A-2 hi ha dos carril tallat a l'altura de Sant Vicenç dels Horts en sentit Barcelona a causa d'un #accident.… https://t.co/WzhHLv5C7m
2018-07-23 11:01:25,"RT @SERLleida: Per la 16a etapa de la 105a edició del Tour de France, entre Carcassonne i Bagnères de Luchon, @transit informa que avui, de…"
2018-07-23 10:52:58,⚠ A la C-58 hi ha 3 carrils tallats a l'altura del Nus de la Trinitat en sentit sud a causa d'un #accident. Es regi… https://t.co/MlSsBDPNa7
2018-07-23 10:37:03,⚠⛔ La C-12 es troba tallada en tots dos sentits a l'altura de Tivissa a causa d'un #accident. Precaució! @transitc12 https://t.co/WWhWSoWWkK
2018-07-23 10:22:12,🚲🚲🚲 Recorda que des d'avui i fins dimecres hi haurà restriccions a les carreteres lleidatanes pel pas del Tour de F… https://t.co/eMTBKjEWL9
2018-07-23 10:20:13,✅ Situació normalitzada en aquest tram de la C-14 a Oliana. @transitc14 https://t.co/29yqCO43g9
2018-07-23 10:19:26,✅ Circulació normalitzada en aquest tram de la C-17 entre Aiguafreda i Centelles. @transitc17 https://t.co/b94Q2JhF7s
2018-07-23 09:47:26,🛵🚙🚕 Retencions importants a la Ronda de Dalt  @transitb20 de 7km entre el Nus de la Trinitat i Vallcarca en sentit… https://t.co/ifg4pImPps
2018-07-23 09:40:41,"⚠ Per una retirada de vehicle, a la C-14 a Oliana es dona pas alternatiu als vehicles. https://t.co/ULZYVenkBa"
2018-07-23 09:11:17,Hi ha un carril tallat a la circulació i el trànsit és més intens. https://t.co/WL2gbH40rA
2018-07-23 08:48:31,✅ Circulació normalitzada  a l'N-340 @transitn340 https://t.co/ynspSSRAaq
2018-07-23 08:46:10,✅ Circulació normalitzada en aquest punt @transitc32sud https://t.co/ZLlWx50UI6
2018-07-23 08:32:32,⚠🚧 Unes obres a la C-17 @transitc17 entre Aiguafreda i Centelles tallen un carril en sentit Nord i provoquen 2km de… https://t.co/ts8nrC17Ip
2018-07-23 08:18:50,ℹ Es mantenen 🔴 #retencions a la C-32 als Túnels del Garraf (Sitges)  ➡ BCN @transitc32sud
2018-07-23 08:17:42,⚠ Un carril tallat a la C-32 a Castelldefels ➡ BCN per #accident @transitc32sud
2018-07-23 08:14:15,⚠ Un carril tallat a la C-31 a Badalona ➡ BCN per #accident 1 carril tallat #precaució @transitc31nord
2018-07-23 08:10:08,⚠ Accident a la N-340 a Alcanar que provoca un parell de quilòmetres de retencions en sentit Barcelona. https://t.co/YHTMspMvKC
2018-07-23 08:05:38,🚙🚛🚗 Retencions importants de més de 6km a les Costes del Garraf en sentit Barcelona. https://t.co/CekUGHcUsU
2018-07-23 07:01:04,✅ Tots els carrils oberts. Millora ja la circulació en aquest tram de Castelldefels de la C-32 @transitc32sud https://t.co/Iquemgc111
2018-07-23 06:54:03,ℹ Es mantenen 🔴 #retencions a la C-32 a Castelldefels ➡ BCN per l'#accident @transitc32sud 1 carril tallat https://t.co/CDre7PMrgE
2018-07-23 06:34:33,"@SanzVeciana Bon dia, s'està regulant la circulació al darrer túnel en sentit BCN per raons de seguretat. Més endav… https://t.co/SWcjg7QsjA"
2018-07-23 06:28:48,⚠ Un #accident a la C-32 a Castelldefels ➡ BCN genera #retencions de 2-3 km @transitc32sud 1 sol carril obert #precaució
2018-07-23 06:16:58,"ℹ En aquests moments, trobareu #retencions a trams de l'AP-7, C-17, C-58, B-23, A-2, C-32, B-20 i B-10, entre d'alt… https://t.co/OEA5cDgxD1"
