1069380690289061889,#صورة_ملف_شخصي_جديدة https://t.co/4OtfRaCeYn
1069380690058215425,@tinayushaimi Dia ni pun samaaa https://t.co/ft1xiiKNaT
1069380688703627264,@1ni2s Per fi molta gent obrirà els ulls. Això de les eleccions a Andalusia està acollinint a molts (ERC i en Comú no podrem). Voldran fugir d’aquest futur tant negre que s’està dibuixant. Un bany de realitat.
1069380688217030658,@Blu_Jedi Why not?!
1069380687231414273,"¿De verdad él voto de este tío vale lo mismo que él mio?
https://t.co/zYKSlNt35H"
1069380685822140416,"@lugaricano Pregunta personal: si tu partido se aliara con VOX, te darás de baja?"
1069380682487656448,Quan els treguin el PER veurem si cantan tan! 📌📌 https://t.co/Vq2gsB2eUF
1069380681573302272,Internet - Falca Indirecte Radio Pod ...Listen Live Now On: https://t.co/bf08NrXX1m
1069380677332815874,"Eiiiii Andaluces !
 
La Democracia no está en los votos.
Está en los valores.

Suena el silencio del ""A por ellos""

Es el precio de vuestro desprecio.

#TenimFeina construïnt #consellperlarepublica"
1069380673734086658,Fifty fifty
1069380671418888193,@DOA_KEV Menos de 10 horas me quedan y me las voy a pasar durmiendo JUAJUAJUAJUAJUA
1069380669770481665,"Andalucía, a la derecha con la extrema derecha, por José Antonio Pérez Tapias - https://t.co/IUud6wEowX"
1069380668952666112,@Srto_Cyrus VIP MONICA
1069380665278427139,"_   _
  _"
1069380664317890560,@Chekii0_ Voy
1069380661088305153,"Estamos marcados de por vida con un sello en la nalga 🍑 como un tatuaje que dice Cachér de por vida Hahaha
@pochosaurus @danielaacallee @calleypocheoffi
•
#lgbtq🌈 #loveislove🌈 #calleypoche #couplesgoals #cachexcachers #bisexualgirls #likeforlikes #me #phototoday #funnyvideos https://t.co/yNZe0e7Kcj"
1069380660681416705,"#FMSLAPLATA 

#MKS vs #Cacha

MKS o réplica. Desde hace varias jornadas, #Cacha además de enfrentarse a su rival, debe hacerlo también con el público. Y se lo ha ganado a pulso."
1069380659599294464,"fachas dándose palmaditas en la espalda, a ver quién engaña mejor al pueblo: https://t.co/lTY69LiJ08"
1069380659196641281,"Miles Davis Quintet Live at Teatro dell'Arte in Milan, Italy on October ... https://t.co/W8WCIkUAy4 via @YouTube"
1069380658810765313,Porq poneis videos de hace tiempo?😅 #GHVIPDBT12
1069380658672345088,"@jldevicente @RubenMartinez @raulsanchezglez Que la izquierda alternativa no suele obtener buenos resultados entre rentas bajas no es nuevo. Pero ya que tenemos resultado y renta de distritos, una comprobación rápida: la mayor diferencia de rentas está entre Los Remedios (42.984€/p) y Cerro-Amate (18.866€/p). Resultados: https://t.co/JgDupQ6mHB"
1069380655937540096,"@DianaHerbello Yo me lio tanto con eso!! Muchas cuentas a la vez y lo que tú quieras, como CM va de coña pero un día programé un tuit a unas horas....telita jajajaja"
1069380655115575296,"@dia_sevilla @mapefu @TurpinNW @BeatrizTalegon Estos separratas van a ser perdedores toda su vida, ahora les da miedo la España Viva... sois patéticos lazis!! Pero gracias x haber despertado el patriotismo en Andalucía, quien lo iba a decir en un feudo sociata!! Sorpresa!! Ahora veréis el bombazo en las generales.. gracias!😊"
1069380648111169536,"Let’s be honest about what’s really driving Brexit: bigotry. Those who pose as our leaders have allowed this absurd and horrible vision of Britain’s future to take root. Let those who are responsible take full ownership of whatever consequences lie ahead.
https://t.co/mGQoxvz2RU"
1069380647247142914,"@_Sara_Gonzalez_ Sóc molt pessimista. No és un pronòstic, Sara. És proposar una altra lectura. No donar per suposat que els tres sumaran. Insistir que lo de VOX és molt greu i que els seus aliats quedaran tacats."
1069380645166739456,"@msgraceseyfried @kaclaflin_ Miriam actúa x impulsos... se equivoque o no. Yo creo q lo ha sentido y no ha pensado en el directo. Pero sí es cierto q muy acertads ko ha estado, o un poco inoportuna mas bien"
1069380643958726658,Portada @sport: “LIDERATO MADE IN MASIA” #Portadas https://t.co/V2jm4qvMOR
1069380643891625986,@_anapastor_ @laSextaTV Tampoco le gustais a la izquierda Ana!! Debetiais reflexionar un poco no?
1069380643807727619,"@ElPresidentduda en serio esta respuesta es de traca, decir q el i dependentismo en franquista es d una produnda ignorancia, los franquistas de UDC no están en partidos indepes, Torra es tan racista q abrió puertos para acojer inmigrantes algo q seguro haría VOX... en fin"
1069380642436235264,"@IvanBateman_ Voy a ver si duermo algo.
Lindt 4ever😘😘"
1069380640385220608,"Direu que sóc rencorosa però m'alegro de la patacada del PSOE,  la Susanita i el Sánchez i també per la part que li pertoca d'Iceta.  Potser se us baixaran una mica els fums i els egos. https://t.co/aVm9BhgMuF"
1069380632344780801,"Lecciones andaluzas, por Carmen Juan - https://t.co/enD2mSUi0s"
1069380632206344194,@_DDelai Invisível
1069380627173134338,@el_pais Cuánta razón ....
1069380626644635651,@Vitorilha1 Teve vídeo?
1069380625881329669,"@LaHipogrifa Por no hablar de la homofòbia, racismo y maltrato animal... https://t.co/86EPl8ZlV1"
1069380622689406976,"@LadyPotorro Eso y que hay que evitar bloqueos. El del ""No es no""."
1069380621494030337,I liked a @YouTube video https://t.co/6d5lxSc4XT Minimapas Insanamente Difíciles 2018 2/25 Catcalypse II Sekmeth Tomb
1069380619015282693,"@MartasAshesXIII Que rabia yo solo pude encontrar a eevee, charmander, beldum, larvitar y chicorita 😣"
1069380617517842432,@jopasso @er_pllo Em sembla que t'has passat el vespre dient subnormal a la penya i has fet una feina molt lloable
1069380616712568837,"@_Lafwyn Hombre, que llames tonto a alguien por tener una opinión negativa de bildu... Igual es que el que la tiene positiva eres tú."
1069380616641236992,Duuuuuuuuuh :Q_______ https://t.co/Y0Jxc5Fxd8
1069380609297055744,Wtf https://t.co/pDFkw52wuF
1069380607334117376,Me ha gustado un vídeo de @YouTube (https://t.co/qSAqTtwQfg - Rueda de prensa de Ramis tras el Albacete BP vs AD Alcorcón (2-1)).
1069380601696923649,we fall in love in october - girl in red
1069380599335567361,Me ha gustado un vídeo de @YouTube (https://t.co/tRR1SbCViq - EL HOMBRE QUE TE ENSEÑA A FRACASAR CON LAS MUJERES).
1069380599205515265,"Molt bon twitt del conegut periodista turc @candundaradasi a favor dels nostres presos. També ell va viure a la seva pell, la repressió d un país autoritari i antidemocràtic.
Europa es desperta.
#freeCatalanPoliticalPrisoners https://t.co/YuRfcqkexv"
1069380594763800577,"@WhiteZunder No sabía q eres tan ""me quiero morir""por decirlo de una manera"
1069380589114060805,@ameraenzi_ 😂😭😭😭😭😭😭😭
1069380588161957888,Madre mía este hilo. Me tiene al lloro. https://t.co/3dkuba5H92
1069380588145119233,@Almendra219 @GuajeSalvaje Ostras..jajaja.. https://t.co/jx6rCOJEF1
1069380587495006208,"@LaFallaras Que poco os gusta la democracia ahora. Sois una panda de ratas y escoria fascista. Que os creéis que por más veces digáis que son fascistas se va a convertir en una realidad, no somos tontos."
1069380584680632320,"@_ju1_ Tienes un poco idealizada ""la clase obrera"""
1069380584668086272,Espanya cada dia més lluny. Cal correr sense parar i no mirar enrera.
1069380583602757646,"Por cierto: también la generación con el discurso izquierdista y de clase más marcado desde el New Deal. Porque se trata de eso: no ""priorizar un eje"", sino reunir y movilizar en coaliciones amplias (y por ello, incómodas) a quienes están en los distintos abajos.

(Fin del hilo.)"
1069380582940033029,"en serio, suficiente sufrimos/vamos a sufrir los catalanes con la derecha española del una grande y libre como para que se nos eche la culpa de la ultraderecha ganando, que ya lo he hiato en varios tuits xd"
1069380582478671878,@casiraghiBF Je vous masque tous les madrilènes de ma TL
1069380580062695424,"Y de aquella pregunta equivocada salen respuestas de autoconsumo, en plan ""es la diversidad"". Pues mire, no: Francia tiene una izquierda alérgica a la diversidad y así van, y en EEUU a Trump lo ha derrotado en la Cámara la generación más diversa de congresistas demócratas."
1069380579731353600,"@KiiinnGzK_ @DarkyTheGoD @CCreativeee_ @GA_FlowCarrot @Depredador2424 @Kiketendency @BlueMythh @Xevi_72 @ShallowFNT @zLxganZz @Sampe1410 @JoaneNot @ExosSintHolo @Anton17I @iJason @krinzk @farililla @Spirit_StiicKs9 @AdrianClyt @Xblo_ @FranKzZz Competencia sana chavales! Esto es para unir a la community un poco más, GL a los dos🤟🏽"
1069380579454525441,@PaulitoxRM No sale la fecha cabron me has hecho buscarlo
1069380579286749190,@Esparroqui Me refiero a los que han votado para evitar que saliera este resultado. Los que lo han votado o se han quedado sentados en el sofá se merecen los que les venga. Sobre todo los que no han movido el culo del sofá.
1069380578460557312,"Y el problema es que cuanto más se pregunta la izquierda ""¿qué hemos hecho mal para que la gente vote a estos tíos?"", menos se pregunta ""¿qué hemos hecho mal para que *nuestra gente* se quede en casa?""."
1069380577072160769,"Lo acabamos de ver en Andalucía, como lo hemos visto en Brasil, como lo vimos en Estados Unidos: la extrema derecha toma el control de la derecha, pero lo relevante es que los votantes de izquierda se quedan en casa. El miedo al lobo ya no moviliza."
1069380577021829120,"@AntonioMaestre Con tu discurso, en España crece la ultraderecha y aquí en Catalunya el independentismo, sigue así campeón 😘😘"
1069380576187166720,@colima_amor gracias!
1069380575100846080,"(Hilo 👇 )

Cada vez estoy más convencido de que el auge global de la ultraderecha no es un fracaso de la izquierda, sino una transformación de la propia derecha. El fracaso de la izquierda no es perder voto hacia la ultraderecha, sino no movilizar a sus bases como para ganar."
1069380573599334400,"La estrella de YouTube conocida como Soy una Pringada, ha presentado su segundo libro “Las cosas que me salvaron la vida” https://t.co/we8R9SEx72"
1069380570784894977,"También digo, la actitud de Mónica es consecuente y la entiendo y no me parece para nada reprochable, eh. Lo sucedido solo demuestra, una vez más, que una está estancada en el odio y el rencor, y la otra está lista para avanzar y dejar ir #GHVIPDBT12"
1069380569241452544,@thekitze What about @jsunconf ? Sounds like a great idea IMO
1069380565479186432,"Puigdemont, al PSOE: ""Assumir la cultura de ""l'a por ello"" us ha enfonsat"" https://t.co/XLdHaf2Kzm"
1069380560236101632,Me ha gustado un vídeo de @YouTube (https://t.co/sT7dHmVFJX - KAZE BATE RECORD MUNDIAL!! (REACCIÓN)).
1069380560009797632,@ZombieGrouchy @tododezombie Ostias un humano como yo!! Que curra los findes y festivos!! Somos LA RESISTÈNCIA!!
1069380558223015936,@AllalyMohammed وفراني 😂😂😂
1069380557719724032,@lbassets @elpais_espana Tenir un model d'estat diferent al vigent es quelcom frívol o natural en democràcies sanes?
1069380556675325953,Sacadme a beber y a organizar la resistencia https://t.co/QCYBdAfZyQ
1069380555559657473,"Robert Capa estuvo aquí, Curso online de foto callejera de Magnum Photos y más: Galaxia Xataka Foto https://t.co/paswjVHwp6"
1069380554397753344,@carxsella n faço ideia
1069380552455856128,It is a great pleasure to announce that EADA holds its place in the Top 30 European Business Schools. The prestigious Financial Times confirms EADA in 29th position in its latest publication of the 'European Business School Ranking'. #WeAreEADA https://t.co/4YS40wQdaX https://t.co/9I4hhhdGFb
1069380551080116224,"@JaumeAlonsoCuev Señor Iceta, ya que usted tiene tanto poder.... aconseje a sus @PSOE."
1069380549536563200,"@arturelpayaso2 Si salen los suyos a la calle no habrá mucho follón, son pocos y cada vez menos....menos mal...hay que bajarles los humos a los supremacistas"
1069380540476715008,No comments at all... https://t.co/FAOF7h4CNx
1069380538497159168,"@nahueearaujo_o @JoaquinLlompart @DalasReview Lo dice Dalas el idolatrado, ese es su humor, defenderle no es bueno."
1069380537889030144,@Xuxipc Con “el ascenso de vox” te refieres a gritar sucesiva y progresivamente más alto?🤔
1069380536878186496,@FoxProduction3 @CINISTREAM @RCPNE18 Your support is greatly appreciated.
1069380536299413504,@infiltrada8 @EnriquedeVicent @josemnieves Muchas gracias!!! Abrazos!
1069380532440580096,"@QuicoSalles I mira que la Díaz ens donava canya, però es veu que no era prou..."
1069380532163788802,"-Toño, no hay cojones a escribir un tweet en el que insinúes que hay que ser un poco facha para ganar a los fachas.
-Hold my beer. https://t.co/d5KPxIhfnG"
1069380530343501826,@jordisanuy cuando quieras llama bro &lt;3
1069380528225378304,A ver como va esta semanica
1069380526295916544,@altamiranoMLG @AdelanteAND VAYA TORMENTA SE AVECINA
1069380525821968384,"@beli71104035 @hoyosmoni @ghoficial Pues porque va a salir Mónica, eso es una realidad y quien no se quiera dar cuenta pues a gastar dinero #GHVIPDBT12"
1069380525499052032,@ahorapodemos @Pablo_Iglesias_ No sé si la palabra autocrítica te dice algo o qué...
1069380518851108864,"‘Attitude is a choice. Happiness is a choice. Optimism is a choice. Kindness is a choice. Giving is a choice. Respect is a choice. Whatever choice you make makes you. Choose wisely.’
Roy T. Bennett 
#sundayquotes"
1069380518209351680,Niños de bandas sinfónicas se habrían intoxicado en Villavicencio - https://t.co/xH2hp0WjBu
1069380516074397697,"El buen easter egg, si señor! #PS4share https://t.co/1QfptJI5lW"
1069380514182819840,@jpuigoll @pep_rovira_cat @SergiTarres @Esquerra_ERC La CUP no conta?
1069380513163632640,@FansSaavedra Yo no dije que no lo hiciera de corazón pero la que queda mal haciendo eso es ella
1069380512945459200,"@morenoale34_ale Te esperas el ambiente de allí aquí? 😂 😂 😂 😂 😂 😂 😂 😂 😂 😂 😂 😂 😂 😂 😂 😂 😂 😂 😂 😂 😂 😂 😂 😂 😂 😂 😂 😂 😂 😂 😂 😂 😂 😂 😂 😂 😂 😂 😂 😂 😂 😂 😂 😂 😂 😂 😂 😂 😂 😂 😂 😂 😂 😂 😂 😂 😂 😂 😂 Primer de todo, ya los equipos no quieren ni viajar..."
1069380512823816192,@ghoficial Jajaja
1069380506800873472,🍁 TAP: La tecnología que convierte la mano del usuario en un teclado... https://t.co/LqJrpVJXeD
1069380505555083264,@bcnenlluita A veure si et penses que la gent que sap negociar en conflictes complicats fa aquestes bestieses.
1069380503063670784,"Y pese a estar compungidisimo por la ascensión de la extrema derecha, Antoñito Maestre ha tenido tiempo para acordarse de  Puigdemont y de @antoniobanos_ porque ""putos indepes"" aunque sean elecciones andaluzas"
1069380502350675968,@GIANNIMAGGIO3 Ya me gustaría a mí mamartela
1069380500370927617,@firstmuslim @BAlmoha @hotmai84369182 @JamalMalaikah @HadoolWaseem @T1390m @amy_otibe @alda3eh_alm7trm @nawalshi @abdullahrushdy @Adnan_almthany @BlackMema0 @tfkr_W_tdbr @mimigreek7 @BahaaTaher2 @zxc123vf @Alchahedi1234m1 @e8l242 @Y166F @zyood_518 @hp050 @kimokom @egypt_com20 @FYAM93 @Mohamedd_5 @IMINDF1 @b_3b6 @2018_20_ @ominiSad @mum22__nh @z3bdal5l5 @dukefleed4 @osun4 @Sunnalawyer @L5VwMjD2uwk03St @tyay111 @rashid7al @taleep12345 @Outofmind42 @ETpDYEe4NVB2q3S @almusaferq8 @qurtoph @WaleedKSaidM2 @herohashimy @Kuwaittowerss @mohamd_gof @Sqrii @brdcjijel @luis_alfares @anashlali افتح المصحف
1069380500295430144,@ItsxRo @GangstaDesg Rooo xfavorrrrr
1069380496939995136,"La que se puede liar, y nadie asumiendo responsabilidades.."
1069380490455584768,"Andalucía... 
“Yo pronuncio tu nombre,
en esta noche oscura,
y tu nombre me suena
más lejano que nunca”
F. García Lorca
#Andalucia"
1069380487372787712,@todoOKpuntoes @IgualdadLGBT PERDONA? https://t.co/5TPQeovL6V
1069380487238623232,@ghoficial Grande MIRIAM
1069380486215155712,"@K0D3N Ostras compi, no lo había visto! Supongo que se nos ha ocurrido a varios"
1069380485896437760,@vox_es no passarán! https://t.co/8Aakr9aiNw
1069380485774749697,Me ha gustado un vídeo de @YouTube (https://t.co/UJl4uC3FQ1 - Resumen de Real Betis vs Real Sociedad (1-0)).
1069380482582892544,"@gabrielrufian Se decía por ahí que Rajoy era el mayor fabricante de independentistas, pero los independentistas, los proetarras y los comunistas junto con el psoe estáis siendo la mayor fábrica de la derecha extrema."
1069380480657702912,Epppp⬇️⬇️⬇️⬇️ https://t.co/PbNnGOilXC
1069380480385073153,"Que se preparen los #PPSOE  @PSOE  @PPopular en las generales, @ahorapodemos ya ni lo cuento
Estamos hartos de políticas dañinas!"
1069380479642738688,https://t.co/4vu2T3EaR0
1069380477734277120,@ahorapodemos @Pablo_Iglesias_ VIVA VOX!¡!¡ COLETAS VETE CON TU MIERDA DE PARTIDO CON TU MADURITO!¡!¡ EN LAS GENERALES OS VAMOS A MACHACAR !¡! https://t.co/40dlYbokct
1069380471774216192,Fastigós https://t.co/hQWVtbyR1U
1069380470373269506,"@Manu_ES97 12 son muchos. Y en Andalucía que históricamente eran de ""izquierdas"". Ya veremos que sucede"
1069380466128637952,@AllalyMohammed كسيري
1069380465759526912,@cmiIastry ele vive em 2012 ainda
1069380465747001344,@LaPotlla @Rincewindcat @RogerPala Els poden donar molt pel cul.
1069380464975273984,"@iuforn @Jurassicq Obviament SI, són exactament el mateix."
1069380464882921478,Que ansiedad
1069380461733048320,"@LilXanSPN Yo ya las tengo pero:( queria una de meet and greet y no hay, no han sacado, creo :( no salen en ningun sitio y jo. Pero algo es algo 💗"
1069380456737636352,@NereaAndrade7 POGGERS
1069380455374442497,"Estic horroritzada. La gent que vota Vox són conscients que estan en contra de l’avortament, de la igualtat de gènere, de la diversitat sexual i de tot allò que protegeix els drets de les dones i de les minories? O senzillament odien els catalans?"
1069380451675062272,me estoy haciendo cada puto spoiler con Vis a Vis que se me está hinchando la vena de la frente y no
1069380449217191937,Qué grande el maestro se le ha abierto el lluporn en el iPad en vivo #cuartomilenio
1069380448432914433,@Schofield933 😱😱😱😱🤪🤪🤪 https://t.co/Al2PdxFLh6
1069380443785621506,"@SHDDI16 @ABDBatallas El problema del público de Perú ya no es sólo el localismo, es la actitud en si, cuando lo de Nitro y Choque luego ni dejaron continuar las siguientes batallas y tuvo que estar el speaker calmandolos como 10 m, por eso para mi Perú el peor público y Arg actualmente el 2° peor."
1069380442871267328,"#Pensamiento | ""En Cataluña no se entiende que alguien pueda estar en la cárcel con certificado de paternidad"", por Guillem Bota
https://t.co/3MR7X4G8Hs"
1069380441222905856,"Hey! You'll love this selfie editor app, AirBrush:https://t.co/fpc86ut18M"
1069380439356383233,"Un gran #fitnessday a #SantCugat, amb moltes activitats i premis dels clubs participants, encarant la recta final de  #santcugatciutateuropeaesport. Solidaris amb el #DiaInternacionalDiscapacitat. 
@_vaic_ @AnytimeFitness @fitnesscugat @CEValldoreix @Cataloniafundac https://t.co/BrloLGGIyC"
1069380435334045696,@pinaveglia Pues parece que no nos han hecho caso y todavía no han hecho la entrevista a @Tony_Spina que es lo que estamos esperando.
1069380434524585984,@xxxxxFee Quieres que saque un tweet exposeandote donde dices que han roto?
1069380434457493504,"@chapiri1985 Te has molestado en abrir el enlace y leer todos los casos del choriceo en Andalucía?no son sólo del PSOE son todos,en el enlace salen casos,partidos,empresarios,nombres,costes d l robado,y lugares,si quieres los d todo el país los pides,para robar no hay ni colores,ni banderas"
1069380434281316352,@crisftnoelia @LaurenIsTooGay @ellasonriente @veammart 💗
1069380431806648320,@MiriamDiosaGH @SrtaPickyGH Lo pensé Jajajaja
1069380429743079424,"@Vendocroquetas @YouTube Sí, lo malo es llevarte a los subs... yo, ya lo estoy probando, tengo mi cuenta y tó, trá, trá !!"
1069380424714121216,ufff la falsa modestia que estoy empezando a ver en algunos triunfitos 18 no me esta gustando un pelo
1069380424118558721,@ghZvg7ne5wbe7eg Sir aap follow back le kar unfollow kar dete ho so if u want followers don't unfollow .
1069380420825956352,@JaumeAlonsoCuev Llàstima d'abortamen.
1069380414509391873,@mariaot2018 Ojalá todas folláramos tanto y discutiéramos menos.
1069380406749859841,"#CuartoMilenio: Si pero quita la música, Iker."
1069380405474803712,@ghoficial Mirian es sincera
1069380405176999937,"@_Queque_ Seguramente si se hubiese extendido una mano desde la humilde sociedad cuando se nos pisaba ahora me importaría que sugieras que vamos de sobrados... para dar lecciones el primero, para ayudar y dar el callo tra tra..."
1069380405026062340,@rfuertespuch Yo tb creo q no era el momento pero creo q ni ha pensado si era o no el momento actúa por impulsos . Pero Mónica no lo hará necesita recapacitar muchos años desde su separación.
1069380403964911619,Iros a la mierda todos los de derechas.
1069380401943273472,"Crec que avui ho deixo en aquest tuit, que la clava. Res més a dir. https://t.co/QVGmCFA0jU"
1069380399867092992,"@rupttzz @PITTA_macedo Se eu fosse o policial, mandaría engolir a porra da maconha. Vai fumar maconha na casa do caralho.."
1069380399812538368,@ElegidaDeDiosGH Bueno bueno..  maldiciones de burro nunca llegan al cielo.. no seamos jueces.. yo quiero que salga  con un voto más con eso me llega
1069380389532258304,"@navedelmisterio puede ser que esta todo tan apunto del colapso, que necesitemos una noticia bomba para este ¿cambio de vida? #CuartoMilenio"
1069380388886364161,"@ierrejon Eso vosotros, tu compi Echenique, que es mas anticatalanista casi que Borrell!!
Vale ya de equidistancias y medias tintas"
1069380388492140551,@Franel_Landau @lluis_llach @SusodeToro1 @AdaColau Que dius. Potser. Are es fera amiga d'ells.
1069380386487263232,@Guaaberger Te amo amiga ♥️
1069380384918511616,"@pilarpr_ Illa yo estoy igual, me he tomado una tila y no me ha servido de nada"
1069380379654742016,@MLP_officiel @vox_es @Santi_ABASCAL 🤮
1069380372834803712,"@silvi_89 Muy buenas, silvia puede que esto te interese: https://t.co/z1hiMbYlrZ"
1069380372427878400,Ya llegará mi día...
1069380372079804416,"@bcnenlluita No dir quins són els teus límits no és cap mentida. És ser intel·ligent, no un loser."
1069380368342622208,"No había visto lo de Ángel, este señor es un gili****** #GHVIPDBT12"
1069380366857838592,"@Alien_Tuitero @Lamismamente No tiene hijos, entiendo."
1069380366329397255,@Silviaab93 peor que la de L con noelia
1069380362969759744,"Defender la libertades que defendieron mi padres y abuelos, si quieres derogar la constitución porque nació de una dictadura. De que luxhame hablas https://t.co/Aq6DvCO8x7"
1069380356284010499,Esta rabioso y no acata lo que votamos los ciudadanos es un vende humo y se le va viendo el plumero https://t.co/d4MSmATBCY
1069380353809424384,@sonietamb y la ganó
1069380352727269376,"@kisacullen Pues ahora que me voy a Francia, si puedo pillar algo guay haré uno. ^^"
1069380346490339331,Vivimos en una sociedad
1069380341914320898,¿Ha dimitido ya Tezanos? https://t.co/tBjUUBKBpR
1069380340391776256,@SergiRG_ Después de hoy? Ni de bromis
1069380339146080256,@badhufflypuffy Es que como no me va ABBA pues no tenía ni idea.....
1069380338349211648,Hasta cuando estará @kaquka por estos lares? https://t.co/SqA8yEHV8e
1069380337191526400,@QuimTorraiPla Dons estaria be que treballesis per la independència i deixesis les tonteries.
1069380336218460161,"80+ viewers viéndome jugar al Beat Saber, no me lo creo, antes de tomarme el stream en serio no subía de 5 con este juego (hace 1 mes XD). Sois tod@s muy grandes, mañana más y mejor. Gracias por estar ahí &lt;3"
1069380334721077248,@Juansangonz No es cuestión de entenderle o no. Es que le preguntan por una cosa y cuenta una movida que nada tiene que ver con la pregunta xDDDD
1069380330023514112,"Estoy disfrutando mucho todos los vídeos de Conan en Japón
https://t.co/ebbPJKCmHt"
1069380327603412995,No sé qué decir de #EleccionesAndalucia2018 ...
1069380324222595072,Pelea entre amigos +Hacker Fantasma FORTNITE: https://t.co/ps4sZAsj99 vía @YouTube
1069380323992055808,"Cataluña no acabará con la democracia en España, la extrema derecha si.

#democracia #catalunya #llibertat #Andalucia"
1069380322679234565,2 pessoas estão visualizando seu perfil https://t.co/GM0zHTr187
1069380322352091136,@mai__sun Inspira y expira  coge aire por la nariz y sacalo poco a poco por la nariz repitelo las veces que necesites.
1069380319227334659,"@Huktheim @hey_duggee @DraudeTM @CristinaSegui_ @gabrielrufian @Santi_ABASCAL Hola viejales cobarde, sin nombre, ni foto"
1069380318191411200,Pasaros a ver este battle royale me encanta https://t.co/l2WXlpX6wD
1069380317151223808,"🔴⚫ INFANTIL MASCULÍ NEGRE | La crònica 
▶ @NBOlesa 43-31 @cblamerce 

🏀 L’equip de Jonathan Lamhamdi i Marc Martí ha tornat a guanyar els martorellencs en el segon partit consecutiu aquest cap de setmana

📷 @enricalb22 

#123Olesa
#NBO https://t.co/xsVnczkuLw"
1069380316173922310,@yosoynaranjito_ @tabarniademar Todavía no me explico como aún han sacado 17.
1069380307512688641,"@tommylonn @RealTimeWWII In fact it was worse. Napoleon spent some time in Moscow before he was forced to withdraw. Germans never reached it, they were close but never there."
1069380306682155009,"@antoniobanos_ @EtniaNostra @AntonioMaestre Perdó??? JxCat esquerres?
Antonio, ens prens per imbècils?"
1069380302269763584,https://t.co/Ra1SSb7nvP
1069380300936019973,@Societatcc Deu meu♦️♦️♦️
1069380292467671041,@danirat Including @_Rene_V and not mutuals: @JesabelRaay &amp; @wyattyhalpert
1069380290567639042,@taxiyellowblack @sanchezcastejon En un mismo tweet hablas de dificultades para comer y te lamentas por las vacaciones. Mucha hambre no tendrás...
1069380279972839424,@nogaret Es que jugaba el FCB hoy y claro...
1069380278559358976,@jcoscu De gent potser com tú https://t.co/QETAt5rA6A
1069380278349492224,"바르셀로나는 예술 문화 건축 쇼핑 음식 자연 등 무엇 하나 빠지는게 없죠~ 햇살 가득한 지중해성 기후 덕분에 사람들은 언제나 활기가 넘치고 삶에 대한 열정으로 가득 찬 곳으로 여행을 즐겨보세요.
https://t.co/ekRlU7mwjv"
1069380275984060423,"@ramirp Avui està molt més lluny el referèndum pactat, però més aprop la independència."
1069380274570579969,Goodnight!!! 😊🤭😴 #tamagotchi https://t.co/o41QKS6OyJ
1069380272372793344,"Fàstic i més fàstic. Franco avui munta una festa.
#EleccionesAndalucia"
1069380271772975104,DRIFT CON SUBS EN HAPPOGAHARA: https://t.co/ifR7aa4AGZ vía @YouTube
1069380270472736769,@PatriRod1 @ghoficial Pues apaga la tele jajajajaj le haya pedido o no el abrazo seguía siendo la ganadora ... a rabiar 👍🏼
1069380269663285252,Todos los trucos de Destruction Derby en PlayStation https://t.co/BGr0QR4fCU
1069380269298323456,@latzavara joder que me dejen castear algo
1069380266794393605,Pues esto parece. https://t.co/6wQi9JejOQ
1069380265682878464,"@Desiderata_Cat Una manera de continuar amb el bonisme dels dirigents que tenim, en aquest govern tebi que continua frenant les iniciatives de la gent i no saben liderar ni navegar per fer efectiu el mandat legitim del 1-O #independencia #nopassaran #vagadefam"
1069380263023542272,@gabrielrufian Jajajajajaja menos lecciones hijo de puta mamarracho.
1069380261693935616,@Starbeebo2 انا كنت اذاكر قبل الاختبارات بسبوعين
1069380261157183488,@AldyMGomez te extraño mi amor😭
1069380257483026432,@cthxenia pista:si
1069380255448748032,"Lleva rato mirándome, voy a tener que levantarme y romperle una botella en la cabeza #RDR2  #PS4share https://t.co/YU2pA4HwgQ"
1069380245256589313,#ChiringuitoIsco Las fotos tienen en propiedades datos sobre realización. Mejor comprobar que especular
1069380242337398785,"#somoslaaudiencia2 ha veces veo cosas,
A Sofía diciendo que es virgen y sensata.
Alguien se la cree a esta repollo."
1069380240126951430,@MarqMarti https://t.co/0LR8Qa2mYW
1069380240047308801,@prepuciosalmar Tu mira el twit fijado y su continuación
1069380238747058177,@xtomas @aleixramia Jo us qüestiono als dos 🙈 https://t.co/dLAq6zwQBO
1069380238243708929,@paulagonu 🤦🏼‍♀️
1069380234192015361,Al que em pregunti per com ha anat el finde el revento.
1069380233046970368,"@agarzon @boye_g ME parece mucho mas grave la atitud del Gobierno de España y de la mal llamada izquierda española frente a la reivindicación democrática de Cataluña.

Que aparezca VOX en el parlamento Andaluz es un claro reflejo de la sociedad española (junto con Cs y PP)."
1069380232279400448,@ElAguijon_ @maria_m1965 Solo por ver esas caras habría pagado muchísumo! Y la tenemos gratis!! 👏👏👏
1069380229947375616,@Nathaniel_FD18 La verdad tuvimos un final nada parecido al de la primera en el que nos dejaron intrigados. A mi si me parece un buen inicio de temporada.
1069380223622361088,"@Miquel2XTI @saralidiaester @BeatrizTalegon Doncs estas de sort, a mí fa un temps que em té blocat, encara no sé perquè, tampoc no la he insultat mai,  ja s'apanyarà.."
1069380221240057857,"@ohriol @er_pllo És del PSC. Com el prota del Sexto Sentido, només ells no saben que l’esquerra ha mort al PSOE."
1069380220631871488,"Perquè alcaldessa, fer un front contra la inseguretat de Barcelona, que està en el pitjor nivell dels darrers 40 anys, o del preu de l’habitatge, o del barraquisme que s’ha triplicat en els darrers 4 anys no cal oi? https://t.co/v8HMzYq52K"
1069380218836721665,@Arezno @elconfidencial 🤮🤮😪
1069380218354307079,@AntonR7 @juansotoivars Te has paso tres pueblos y dos aldeas me parece a mí
1069380217607733249,"Si más de 300.00 personas han votado a Vox en Andalucía no quiero saber cuantos votantes tendrá en elecciones generales....

Parece que volvemos a la época de Franco, una vez más que el fascismo se ríe en nuestras caras"
1069380216492040192,Piqué i Dembélé marquen el camí de la victòria https://t.co/AF0nB1OFcN
1069380215263150081,"@EspanyaModerna Tabarnia es un grupo de fachas capitaneados por el Gran Facha Boadella. La informació que da tiene elementos ciertos pero “modifica” lo substancial. Puedes creer lo que quieras, però Catalunya es un pueblo con derecho a la autodeterminacion, reconocido por la ONU: relator A Zayas"
1069380214906658817,@Alberto01438655 A fuiste tú!!!! https://t.co/2uZZiJiSGP
1069380212591333377,@malakahin Un independentismo burgués. Sigues sin entender absolutamente nada. Así os va. Disfrutad lo votado.
1069380207814021121,"@Nereyuski24 Bueno... venga va, ven aquí 😘"
1069380205079404545,@kamla91216452 Ahahahahaha pueee como tu bb
1069380203426787328,"@LaFallaras Cristina una pregunta ...Qué crees tú , que debería suceder , con Susana Diaz ahora en que el PSOE se ha descalabrado ?"
1069380200998289409,Madre mía con el wishful thinking de la Internacional Federalista https://t.co/4ifH0SLmxb
1069380199375093761,@protestona1 Buenísimo...
1069380194484584448,@Iemonade when you do nicery the nicery comes back to bite!
1069380191548518400,"@jmangues jajajaja vosotros llamáis fascistas a todos los que se sienten españoles aunque sean catalanes. Tanto jugar a despertar los fantasmas del pasado que ahora tenéis miedo. No es fascismo, son españoles de derechas y de izquierdas hartos de vuestros chantajes."
1069380191447932928,Retuit para que lo vea un facha https://t.co/PzRXSzpqZs
1069380191003312130,Boooooooo!!! https://t.co/f0oZuWGFid
1069380187714932736,"@edgaar_97 @guyverhofstadt @CiudadanosCs They ARE the far-right, for heaven's sake"
1069380186754478081,"es que memeo, cuantos mofletes tenia me muero https://t.co/PHzzTCUaju"
1069380185563250688,@Maldad_oso Por todos lados. ❤️
1069380185370345472,@DianaHerbello jajjajajajajajja buenísimo!!!! Vuelves al pasado ;) XD
1069380181767393280,Andalucía abre la puerta de España a Vox https://t.co/smWpAvSRL1
1069380180404305922,@roxmo @AnaPaulaVolei @silvioluiz Ou que vc compre adaptadores duplos !
1069380178692984832,@XJavaAmbrossi Javi por el amor de Dios.
1069380177518649346,"@asertiivna I kako si se ostvarila kao majka, nemoj to da zaboravis, jako bitna stavka"
1069380176189014017,"@kevin_viera8 @Echelonesport Si, lleva ya tiempo el bug."
1069380174951735296,"@tonyvk66 @javierfagreda @conchajua Ah...pero, mandan ya en el gobierno central? ! Si que van rápidos!"
1069380173055827969,Shooting day 🤓 https://t.co/83cNNEFUBm
1069380172632244224,"Patricia López: ""Hay jueces y policías en una organización criminal"" https://t.co/poxB34rDHK"
1069380169679421441,"Las zonas de confort son muy bonitas y cómodas, pero no nos van a dar el análisis necesario. 
Fundamentales, más aún cuando faltan –al menos– cinco meses para los próximos comicios en España.
#EleccionesAndalucía"
1069380166340751362,Jajajaja.. Le importa un pimiento!! Tienen a los poderes para blanquear todo lo que hagan. https://t.co/fALKxreCTP
1069380166290468864,"@Chenoaoficial total 👌 bona nit, bonita. 😘"
1069380163908063232,@HyzeeenAT @ImExcel2003 No hace falta ni responder.... si dice que la independencia es por un tema economico esk no tiene ni puta idea de nada 😂😂😂
1069380163840942082,@Albiol_XG @KRLS Manipulador miserable
1069380162893029378,@EnyaGR @_ethan9 @ArnauBertomeu han tret un estribillo ara però la cançó no surt fins 2019😂😂
1069380158036066304,@vickymabean @GuajeSalvaje tambien lo piensan mucha gente por desgracia.
1069380157763403777,@FCBDHM او انت شكلك من اللي يضارب المدرسين
1069380152109486080,@BAlmoha @hotmai84369182 @JamalMalaikah @HadoolWaseem @T1390m @amy_otibe @alda3eh_alm7trm @nawalshi @abdullahrushdy @Adnan_almthany @firstmuslim @BlackMema0 @tfkr_W_tdbr @mimigreek7 @BahaaTaher2 @zxc123vf @Alchahedi1234m1 @e8l242 @Y166F @zyood_518 @hp050 @kimokom @egypt_com20 @FYAM93 @Mohamedd_5 @IMINDF1 @b_3b6 @2018_20_ @ominiSad @mum22__nh @z3bdal5l5 @dukefleed4 @osun4 @Sunnalawyer @L5VwMjD2uwk03St @tyay111 @rashid7al @taleep12345 @Outofmind42 @ETpDYEe4NVB2q3S @almusaferq8 @qurtoph @WaleedKSaidM2 @herohashimy @Kuwaittowerss @mohamd_gof @Sqrii @brdcjijel @luis_alfares @anashlali طيب سورة التوبة اية 4 داعشية؟
1069380151648153601,Como Eliminar La Grasa De La Cara Para Siempre | Maina | SORTEO !!! https://t.co/009fC1zOdh vía @YouTube
1069380151337779201,Check out a snippet of my latest comedy sketch and pop a like on that bitch😘 https://t.co/M2QzcJ44kC
1069380149060268032,INDEPENDÈNCIA
1069380147600637952,El único nazi bueno es el nazi ______ no lo olvidéis
1069380147525181440,@Fluminensee1902 Pra passar vergonha dnb
1069380145214050306,@conde_negro @Bernat_Castro @PodemosAhora Arregla tu casa antes de atacar a quienes tenemos un modelo de estado distinto al tuyo.
1069380144899530752,@sergipinkman I UN BOLI PREPARAT PER SI DE CAS
1069380141162344448,"@BeatrizTalegon @HashtagsxRep Pero tu en qué mundo vives? Y el 155, qué fué?"
1069380140852027393,"So yes, I just checked and Bangtan did 3 freaking comebacks in less than a year. Within 11 months they came up with LY: Her (September 2017), LY: Tear (May 2018) and LY: Answer (August 2018). Like...... That's a lot! I hope they do a comeback once or at most twice comebacks."
1069380135567151104,"@freyatekomo No es para tanto, mujer."
1069380135261036544,"@AritzMaslany De que viven este matrimonio, aparte de hacer famosos a los hijos? El defensor delmenor deberia vigilarlos, estan utilizando a los menores para ganar dinero."
1069380133964922881,Andaluciaaaaaaa !!!!  Una pregunta .... teneis algun partido de izquierdas ..... ?? Presidente de c’s o del pp ??? Ole ole y ole !  #EleccionesAndalucia2018
1069380133730091008,"""CÓMO PUEDE SER QUE LA CLASE OBRERA NO PIENSE QUE SOMOS LA SOLUCIÓN?!
SI HEMOS HECHO UN MEME DE JUEGO DE TRONOS PA QUE NOS VOTEN!"" https://t.co/ETdQZguMAD"
1069380132115279872,@xavivill99 @albeeert_5 Payasos
1069380131070926848,sois puto franquistas
1069380128160038913,Tenemos que dejar de estar disponibles para personas que ni siquiera nos dan prioridad
1069380126910095361,"Casi se me olvidaba 😂
📲 VIP MONICA 27510
📲 VIP MONICA 27510
📲 VIP MONICA 27510
📲 VIP MONICA 27510
📲 VIP MONICA 27510
📲 VIP MONICA 27510
📲 VIP MONICA 27510
📲 VIP MONICA 27510
📲 VIP MONICA 27510
📲 VIP MONICA 27510
#SomosLaAudiencia2D 
#MiriamGanadoraDeGHVIP6"
1069380124393566209,"@KeepitrealeZ No sé en otras competiciones, pero en #FMS una trabada significa un puntuación de 0 en el patrón. 

Aún así, cierto es lo que comentas de que realizar 4 compases con coherencia como lo hace #Dani es más conplejo, y cuando lo hace bien el jurado también lo valora más."
1069380124053786624,@migtoro6 @Javierbanys @juankarlos74 @HoenessJosep @ClaudiLlT @meison78 @deverdadq @CastellnouMarc @sergipinkman @xriusenoticies @enoticiescat A
1069380123898580992,@miki5b si ehh flipa
1069380120580886528,"@marcelmauri @miqueliceta deu estar orgullós i el PSOE també , ells si que han despertat a la bestia"
1069380119272308738,@thebossdarling @LaurenIsTooGay @ellasonriente @veammart que guay que haya gente desde tan lejos apoyándola
1069380112628494336,@MariaTe66472318 @ghoficial Por lo menos lo intenta y tiene ganas miren a Leticia sabader quien dice q no es cantante y triunfa entonces por q ella no solo es hecharle ganas q no te guste a ti a otros por q no
1069380112162988032,@na_amoeba @LTorreira34 He is a fighter and that is what we need😉
1069380109302403074,"@Marcel_Hard @fernoescopah @Paco_gocho @YouTube Ten cuidado con lo que deseas, y más si lo escribes y más aun si lo pronuncias."
1069380108727791616,@jcoscu El discurso de VOX es muy clarito. Si votas a un partido con ese discurso eres fascista y PUNTO.
1069380104365711360,@ghoficial Pues normal ve que la próxima es Monica y ha querido tener un gesto bonito y punto!!
1069380103312998403,@elmundotoday Lo triste que es cierto
1069380101844934656,Gracias Twitter ❤️ https://t.co/0D2TtQ3Ool
1069380093879951360,Yo es que soy tonta pero bueno al menos lo reconozco
1069380091183071232,@livia_dama https://t.co/bFCF3k3NvV
1069380089719197697,"@DanielMelndez12 @Oscar_GB_79 Sencillo, prefiero jugar al Dustin en mi 3ds a recordarlo."
1069380085973753856,@ghoficial Falsaaaa
1069380085080342529,"Bye, Coli. El 73,8% es todo tuyo, ganado a pulso, a fuerza de gestos de maldad, rencor, envidia...

#SomosLaAudiencia2D #SomosLaAudiencia2 #SomosLaAudiencia3D https://t.co/cteJPAekqn"
1069380084644151296,@flowersigh @lluis_llach @paliuotes Que estàs dient. Mai varen marxar. O tu qui creus q votava al PP. Dins de PSOE. També nia vian.  Estaban esperan.  Nosaltres. No fotis.  !
1069380081158680576,@JordiEroles #cosesdeldirecte #coseshumanes
1069380073919254529,así me he quedado de un momento a otro: https://t.co/obIHjeTEwj
1069380073579601921,"@Esparroqui Lo que no sé es que explicaciones dará Cs si pacta,con el coñazo que llevan dando en Catalunya hace un año con el ""somos los más votados y no gobernamos por culpa de que la ley electoral permite pactar"""
1069380072266760193,@ghoficial SIP
1069380070651904000,"Sabes porque elegimos a Mirian ? Por eso por ser pasional por hacer lo q quiere cuando lo siente , no es una persona q queda maquinando cuando hacerlo para quedar bien eso es su caráter y punto  #SomosLaAudiencia2"
1069380068475117570,@Jud1969 Gent dolenta i venjativa n'hi-ha a tot arreu.
1069380067619467265,@Blu_Jedi الله يخلي هنقر ستيشن
1069380067539775489,@protestona1 Lamentable. Tu tuit 😕
1069380067426557953,"Lo del @elchojin_net, para mi es #INCREÍBLE!!!! Siempre que saca vídeos reflexivos, parece que se refiere a MI DIRECTAMENTE, y me toca de una manera #DESORBITADA!!! Como hizo con “no… https://t.co/AGeqHPBfSu"
1069380066784751616,Pues es verdad donde esta la cicatriz de la apéndicitis de Isco que es de hace 4 días y no se le ve.
1069380063873904642,'Momo' Romero levantó sus brazos durante la velada boxística en Cali - https://t.co/l1DIkhGe6W https://t.co/U0LQTSnw5V
1069380063790080002,"Os dejo por aquí mi candado:
@CandadoDeIvan2"
1069380062884057088,@Dflamingo_ Si las vuelvo a ver te paso foto jajaja
1069380058152878080,@ManueluisPerera La justicia es un concepto humano
1069380056089325569,@Jean_Mijatovic Mdrrrr mais gros jve tous vous masqué hein jvous aiment mais y’a des limite
1069380054147321856,"@yosoynaranjito_ @Pablo_Iglesias_ , justamente, como estamos alertas y no queremos perder las libertades obtenidas por nuestros antepasados,  justo por eso,  no queremos votar más a la izquierda,  que lo único que ha traído a este país y otros,  es la ruina.  Hala,  a chupar de otra teta¡¡"
1069380053774016514,@Juanmi_News @InesArrimadas 🦊
1069380051534262272,"El meu gos, quan és a sobre del sofà mossegant una joguina i li cau a terra, rasca el sofà compulsivament com si així hagués de fer-la tornar a pujar. Molt fan d'aquest raonament."
1069380051353944065,@TolucaFC León gto.😈
1069380048082350080,"@ctxt_es @WillyVeleta @gerardotc Pero vamos a ver, que son fascistas, joder.
¿Qué esperabais?"
1069380043477065729,@jcoscu Vagi a dormir https://t.co/yZBN1nZAbJ
1069380039307927552,Passeig de Sant Roc en Olot https://t.co/31eKpkFV63
1069380036690669568,Farem bé d'anar esmolant les falçs...
1069380032982859777,"@sikerul @Barbijaputa Qué original, llamar hembrista cuando te pica el feminismo radical"
1069380020441948160,Yo no quiero este horror de país. Esto es VOX en estado puro. Retroceder 80 años. https://t.co/31dY2EqPPz
1069380018801950721,"I anar passant. L'esquerra espanyola, blanquejadora eterna del feixisme, a seguir banyant-se en el seu perpetu  fangar intelectual. https://t.co/5ve1qUHb8l"
1069380017396858880,@davidcargo01 Llevo waiting mas d 1 año comeme el coño
1069380017069744128,Me ha gustado un vídeo de @YouTube (https://t.co/YpOqhdRUol - MI PRIMER REGALO A UNA SUSCRIPTORA EN FORTNITE - TheGrefg).
1069380015157141504,@cecilos La camiseta del logo chorreando mola mil y estoy bastante convencido de que la voy a comprar xddddd
1069380014980894720,@_OficialDani Pensaba que Mónica era la reventada nº1 de la edición... PERO NO! Tenemos ganador al reventamiento máximo @AngelGaro_
1069380013953351680,@albeeert_5 Me librare de @Geryssang ?
1069380012770508800,Es evidente que si no te apoya @laSextaTV puedes ganar elecciones.
1069380011562594306,@indpcom @anacabs Vamos un asco de perfiles y de personas
1069380007070437376,"""Los hombres gritan para evitar escucharse el uno al otro"" Miguel de Unamuno La política de ""gritos"" es reacción y reaccionaria"
1069380005015228416,Imagínense follar con quien amas...
1069380002842648576,@Relojero781 Hay mucho cateto
1069380002603548677,@ABDBatallas La de Dani era de 4
1069380002498691075,"@JulioMG @vox_es Los extremismos deben medirse con el mismo rasero. Sino, la paradoja de Popper solo cuando convenga."
1069380000346976256,"Para mi, este es EL relevo de Jordi Alba. https://t.co/FSaibmEWI4"
1069379995464810502,Simplemente divertido https://t.co/CXe7tyAz0R
1069379991727673344,@mariamarques1_ Y luego los catalanes son muy malos porque queman basuras HAHAHA hijo de puta tú me vienes a apuñalar por ir con la bandera indepe pero a ti se te tiene que respetar cuando llevas la facha.......
1069379991601889281,@hastalalivia Lei de retornos
1069379991144710144,@paulagonu es el cumple de @meeryfuentess 💖
1069379987734765568,@rociotallon 395.000 parece ser que quieren una reconquista. Apuesto por que ni 5.000 de esos se han leído su plan electoral. Es de locos.
1069379987051094017,"- ¿Qué te parece esta cita de Bismarck? 
- Pues en mis 20 años de estudios blablablabla *0 relación con Bismarck pero ni por asomo*
- Bueno... ¿Hablamos de Weber?
- Ah, Weber era fantástico."
1069379982210854914,La culpa es vuestra que os vestís como putas. https://t.co/t8PtBeirqP
1069379979748622336,La gent es idiota i vota Cs/PP/VOX pero la culpa es de que l'esquerra desprecia la classe obrera. Twitter is amazing.
1069379977945260033,"Igualita, igualita.. Jaja https://t.co/DNbUHEpRgB"
1069379976791769091,"@jordana_joan @Virgili7 Es espectacular la lluminaria, tant com la barra que tenen."
1069379975906758657,Madre mía la ultraderecha???? Cuando nos veamos en los campos de concentración para maricones me pido la litera de abajo
1069379970047401985,A mí no me responde you'll see
1069379969686605825,"""Lorricos"". No se enteran de nada https://t.co/v1QAAGbZ3g"
1069379959494508545,Sandra Barneda y Nagore Robles se besan en directo tras bailar 'Grease' en 'GH VIP 6' - https://t.co/pRC40m0faJ
1069379958743752704,@GHV_IP No sé no sé no lo tengo muy claro ..... Tengo que pensarlo un rato...... A vale! Ya lo sé!!! Será de Mónica???????? https://t.co/X1SBiL1rSg
1069379958663983104,"@NicolasValle @pilarcarracelas @MarqMarti @jcoscu Pero, a ver. Por mucho que yo os caiga mal y os guste lo de los zascas, podéis razonar, no? Habéis leído el artículo? Ni defiende ninguna tesis ni es un artículo de opinión. Habla sobre una polémica de historiadores sobre grupúsculos de los años 30!!!"
1069379958118772737,@MiriamSaavdra @ghoficial @telecincoes Besitos guapaa
1069379953739931648,@EndecAAH no
1069379949826584576,"@ImExcel2003 @byDirKa y tambien recibimos hostias por votar, eso en cuantas comunidades mas a pasado? xd"
1069379947658137600,😂😂😂😂😂😂😂😂😂😂😂 https://t.co/FJRbz9kV3F
1069379947519795202,https://t.co/A6V6woKjyA
1069379946550833152,@Egocrata 😂👌🏼
1069379945233899521,"@CanoInes @mromeronaranjo @MistralS Claro, claro... Ahora vamos a tener que quedarnos boquiabiertos por algo que hacen hasta chavales de 12 años un fin de semana cualquiera. Supongo que tu tuit irá en busca de seguidores y retuits por un tubo."
1069379943094722561,"@Barbijaputa Es como el ""el independentismo ha despertado el fascismo"" de Pablo Iglesias"
1069379942553739264,@BAlmoha @amy_otibe @JamalMalaikah @HadoolWaseem @T1390m @alda3eh_alm7trm @nawalshi @abdullahrushdy @Adnan_almthany @firstmuslim @BlackMema0 @hotmai84369182 @tfkr_W_tdbr @mimigreek7 @BahaaTaher2 @zxc123vf @Alchahedi1234m1 @e8l242 @Y166F @zyood_518 @hp050 @kimokom @egypt_com20 @FYAM93 @Mohamedd_5 @IMINDF1 @b_3b6 @2018_20_ @ominiSad @mum22__nh @z3bdal5l5 @dukefleed4 @osun4 @Sunnalawyer @L5VwMjD2uwk03St @tyay111 @rashid7al @taleep12345 @Outofmind42 @ETpDYEe4NVB2q3S @almusaferq8 @qurtoph @WaleedKSaidM2 @herohashimy @Kuwaittowerss @mohamd_gof @Sqrii @brdcjijel @luis_alfares @anashlali كلام عاطفي ☝
1069379939647008768,"@springsteen_81 Yo hace tiempo que voto con la pinza. Y la próxima vez será mega-pinza.
Pero votaré."
1069379938774671362,"@yeyaboya Vàrem votar independència i ha de ser la nostra fita. Ells han votat el ""a por ellos '"
1069379937210167296,"@Irene_Montero_ ¿“Nuestros barrios”, “entre vecinos”, dices? Pero si vives en un chalet!! Serás hipócrita!! Ponte a trabajar de verdad, anda!"
1069379934903300101,@PauSMM_ FillDePuta
1069379933552738304,@xexuvlc @_aidet_ @Kaloth_Bass @WonderNein Ni idea tenéis chavales
1069379932889980930,Respecto a lo de VOX: https://t.co/K3RA0191sQ
1069379928364392450,"¡Nombra tus 3 canciones favoritas! — 1. Magic Shop, Dope, Born Singer (BTS)
2. Lullably (Dreamcatcher)
3. Tus muletas (Fondo Flamenco).
4. Hace un instante… https://t.co/PR7zrV04JS"
1069379927512948736,Me encanta amar.
1069379927101845504,@Chenoaoficial Hay que dar gracias con lo que uno tiene pero no dejar de luchar nunca por tus sueños. Besos. Pasa una felíz noche que descanses . ❤💙
1069379925000503296,@iguardans @tabarniademar Tal cual.Ojala abran los ojos
1069379924690128896,"@zaynreynolds Se ve mal... pero me da la sensacion q al final aplaude y todo, lo q nos tapa la letra"
1069379924312686592,Me siento cohibida de decir y hacer cosas.
1069379923721273346,@manubaxxx Vou fazer um churras pra nois
1069379922257461249,https://t.co/KTWbwmNJ6j
1069379921661825024,"Conclusión: enojarse y hablar de “antifascismo” y otras categorías muy cómodas, pero viejas y parcialmente verdaderas no es otra cosa que eso, «confort»."
1069379921309446144,minsan kilala ka lang kasi may kailangan sayo
1069379920802009089,Veo que en La Sexta ponen una de posesiones diabólicas y satanismo 🤔
1069379918943977477,@Its_Eri_ yessss🤯
1069379912509870081,@Juanmasaurus @Marcosmrtnzrdgz
1069379912128172033,Have you heard ‘Jazzaddict's Intro’ by Cosimo Fogg (201) on #SoundCloud? #np https://t.co/00auEK5H3J
1069379910358237184,@Osnoflazarralo @DraudeTM @CristinaSegui_ @gabrielrufian @Santi_ABASCAL Es machista gay. Que son los peores
1069379904914055168,🍁 Los romanos tenían claro lo que había tras de la muerte. Un inframundo de recompensas para los héroes y de penitencias para los criminales... https://t.co/y6AwAy3eR2
1069379901785088000,"Nuevos personajes de #Tekken7
https://t.co/daFC59ly09"
1069379898349891585,"@Manu_ES97 Claro claro. La culpa es de la gente. Mucho activismo de pantalla, poca realidad"
1069379897544638464,"Recuperar derechos, recuperar el espíritu del 15M, de eso se trata. https://t.co/P2m6xtIp6a"
1069379895183241216,@aniki_z 😀👏
1069379894310830080,@FearTheFifth Jsui le leader du groupe.
1069379893182545920,"@navedelmisterio el tema de la posible nave,a dado un giro increíble,las miguitas de pan que se hablaba,¿puede estar dirigida?#CuartoMilenio"
1069379891190292483,En oferta Mando Morse Ultraflex B66 Cromado https://t.co/EN54Ojgass https://t.co/COci8FZKqN
1069379887964844032,"@DaniMonge10 Te dejó esto por aquí, me parece que lo vais a necesitar por ahí abajo https://t.co/o7KVeXDAs4"
1069379879790145536,"SEAMOS CAPACES DE SER IGUALES

3 de diciembre, Día Internacional de las Personas con Discapacidad.

#UnidosPorLaInclusión
#Discapacidad
#3deDiciembre
#SarriàDeTer https://t.co/XJfjL4ncKd"
1069379878997364736,@Skoll_CSGO Pero tampoco caigamos en lo de demonizar al ignorante. No todos hemos tenido las mismas oportunidades para crecer y avanzar en ese sentido.
1069379872869531650,@37YEARWAIT @hairydoughnut Aren't we all dear 😲
1069379867773468672,"@vpartal @miqueliceta Iceta rius tan després dels resultats d'Andalucia, per culpa vostra."
1069379866284433410,@agarzon Es tarde
1069379864225042434,@esperanzagracia cómo me va a ir en el amor este 2019?
1069379860668317696,3dMaxd
1069379859636457474,"Que jo sàpiga un comunista sap i afirma que el patriarcat és producte de la societat de classes, la qual també es perpetua gràcies a ell. Quina mena de comunista ets per a negar l'organització social necessària per a perpetuar el sistema econòmic actual."
1069379857652559873,HALA PERO QUE SE HA OFENDIDO DE VERDAD. https://t.co/4fygRU4KXf
1069379857119875072,@nuascannan @FoxProduction3 @shellidiego Thank you very much one more time!!!
1069379855899394048,@ApoyoLextrange Jajajajaj
1069379851726000128,"No lo creo, la semana pasada era Tony, https://t.co/aucjOGpO4X"
1069379843719135232,@guillemclua AAAAA
1069379840225288194,Ninguna de ellas es cosplay lo que significa que este año habrá un parón (exceptuando alguna sesión de fotos y el traje del idolfest)
1069379836723036160,"@sextaNoticias @laSextaTV Pues eso que la Sexta jyega a la derecha!! I vox está en la extrema derecha!!
Ferreras, con ranta equidistancia y tanto Felipismo, te estas quedando sin audiencia!! Tiempo al tiempo"
1069379836320382977,"Guanya la República però només han votat a Madrid 22.000 persones....
què dirien si haguessin estat més d'un milió com al 9N aquí?
      són 4 gats malauradament
https://t.co/52sz7LpU8t"
1069379835762491392,@angsv97 Arriba está España
1069379832318955523,@Minerva9191 @MiguelFrigenti Así es como Frigenti no hay otro eres el mejorrrrrf Mirian ganadoraaaa
1069379828401483778,الافضل https://t.co/KMzhHJcxcA
1069379827625574402,"Podemos cae! es que no se entiende como narices llegaron, bueno si, el hartazgo de #PPSOE que parece ser   tenemos los españoles constitucionalistas

Entre quienes permiten  y atentan ¿ que diferencia hay?"
1069379827025829893,"Me gustaría llegar al momento de estabilizarme conmigo misma y avanzar, sobretodo avanzar."
1069379824744103937,El 14 de Diciembre salgo de publcio en TCMS jeje
1069379819677335552,@DudasFootball Maxi Gómez o ben yedder en picas?
1069379818733690881,@LuisSuarez9 @3gerardpique Gordito ponte bueno rápido que te necesitamos!!!
1069379816762298368,#CuartoMilenio que dice que como sociedad estamos acabados? https://t.co/UsstXNkIEQ
1069379807031582720,Inscrits al #betacamp19 cc. @betacamp_edu @gonchilab https://t.co/BabvYbcgmr
1069379804246536193,"@laSextaTV @Pablo_Iglesias_ A quienes hay que parar son a los de Podemos que son rojos izquierdosos comunistas de extrema izquierda.
Gracias a los andaluces que han votado por el cambio, muchísimas gracias de un canario español."
1069379800278724608,@javi_marquez22 @AnabelAlonso_of @fertejerom @vox_es Eres un enfermo... #FachasNO
1069379799427309568,"@MedinaGerona Buenas como estas, Héctor Quizás esto te interese: https://t.co/z1hiMbYlrZ"
1069379799095873537,"El Centro de Investigaciones Sociológicas deberá revisar su metología, su muestra, y otras herramientas, dado su elevado fracaso en el cálculo cuantitativo sobre la prevención de un suceso, los resultados de #EleccionesAndaluzas. #Sociología #Andalucía #EleccionesAndalucía https://t.co/pXKlokyohT"
1069379797678256129,Avec un sosie pété de moi qu’est ce que t’espère changer?
1069379795765600256,@JaumeAlonsoCuev Son la mort i el terror. I ja els tenim aquí. No podem retrocedir més.
1069379794104668161,El backstage de Santa Llúcia. en Barrio Gótico de Barcelona https://t.co/frmbD6Akgl
1069379793622376448,"@maratorres_ @ElFaroSER Lo que si se... que se puede hacer (y como imagen, es ésta)... ponerse un lacito para poder estar al caso... https://t.co/x0KGwG19kZ"
1069379793353916416,@HHuugz Bah Modric
1069379793001635840,https://t.co/OCe7AAWvfZ
1069379792649314307,@jonathanmartinz @ANGEL00000098 Se mueve la tierra por el bombardeo de Cabra y las bombas de ETA en Granada. https://t.co/ysTZQw2blr
1069379792473137153,"@PiikaRodrig_ Sí, muchos, pero pienso que comparando con el resto de españa, hay menos"
1069379792200499200,Solo yo he oido que el super le habia sugerido lo del abrazo?#SomosLaAudiencia2
1069379790896078849,"ALEKSANDRA CRVENDAKIC (@crvendakic11) had 14 points, 5 rebounds, 6 assists and +19 efficiency in 15 minutes with the win for Sopron against PEAC Pecs (92-43) https://t.co/786k9U0YmR"
1069379790002679810,"@_anapastor_ @laSextaTV Solo faltaría, lo único que hacéis es atacarles, nunca les sacáis para nada objetivo. La Secta es lo peor que hay."
1069379786999504896,https://t.co/gvZN1ML6bF
1069379785867038721,"Me estoy poniendo al día y solo tengo ganas de llorar. Habéis votado por esto, en serio? https://t.co/UV3iI6duqB"
1069379782557790209,@p4ramor Si? Nota
1069379781987352578,@CarmeBarcelo Te amo carme
1069379777851727877,@fut_fifaa ياخي وش النظام الخرى هذا فايز ما يحسبون لك اذا انقطع واذا خسران ينحسب ؟
1069379773024079872,"Els Comuns van ser uns visionaris quan van dir que amb Podemos tot canviaria a Espanya, que pujarien les esquerres, i que un cop al poder, promourien un referèndum a Catalunya."
1069379770402652160,El desplome de TVE: cae por debajo del 10% y es tercera opción en informativos https://t.co/axz1y6kdYO
1069379769085714432,"@Reandymon Felicidades otra vez, boba~"
1069379766980149249,@danierdecai31 Yo tampoco soy esa Andalucía
1069379765373673472,@__marilia___ KKKKKKKKKKKKKK TO SURTANDO GSUS
1069379756628631552,Oye pues se ha quedado el día raro ¿no? #EleccionesAndalucía https://t.co/oCVoVdAlgb
1069379754682392579,@carlosurodrigue @Barbijaputa Apesta a troll
1069379753310908416,@icarx_ Abre privado
1069379746453225472,"@_Lafwyn @memesbelloteros Bueno, veo que eres anarca. Cacao mental everywhere. No hay más preguntas."
1069379746163773440,@elegantilk @iam_elvis00 @AIIMoods i guess just editing skills
1069379745698193408,"Nice way to finish @ehfcl in 2018. 
The road is still long, but we will keep fighting with everything we have!🙏🏻
See you in 2019. 
@FCBhandbol 🔵🔴 https://t.co/zqvuCaiNZR"
1069379744863584256,"@Miotroyo2parte @ahorapodemos Como imitan el comunismo todos repiten como loros lo mismo hacían en Venezuela. NO PASARAN,NO VOLVERÁN. FACISTAS ,puras basuras son todos los podemistas
,"
1069379744829972481,@ghoficial Esto es tener corazón  no hielo
1069379741227130880,"@324cat Almeria es fascista, el resto ok. Resumen del articulo 🤔"
1069379740753104896,@GuajeSalvaje el primer escollo para que llegue el gran cambio...hoy ganamos todos.
1069379739788414977,@cdelmasramos Y sinó los rusos.
1069379737410289664,"Clar i català: Que els fotin als ""nostres germans republicans espanyols""  primer hem de preocupar-nos de la nostra terra, ells que s'ho fagin com puguin com estem intentant fer nosaltres i no precisament recolzats per una majoria d'ells. https://t.co/geli5fd6vk"
1069379731433406469,@azukikiyo Lo siento por todos lo que piensan como tu. Pero lo teneis claro. Yo creo que en cuba estarias mejor. 😜
1069379725309689856,"Highly recommended, personally learnt a lot from him. Everything you want from a player! https://t.co/HxiW08bEU6"
1069379724969947136,de puta madre https://t.co/jxg9MNhhx5
1069379722310750208,"Y quiere que la cosa acabe con algo... ¿parecido a una tregua? No sé, es que yo no solo lo entiendo, sino que me identifico total y absolutamente"
1069379721933279232,"#MiriamGanadoraDeGHVIP6 #SomosLaAudiencia2D  lamentablemente no la superara TELECINCO LA PROTEGE COMO EN MUCHAS OTRAS ASQUEROSIDADES QUE HA HECHO, ME REFIERO A MONILOK https://t.co/AoepFju8U1"
1069379718045212673,@yasser_pt 😂😂
1069379717680295936,Las dos cosas. https://t.co/690KFxqmT6
1069379717487304704,"@Klinkmi @guyverhofstadt @CiudadanosCs @Foreign_Cat But @Pablo76204096, can you explain your point of view on the freedom cuts both parties defend? And the xenophobia both parties defend? And the social cleansing both parties defend? And the autoritarian ultranationalism both parties defend? And the violence both defend?"
1069379717164396546,"@raul_prod @mediasetcom Flaco favor nos haces a las mujeres... solo espero que las personas que como tu encubren los comportamientos machistas sean cada vez menos, en la sociedad y en la televisión.

MEDIASET.. Una buena causa para el mes de enero.. Sería ""YO NO APOYO LOS COMENTARIOS MACHISTAS"""
1069379714689757187,Soy un desastre
1069379710239555584,voy a responder a algunos mensajes bonicos q me habéis escrito hoy
1069379709157474304,"Querida LauraMatamoros. Si Mónica ha basado su concurso en Miriam y Carlos
Tú basaste el tuyo en Makoke Javier Tudela el colchón el coche el arroz blanco y en tu padre.

PD soy Laurista pero lo que es justo es 
#GHVIPDBT12"
1069379707001540608,"“Querer a España” como promulga esta basura de partido, es querer también a todos los colectivos a los que queréis negar los derechos, mas asco no podéis dar. Lo de hoy no tiene nombre, volvemos a 1936. Lo bonita que es Andalucía y como la van a destrozar.. #Andalucía https://t.co/Kh6bWZODlT"
1069379706380828673,Moonlight Path for Alexey-Adamov https://t.co/0kYKsTakHX
1069379705147580418,"ACTUALITAT: ""La Pobla es retroba amb la victòria"" https://t.co/0b9XRDSORx https://t.co/JlxPhu03G9"
1069379700739444737,"@MarinaJade Ánimo, bonita"
1069379700093476864,"#somoslaaudiencia2 hay algo que te inquieta, te preocupe o te atormenta?
Pues sí que Mónica no salga con un porcentaje de 110%"
1069379699598602241,@jmangues Fot pinta de que no te puta idea de res.
1069379698923315201,"Hola muy buenas.
Hoy día 3 de Diciembre es el Día Internacional de la Discapacidad.
Luchemos por hacer que deje de existir la discriminación y el odio hacia ellas y así crear un mundo mucho mejor más humano.
Besos y abrazos. #3diciembre  #DiaInternacionalDeLaDiscapacidad https://t.co/KcATQTD4rc"
1069379698256478211,"Según El Español, yo era uno de los radicales independentistas junto a Rahola y otros tuiteros. Y vosotros, vistos vuestros titulares, sois de centro y moderados, ¿verdad? Sólo faltó ver a Pedro J con sus tirantes con la bandera de España 🇪🇸 en los mítines de VOX. https://t.co/iafAg6nEMD"
1069379696402542597,"@dexamina @paula_janer Están cometiendo un grave error de calculo, los votos de VOX muchos provienen de la izquierda, esa izquierda acomplejada que no sabe defender España sin sentirse culpable."
1069379693806317569,🍁 La memoria mejora con la ingestión de cúrcuma... https://t.co/HRHgSNk6ni
1069379692887752705,@bigmessi12 من بكرة لين تبدا الاختبارات
1069379692275425280,@franco_esca https://t.co/51HyroMe3S
1069379684717248513,Saben ustedes quienes son mañana vemos resultados https://t.co/kdIeClWQP3
1069379679726067712,@Cortes22399 @ghoficial Le haya pedido o no el abrazo .. sigue siendo la ganadora y por eso estáis rabiando jajajajajajaja
1069379675087081479,&lt;3 https://t.co/vVWeDrJUQh
1069379674659217414,@Nixie_Shadow136 Pero igual de guapa
1069379671475789825,Have you heard ‘Say Good Night’ by Joakim Karud on #SoundCloud? #np https://t.co/zLlB1HCdF6
1069379669823275008,Bueno por tener no tengo ni los filtros esos de las caras y esas mierdas
1069379669022162944,@greenlanternBCN Vaya sorpresa...
1069379667956768768,"Lo de Vox es un éxito democrático, lo miréis como lo miréis. Se han presentado y les han votado. Simple.  Que un 41% de la población de Andalucía se haya quedado durmiendo la siesta, eso ya..."
1069379665691852800,@ahorapodemos debe recuperar el relato de la izquierda y mejorar su imagen. Nació gracias al voto de cabreo (de izquierdas y en general) y ahora el voto cabreado se focaliza en VOX. El voto de la izquierda lo está recuperando el PSOE y Podemos tiende a recuperar el espacio de IU.
1069379664748208129,😂😂😂
1069379659907911680,god Lisa is so funny
1069379659392057344,"@aleixramia Qüestiona el que vulguis, però en màrqueting polític big data = segmentació electoral. I en això han sigut, de llarg, els millors. I per a això no cal pen drives de dades, ni parlar amb cap operadora de telefonia mòbil. El què cal, és saber-ne."
1069379659102650369,"Aquest subnormal celebra el que pot ser la fi de la seva estimada Espanya. No us rigueu d'ell, el pobre no rep oxigen al cervell. https://t.co/eskL6BL1re"
1069379654522425346,Chihuahuas are so damn loud and ugly pick a struggle.
1069379653918498816,"Totalment. La ruptura del #Règimdel78 igual no és de la manera q alguns voldríem. El resultat a Andalusia és l'acte de ruptura amb la #Constitució més gran en molt de temps a l'Estat, més q els jocs florals i la gesticulació indepe nostrada. https://t.co/hrl4l9cnAb"
1069379653876498432,"Demà mateix els partits independentistes catalans que volen ampliar les bases, aniran a Andalusia a convèncer gent. Oi que si?
Au va...
#Unilateralitat #DUI"
1069379653650038785,"Tener la foto con Aitana de fondo de bloqueo me alegra cada vez que cojo el móvil, de verdad. Es verla y acordarme del momento justo y me hace feliz, mucho. Así de básica soy, sí🙋"
1069379653360586752,Con todas las palabras complicadísimas que sabe el Maestro y no sabe pronunciar megaestructuras. #CuartoMilenio
1069379652089712640,@ligoteo_URJC Cualquier cosa menos dar el mismo asco que das tú...
1069379652051976192,"Allí.
Donde se cruzan
dos horizontes.
Se forjan poesías...
de cereza.

#LYF15 https://t.co/88B4gjAeIh"
1069379648927268864,"@Pabloskis12FB @CrossGXS @ElProfesorFake @juan16carlos @YouTube Ahí, ahí, a ver si se creen q el contenido, la edición, manejar youtube, photoshop o gim para las miniaturas.. etc, se hace solo !!"
1069379648893722624,"Programa de #Vox:

Cumplimiento de la Constitución
Recortes políticos
Sistema sanitario y educativo centralizado
Bajada de impuestos
Aborto fuera de la seguridad social
Remodelar la sanidad universal
Cierre de las mezquitas fundamentalistas
Deportación de inmigrantes con delitos"
1069379646263828480,"@Mikel_Crupi @danisenabre Es una jugada dificil, porque de ser rechaze en cualquier orden, habilita. No es un pase hacia dembele de ninguna manera, es un rechaze."
1069379646087671808,Alguien ha visto a mi sueño por ahí ?
1069379644854554624,"@camargoraul En Andalucia no ha sido así...y no han mejorado nada.
Es más no recogen nada de lo que pierde el PSOE así que falta algo mas de analisis en eso que argumentas"
