encara,embús,ap7,sant,cugat,santa,perpètua,gt,girona,topada,camió,turismes,carril,tallat,aturats,santa,perpètua,gt,sud,afecta,b30,equipviari
aturats,ap7,altura,barberà,sentit,girona,accident,santa,perpètuagt,girona,equipviari
congestió,c58,cerdanyola,c33,montcada,equipviari
embús,ap7,sant,cugat,santa,perpètua,gt,girona,accident,talla,cua,santa,perpètua,gt,sud,afecta,b30,equipviari
retirats,vehicles,accidentats,ronda,esplugues,gt,trinitat,millora,circulació,equipviari
talgo,694,sevillaestació,frança,acumula,retard,incidència,tècnica,limitacions,velocitat,equipviari
cua,ronda,esplugues,gt,trinitat,accident,afecta,b23,sant,just,desvern,esplugues,gt,ronda,retencions,ronda,litoral,zona,franca,can,tunis,gt,besòs,equipviari
continuen,cues,c17,llagosta,montcada,gt,bcn,obres,b24,cervelló,n340,vallirana,gt,tarragona,c14,montblanc,pira,c65,llambilles,banda,banda,equipviari
ara,aturats,ap7,sant,perpètua,barberà,rubí,papiol,gt,sud,b23,molins,papiol,gt,girona,c1413,antiga,papiol,sant,cugat,b30,barberà,gt,sud,cerdanyola,gt,nord,c58,sant,quirze,gt,sud,equipviari
retenció,b22,entrada,t1,aeroport,prat,afecta,c31,sud,gt,tarragona,equipviari
cua,ronda,nus,llobregat,esplugues,gt,trinitat,accident,afecta,b23,sant,just,desvern,esplugues,gt,ronda,equipviari
topada,camions,implicats,b142,altura,rotonda,polinyà,cues,equipviari
cues,a2,sant,vicenç,dels,horts,gt,lleida,obres,b23,molins,ap7,papiol,gt,girona,ap7,b30,barberàgt,sud,c58,sant,quirzegt,sud,ronda,sarrià,roquetesgt,besòs,cua,ronda,litoral,vila,olímpicagt,nus,llobregat,equipviari
1,carril,obert,c65,llagostera,retirar,vehicle,tingut,accident,precaució,equipviari
c241d,normalitzada,tallada,sarral,retirar,vehicle,accidentat,matí,equipviari
retirat,camió,avariat,a2,abrera,gt,bcn,normalitza,circulació,equipviari
c241d,tallada,sarral,conca,barberà,retirar,vehicle,tingut,accident,matí,equipviari
claravirgili,gràcies,clara,
normalitzada,circulació,túnels,garraf,c32,sitges,gt,bcn,equipviari
retencions,túnels,garraf,c32,sitges,pk,36345,gt,bcn,retiren,vehicles,implicats,accident,voral,precaució,equipviari
1,carril,tallat,a2,abrera,pk,583,gt,bcn,causa,vehicle,avariat,retencions,esparreguera,precaució,equipviari
r14,renfe,lleida,06,23,estació,frança,09,49,circula,35,minuts,retard,equipviari
nii,reoberta,agullana,empordà,tallada,5,causa,accident,retencions,pontdemolins,gt,nord,equipviari
,últimahora,detinguts,4,homes,acusats,7,assalts,violents,ap7,feien,passar,policies,assaltaven,autocaravanes,furgonetes,aparcades,àrees,servei,mossos
tallada,5,matinada,nii,agullana,empordà,topada,frontal,vist,implicats,3,vehicles,desviaments,ap7,sud,entrada,jonquera,nord,accés,pont,molins,equipviari
n340,normalitzada,cervelló,accident,equipviari
15,km,cua,a2,martorell,pallejà,gt,bcn,retirats,vehicles,implicats,accident,alternativa,ap7,b23,equipviari
pas,alternatiu,n340,cervelló,pk,1231,accident,retencions,2,sentits,equipviari
nii,tallada,agullana,empordà,2,sentits,causa,accident,desviaments,ap7,precaució,equipviari
accident,a2,pallejà,pk,601,gt,bcn,retencions,santandreudelabarca,precaució,equipviari
taxisigualada,gràcies,bon,dia,
millora,circulació,queden,retencions,autopista,maresme,argentona,gt,mataró,vehicle,avariat,afecta,c60,b30,barberà,gt,sud,cerdanyola,gt,nord,ronda,cornellà,gt,llobregat,equipviari
cues,ap7,castellbisbal,gt,bcn,accident,c16,túnels,vallvidrera,floresta,gt,bcn,equipviari
aturats,c58,terrassa,sant,quirzegt,bcn,accident,montcada,nus,trinitat,sortida,ripollet,sabadell,gt,terrassa,equipviari
cues,c32,autopista,garraf,sant,boi,túnel,vallvidrera,gt,bcn,equipviari
a,bcn,accident,plaça,francesc,macià,cues,diagonal,banda,banda,equipviari
retencions,aturats,ap7,martorell,c60,argentona,mataró,c1413,antiga,entrada,població,sabadell,equipviari
trams,retencions,ronda,sentit,besòs,ronda,litoral,sentits,marxa,equipviari
continuen,retencions,a2,pallejà,sant,vicenç,dels,horts,gt,bcn,cornellà,gt,lleida,b24,cervelló,n340,vallirana,sentit,tarragona,vallirana,gt,bcn,c17,parets,vallès,c352,granollers,ronda,oest,sabadell,equipviari
ara,aturats,ap7,santa,perpètua,barberà,rubí,papiol,gt,sud,b30,barberà,gt,sud,cerdanyola,gt,nord,c58,terrassa,sant,quirze,montcada,b23,molins,papiol,gt,girona,equipviari
també,retencions,ronda,litoral,zona,franca,can,tunis,gt,besòs,passeig,sant,gervasi,accident,ronda,general,mitre,lesseps,avinguda,tibidabo,equipviari
ara,cues,ap7,barberà,gt,sud,b30,barberà,gt,sud,cerdanyola,gt,nord,c58,sant,quirze,gt,sud,b24,cervelló,n340,vallirana,sentit,tarragona,vallirana,gt,bcn,c352,granollers,ronda,oest,sabadell,equipviari
continuen,cues,ronda,litoral,zona,franca,can,tunis,gt,besòs,diagonal,parc,pedralbes,plaça,reina,maria,cristina,equipviari
encara,aturats,b23,molins,ap7,papiol,sentit,girona,a2,sant,feliu,sant,vicenç,dels,horts,sentit,lleida,obres,c25,riudellots,selva,obres,c58,sant,quirze,gt,sud,b24,cervelló,n340,vallirana,equipviari
talgo,llorca,sants,acumula,retard,equipviari
accident,n340,entrada,vallirana,sentit,tarragona,cua,compacta,sentits,equipviari

diumenge,830h,fent,obres,crmossen,anton,veïns,diem,totbadalona,independentbdn,ajbadalona,mariadolorsa,alcaldepastor
cdr,desafien,torra,tallant,ap7
obres,passeig,rubí,valldoreix,garantir,major,seguretat,vial,entitat,municipal,descentralitzada,valldoreix,començat,reformes,pública,millora,cruïlles,passeig,rubí,intervenció,obres,…
cdrcambrils,aixecat,tall,15,defensant,república,sud,principat,gràcies,ap7,ampolla,cdrenxarxa,laforçadelagent,empoderemnos,elpobletornaalcarrer,juntshopodemtot,elvellblues
cdr,aixequen,tall,ap7,ampolla,15,bloqueig,centenar,membres,dels,cdr,tallat,ap7,altura,ampolla,15,acordat,mossos,esquadra,aixecar,bloqueig,comu,…
pràctica,principal,comunicació,catalana,ap7,tallada,sentits,protestes,dels,giletsjaunes,menció,informatius,catinformacio,mitjans,corporació,incomprensible,atenció,mediàtica,incident
ap7,tancada,tall,autopista,ampolla,fa,12,cdr,impedeixen,circulació,sentits,marxa,desviaments,n340,fogueres,combatre,fred,vagadefam,llibertatostatges,usvolemacasa,elvellblues
,últimahora,cdr,aixequen,tall,ap7,ampolla,15,324cat
,últimahora,cdr,aixequen,tall,ap7,ampolla,15
cdr,donen,acabat,tall,ap7,ampolla,15,mossos,intervingut,moment,explicat,dia,isabelojedam,124,linformatiutve,tvecatalunya

nota,bonança,meteorològica,pont,cues,1,pujar,parc,nacional,aigüestortes,estany,sant,maurici,,rosatalamas,324eltemps
precaució,retencions,ap7,santcugat,accident
santa,coloma,gramenet,b14,b15,tall,provisional,avinguda,cataluna
santa,coloma,gramenet,b81,tall,provisional,carrer,sant,andreu
barcelona,n9,tall,provisional,passeig,torras,bages
afectacions,poden,superar,15,minuts,incidència,tècnica,arc,triomf,clot,aragó,trens,poden,romandre,detingut
ernest1899,rodalies,incidencia,clot,arc,triomf
quedat,dels,cotxes,implicats,accident,migdia,gran,involucrats,cotxes,moto,expliquem,
estació,torres,bages,tancada,incident,funciona,fondo,tmbinfo,tmbbarcelona
alerta,continuen,retencions,c16,berga,cercs,c14,organyà

manifestació,catalunya,nord,talla,frontera,ap7,provoca,cues,quilomètriques
manifestació,solidaritat,vaga,fam,sànchez,turull,tallat,laietana,barcelona
prohibeixen,camions,ap7,sentit,nord,fa,dies,cues,jonquera,protesta,dels,armillesgrogues,transit,desvien,polígons,sant,feliu,buixalleu
sinistre,produït,matinada,sabadell
egarriga,jartigasm,soumoltmacus,albacru,reutilitzar,emm,obres,remodelació,zona,xxi,mitjans,dels,90
,tall,trànsit,millores,xarxa,aiguesvng,,4,5,desembre,⏰,930,4,18,5,,pg,ribes,roges,lluís,companys,lluís,recasens,,informació
tram,carrer,figueral,carrer,consell,enllacem,2,obres,pública,anulen,acabin,obres,15,places,aparcament,bona,idea,enviar,circular,veïns,veïnes,afectats,creieu,ajlagarriga,lagarriga
ramirp,josemar72168618,pero,tranquilitat,tallat,laietana,fet,sentir,minim,meteixen,politics,vaga,fam
atenció,14,desembre,tram,final,escales,mecàniques,baixada,glòria,mare,coll,romandrà,tancat,obres,manteniment,clavegueram
armilles,grogues,provoquen,cues,quilomètriques,frontera,jonquera,elnacionalcat
voltant,150,persones,tallat,laietana,donar,suport,presos,independentistes
circulació,retencions,retenció,c16,124,cercs,124,sentit,sud,barcelona,124,punt,km,108111,124,17,08
retencions,bellmunt,transit
accident,greu,avinguda,joan,amades,ajmontblanc,montblanc,carrers,oberts,senyalitzat,arena,calçada,1
,armilles,grogues,catalunya,nord,tallen,frontera,ap7,provoquen,cues,quilomètriques
manifestació,catalunya,nord,talla,frontera,ap7,provoca,cues,quilomètriques
començat,obres,remodelació,parc,barri,can,bou,elements,vells,previst,poderlo,tornar,reobri,mitjans,disculpeu,molèsties,piera57km,pladeparcs51
obres,passeig,vapor,gran,terrassa,tenen,data,inici
dret,facin,coincidir,festa,major,format,bona,caravana,meridiana,protesta,veí,aparcar,besòs,santandreu,col·lapsat,explica,afectada
baixeu,laietana,plau,gent,tallat,carrer,falta,gent
igualada,finalitzen,obres,reforma,integral,plaça,mercatmasuca
laietana,tallada,vagadefam
recordeu,inicien,canvis,provisionals,circulació,zona,obres,rius,calvet,afectacions,tindran,3,4,5,desembre,motiu,asfaltat,pavimentació,definitiu,àmbit,obres,informació
,tallada,laietana,concentració,150,persones,suport,líders,independentistes,empresonats
finalitzen,obres,reforma,integral,plaça,masuca,igualada
laietana,tallada,fa,falta,gent,femxarxa
mor,19,anys,santa,maria,oló,accident,c25
tall,laietana,segueix
accident,mortal,c25,sant,bartomeu,grau,osona
ajuntamentinforma,proper,dilluns,3,desembre,faran,obres,camí,golf,cruïlla,sant,andreu,realitzar,treballs,adients,instal·lar,nova,canonada,aigua,motiu,produirà,alternatiu,llarg,dia
finalitzen,obres,reforma,integral,plaça,masuca,igualada
meridiana,embotellada,obres,poli,barcelonagub,lamarequeusvaparir,inútils,barcelonanofunciona
tall,trànsit,dilluns,passeig,nard,emdvalldoreix
home,conduïa,manera,temerària,plaça,imperial,tarraco,provocar,accident,vehicles,implicats,marquès,montoliu
tarragona,124,aparatós,accident,múltiple,plaça,imperial,tarraco
finalitzen,obres,reforma,plaça,masuca,igualada
recordem,tall,,cursa,infància,🧑,,2,desembre,,barri,can,jofresa,,afectació,línies,78,9,,1030,1200,,parada,provisional,situada,eulàlia,costat,benzinera
tall,trànsit,dilluns,passeig,nard,emd,talla,trànsit,passeig,nard,dilluns,desviant,vehicles,avinguda,ramon,escayola,actuació,fa,tasques,reparació,ferm,reasfaltat,tram,pont,…
rac1,portem,2,aturats,travessar,frança,carreteres,secundàries,pels,talls,a9
dilluns,3,comencem,obres,arranjament,plaça,meguidó,santgenís,detalls
,setmana,repeteix,tall,servei,dels,fgc,setmana,passada
actualització,124,camions,vist,implicats,accident,camioner,resultat,ferit,greu
gent,poblenou,agafeu,cotxe,sapigueu,carrer,llacuna,tallat,altura,centre,comercial,glòries,accedir,gran
retencions,frontera,protestes,frança
accident,tingut,c16,resultat,ferides,persones
penya,tallada,salou,igerssalou,igerscostadaurada,encostadaurada,turismecostadaura,visitsalou,photoworldstarall,raconsdedetalls,pintofotografía,pintofotografia,…
para,barcelonagub,increíble,vist,urbà,controlar,tallada,heavy,trànsit,botigas,carrer,gran,senseperdó,fentvi
persona,ferida,accident,ap7
recordeu,dilluns,inicien,canvis,provisionals,circulació,zona,obres,rius,calvet,afectacions,tindran,3,4,5,desembre,motiu,asfaltat,pavimentació,definitiu,àmbit,obres,informació
l63,l64,l65,l68,l69,n50,cnsy,alteració,servei,obres
policialocal,igualada,informa,mínim,dilluns,vinent,rbla,sant,ferran,romandrà,tallada,trànsit,alçada,castells,causa,despreniments,façana,edifici,deshabitat
atenció,rambla,ferran,igualada,tallada,alçada,plaça,castells,seguretat,enfront,desprendiments,façana,edifici,deshabitat,previsió,mínim,dilluns,inclòs
fgc,línia,llobregatanoia,dia,912,tall,servei,hospitalet,carrilet,sant,boi,servei,substitutori,autocar,mobilitat,baixbus,baixllobregat,transport
lamentem,mort,vianant,matinada,accident,ronda,litoral,traslladem,condol,família,amistats,refermem,compromís,continuar,treballant,reduir,víctimes,accidents,trànsit,barcelona
josepsansm,cdrcatoficial,tallat,accès,viaducte,millau
oreidoefecto,passar,cotxe,zona,tela,caos,trànsit,obres,volia,canviar,sentit,manera
retencions,camí,oliva,transit,dramarural,olivaparty,anaraloliva
ajuntament,banyoles,iniciat,obres,dotar,carril,bici,adequar,vorera,carrer,boi,juscafresa,barri,can,puig,bon,dia
sant,boi,llobregat,l77,tall,provisional,avinguda,maria,girona
setmana,tall,servei,estacions,plaça,catalunya,fgc
atenció,tall,servei,fgc,plaça,catalunya,setmana,santcugat


1ni2s,gent,obrirà,ulls,eleccions,andalusia,acollinint,comú,podrem,voldran,fugir,futur,negre,dibuixant,bany,realitat
treguin,veurem,cantan,
saragonzalez,pessimista,pronòstic,sara,proposar,lectura,donar,suposat,sumaran,insistir,vox,greu,aliats,quedaran,tacats
direu,rencorosa,alegro,patacada,psoe,susanita,sánchez,part,pertoca,iceta,baixaran,mica,fums,egos
lahipogrifa,por,hablar,homofòbia,racismo,maltrato,animal
jopasso,erpllo,sembla,passat,vespre,dient,subnormal,penya,fet,feina,lloable
bon,twitt,conegut,periodista,turc,candundaradasi,favor,dels,presos,viure,pell,repressió,país,autoritari,antidemocràtic,europa,desperta,freecatalanpoliticalprisoners
espanya,dia,correr,parar,mirar
puigdemont,psoe,assumir,cultura,por,ello,enfonsat
lbassets,elpaisespana,tenir,model,vigent,frívol,natural,democràcies,sanes
quicosalles,mira,díaz,donava,canya
bcnenlluita,veure,penses,gent,sap,negociar,conflictes,complicats,fa,bestieses
fastigós
lapotlla,rincewindcat,rogerpala,poden,donar,pel,cul
iuforn,jurassicq,obviament,exactament
horroritzada,gent,vota,vox,conscients,avortament,igualtat,gènere,diversitat,sexual,protegeix,drets,dones,minories,senzillament,odien,catalans
gran,fitnessday,santcugat,activitats,premis,dels,clubs,participants,encarant,recta,final,santcugatciutateuropeaesport,solidaris,diainternacionaldiscapacitat,vaic,anytimefitness,fitnesscugat,cevalldoreix,cataloniafundac
jaumealonsocuev,llàstima,abortamen
crec,deixo,tuit,clava,dir
franellandau,lluisllach,susodetoro1,adacolau,dius,fera,amiga
bcnenlluita,dir,límits,mentida,intel·ligent,loser
quimtorraipla,treballesis,independència,deixesis,tonteries
,infantil,masculí,negre,124,crònica,,nbolesa,4331,cblamerce,,equip,jonathan,lamhamdi,marc,martí,tornat,guanyar,martorellencs,partit,consecutiu,setmana,,enricalb22,123olesa,nbo
antoniobanos,etnianostra,antoniomaestre,perdó,jxcat,esquerres,antonio,prens,imbècils
jcoscu,gent,tú
ramirp,referèndum,pactat,aprop,independència
fàstic,fàstic,franco,munta,festa,eleccionesandalucia
desideratacat,manera,continuar,bonisme,dels,dirigents,tenim,govern,tebi,continua,frenant,iniciatives,gent,saben,liderar,navegar,efectiu,mandat,legitim,1o,independencia,nopassaran,vagadefam
xtomas,aleixramia,qüestiono,
pregunti,anat,finde,revento
miquel2xti,saralidiaester,beatriztalegon,estas,sort,mí,fa,té,blocat,sé,insultat,apanyarà
ohriol,erpllo,psc,prota,sexto,sentido,saben,esquerra,mort,psoe
alcaldessa,front,inseguretat,barcelona,pitjor,nivell,dels,darrers,40,anys,preu,habitatge,barraquisme,triplicat,darrers,4,anys
piqué,dembélé,marquen,camí,victòria
madre,mía,wishful,thinking,internacional,federalista
chenoaoficial,,bona,bonita,
enyagr,ethan9,arnaubertomeu,estribillo,cançó,surt,2019
independència
sergipinkman,boli,preparat,cas
marcelmauri,miqueliceta,orgullós,psoe,despertat,bestia
flowersigh,lluisllach,paliuotes,dient,varen,marxar,creus,votava,pp,psoe,nia,vian,estaban,esperan,fotis
jud1969,gent,dolenta,venjativa,hiha
gos,sofà,mossegant,joguina,cau,terra,rasca,sofà,compulsivament,ferla,tornar,pujar,fan,raonament
farem,anar,esmolant,falçs
anar,passant,esquerra,espanyola,blanquejadora,eterna,feixisme,seguir,banyantse,perpetu,fangar,intelectual
jordanajoan,virgili7,espectacular,lluminaria,barra,tenen
yeyaboya,votar,independència,fita,votat,por,ellos
vpartal,miqueliceta,iceta,rius,dels,resultats,andalucia,culpa
sàpiga,comunista,sap,afirma,patriarcat,producte,societat,classes,perpetua,gràcies,mena,comunista,negar,organització,social,necessària,perpetuar,sistema,econòmic,actual
república,votat,madrid,22000,persones,dirien,milió,9n,4,gats,malauradament
jaumealonsocuev,mort,terror,tenim,podem,retrocedir
comuns,visionaris,dir,podemos,canviaria,espanya,pujarien,esquerres,cop,poder,promourien,referèndum,catalunya
clar,català,fotin,germans,republicans,espanyols,preocuparnos,terra,fagin,puguin,intentant,precisament,recolzats,majoria
actualitat,pobla,retroba,victòria
aleixramia,qüestiona,vulguis,màrqueting,polític,data,segmentació,electoral,sigut,llarg,millors,drives,dades,parlar,operadora,telefonia,mòbil,saberne
subnormal,celebra,estimada,espanya,rigueu,pobre,rep,oxigen,cervell
totalment,ruptura,règimdel78,manera,voldríem,resultat,andalusia,acte,ruptura,constitució,gran,jocs,florals,gesticulació,indepe,nostrada
partits,independentistes,catalans,volen,ampliar,bases,aniran,andalusia,convèncer,gent,unilateralitat,dui
nimediabroma,urgente,necesario
también,soy,poco,cansino,jajaja,allá,voy,cristinapardo
flavitabanana,
ponemos,muy,fácil,vivir,momentazos,como,bertoromero,latemotivcero,público,latemotiv,nuestra,parte,,
""
ohhhhhh,mamma
amigos,guisa,nueva,cuerda1936,tiempodespues,honor,vayacaradesecundario
never,forget,bertoromero,latemotivcero,movistarplus,elterrat
por,supuesto,gocémoslo,juntos,,gracias,naidesabenada,elterrat
haya,paz,
preguntas,dudas,reflexiones,nadiesabenada,naidesabenada,también,web
llena,orgullo,satisfacción,recordárles,estrenado,nuevo,espectáculo,raulperez76,“raulidad,virtual,”,quiero,como,hijo,tengo,fundadas,esperanzas,puestas,él,feliz,navidad,elterrat
vuelve,maestro,cuerda,bien,así,‘tiempo,después,nueva,película,josé,luis,cuerda
temazo,gracias,jrhodespianist
banda,latemotivcero,mejores
programa,antivértigo,maravilloso,gracias
buenafuente,coronas,tarta,merengue,vanguardia,humor,latemotiv
hay,miles,niños,niñas,caravanamigrante,situación,crítica,urgente,reciban,ayuda,sumo,savechildrenes,porque,solo,niños,como,tuyos,como,nuestros,firmemos,para,apoyar,infanciaenpeligro
yasssssss
hoy,
humor,tiempos,indignación
samanté,para
muahahahaha
quedado,buena,tarde
hija,yo,recordamos,hoy,hay,naidesabenada,laser,las,1300,esperamos
facu,díaz,debut,grande
carnecrudaradio,
venga,risa
emocionant
las,emocionantes,grabaciones,descubren,cómo,rodaba,gran,circo,tve
🤪
desde,tarde,hasta,domingo,mis,posters,estarán,utopiamarkets,ilustración,parada,thefolioclub,qué,ilusión
código,ppético
políticos,virales,unitedunknown,latemotivcero,elterrat
danielguzman,cuenta,como,nadie,teatro
enhorabuena,compañero,raulperez76,contentos,lado,nuevo,proyecto
habemus,nuevo,⁦naidesabenada⁩
bieeeeen,gracias
""
raúl,cimas,picuetin,está,racha,placer,trabajar,lado,latemotivcero,elterrat
homenaje,banksy,
gracias,por,sueño
admiración,por,señor,⁦⁦jordirocasan⁩,gran,artículo,⁦pauarenos⁩,jordi,roca,cerebro,desconectó,desaprendí,hablar
acto,monstruoso,reduccionismo,usamos,término,abuso,infantil,mucho,peor,eso,todos,debemos,hacer,más,para,españa,mundo,entero,sea,más,segura,para,niños,niñas,rompoelsilencio,elpais
tarque,roll,siiiiii,unoqueesfan
born,this,day,1895,happy,birthday,buster,keaton
hoy,rock,bueno,directo,carlos,tarque,latemotivcero,movistarplus,elterrat
¿,cómo,explicaría,groucho,marx,procés
muy,recomendable,eugenio,merecía,reportaje

