2,carrils,tallats,ap7,celoni,girona,vehicle,incendiat
queda,tallada,c12,tortosa,fan,desviaments,senyalitzats
c12,tortosa,desviaments,alternatiu,tp3311,galera
normalitzat,circulació,tv3421
c25,1,carril,tallat,coloma,farners,vic,avaria,vehicle
c17,1,carril,tallat,montcada,reixac,vic,accident
c12,tortosa,desviaments,senyalitzats
tv3421,roquetes,barberans
t331,ulldecona,freginals
t3311,galera,sènia
n340
c12
tv3318
t331,bàrbara
t332
retencions,tv3313,galera
terresebre,tallades,trànsit,inundacions,tv3318,alcanar
t331,direcció,bàrbara
t332,direcció,vinaròs
retencions,c12,tortosa,tv3313,ulldecona,direcció,galera
eviteu,mobilitat,montsià,ebre,properes,fent,serveis,vehicles,atrapats,acumulació,aigua,carreteres,protecciocivil,alerta,inuncat
accident,c58,talla,carril,sabadell,terrassa,transitc58,httpstcokn41g7zb93
protecciocivil,gencat,demana,evitar,mobilitat,montsià,baixebre,properes
obert,carril,tallat,c58,accident,sant,quirze,vallès,sentit,accident,c58,sant,quirze,vallès,direcció,barcelona,talla,carril,transitc58,embús,ap7,sant,cugat,santa,perpètua,gt,girona,topada,camió,turismes,carril,tallat,aturats,santa,perpètua,gt,sud,afecta,b30,aturats,ap7,altura,barberà,sentit,girona,accident,santa,perpètuagt,girona,equipviari,congestió,c58,cerdanyola,c33,montcada,embús,ap7,sant,cugat,santa,perpètua,gt,girona,accident,talla,cua,santa,perpètua,gt,sud,afecta,b30,retirats,vehicles,accidentats,ronda,esplugues,gt,trinitat,millora,circulació,talgo,694,sevillaestació,frança,acumula,retard,incidència,tècnica,limitacions,velocitat,cua,ronda,esplugues,gt,trinitat,accident,afecta,b23,sant,just,desvern,esplugues,gt,ronda
retencions,ronda,litoral,zona,franca,can,tunis,gt,besòs,equipviari
continuen,cues,c17,llagosta,montcada,gt,bcn,obres,b24,cervelló,n340,vallirana,gt,tarragona,nc14,montblanc,pira,nc65,llambilles,banda,banda,equipviari
aturats,nap7,sant,perpètua,barberà,rubí,papiol,gt,sud,b23,molins,papiol,gt,girona,nc1413,antiga,papiol,sant,cugat,b30,barberà,gt,sud,cerdanyola,gt,nord,nc58,sant,quirze,gt,sud,equipviari
retenció,b22,entrada,t1,aeroport,prat,afecta,c31,sud,gt,tarragona,equipviari
cua,ronda,nus,llobregat,esplugues,gt,trinitat,accident,afecta,b23,sant,just,desvern,esplugues,gt,ronda,equipviari
topada,camions,implicats,b142,altura,rotonda,polinyà,cues,equipviari
cues,a2,sant,vicenç,dels,horts,gt,lleida,obresnde,b23,molins,ap7,papiol,gt,girona
