text,9,class
encara,embús,ap7,sant,cugat,santa,perpètua,gt,girona,topada,camió,turismes,carril,tallat,aturats,santa,perpètua,gt,sud,afecta,b30,9,1
aturats,ap7,altura,barberà,sentit,girona,accident,santa,perpètuagt,girona,9,1
congestió,c58,cerdanyola,c33,montcada,9,1
embús,ap7,sant,cugat,santa,perpètua,gt,girona,accident,talla,cua,santa,perpètua,gt,sud,afecta,b30,9,1
retirats,vehicles,accidentats,ronda,esplugues,gt,trinitat,millora,circulació,9,1
talgo,694,sevillaestació,frança,acumula,retard,incidència,tècnica,limitacions,velocitat,9,1
cua,ronda,esplugues,gt,trinitat,accident,afecta,b23,sant,just,desvern,esplugues,gt,ronda,retencions,ronda,litoral,zona,franca,can,tunis,gt,besòs,9,1
continuen,cues,c17,llagosta,montcada,gt,bcn,obres,b24,cervelló,n340,vallirana,gt,tarragona,c14,montblanc,pira,c65,llambilles,banda,banda,9,1
ara,aturats,ap7,sant,perpètua,barberà,rubí,papiol,gt,sud,b23,molins,papiol,gt,girona,c1413,antiga,papiol,sant,cugat,b30,barberà,gt,sud,cerdanyola,gt,nord,c58,sant,quirze,gt,sud,9,1
retenció,b22,entrada,t1,aeroport,prat,afecta,c31,sud,gt,tarragona,9,1
cua,ronda,nus,llobregat,esplugues,gt,trinitat,accident,afecta,b23,sant,just,desvern,esplugues,gt,ronda,9,1
topada,camions,implicats,b142,altura,rotonda,polinyà,cues,9,1
cues,a2,sant,vicenç,dels,horts,gt,lleida,obres,b23,molins,ap7,papiol,gt,girona,ap7,b30,barberàgt,sud,c58,sant,quirzegt,sud,ronda,sarrià,roquetesgt,besòs,cua,ronda,litoral,vila,olímpicagt,nus,llobregat,9,1
1,carril,obert,c65,llagostera,retirar,vehicle,tingut,accident,precaució,9,1
c241d,tallada,sarral,conca,barberà,retirar,vehicle,tingut,accident,matí,9,1
claravirgili,gràcies,clara,,9,1
retencions,túnels,garraf,c32,sitges,pk,36345,gt,bcn,retiren,vehicles,implicats,accident,voral,precaució,9,1
1,carril,tallat,a2,abrera,pk,583,gt,bcn,causa,vehicle,avariat,retencions,esparreguera,precaució,9,1
r14,renfe,lleida,06,23,estació,frança,09,49,circula,35,minuts,retard,9,1
nii,reoberta,agullana,empordà,tallada,5,causa,accident,retencions,pontdemolins,gt,nord,9,1
,últimahora,detinguts,4,homes,acusats,7,assalts,violents,ap7,feien,passar,policies,assaltaven,autocaravanes,furgonetes,aparcades,àrees,servei,mossos,9,1
tallada,5,matinada,nii,agullana,empordà,topada,frontal,vist,implicats,3,vehicles,desviaments,ap7,sud,entrada,jonquera,nord,accés,pont,molins,9,1
15,km,cua,a2,martorell,pallejà,gt,bcn,retirats,vehicles,implicats,accident,alternativa,ap7,b23,9,1
pas,alternatiu,n340,cervelló,pk,1231,accident,retencions,2,sentits,9,1
nii,tallada,agullana,empordà,2,sentits,causa,accident,desviaments,ap7,precaució,9,1
accident,a2,pallejà,pk,601,gt,bcn,retencions,santandreudelabarca,precaució,9,1
taxisigualada,gràcies,bon,dia,,9,1
millora,circulació,queden,retencions,autopista,maresme,argentona,gt,mataró,vehicle,avariat,afecta,c60,b30,barberà,gt,sud,cerdanyola,gt,nord,ronda,cornellà,gt,llobregat,9,1
cues,ap7,castellbisbal,gt,bcn,accident,c16,túnels,vallvidrera,floresta,gt,bcn,9,1
aturats,c58,terrassa,sant,quirzegt,bcn,accident,montcada,nus,trinitat,sortida,ripollet,sabadell,gt,terrassa,9,1
cues,c32,autopista,garraf,sant,boi,túnel,vallvidrera,gt,bcn,9,1
a,bcn,accident,plaça,francesc,macià,cues,diagonal,banda,banda,9,1
retencions,aturats,ap7,martorell,c60,argentona,mataró,c1413,antiga,entrada,població,sabadell,9,1
trams,retencions,ronda,sentit,besòs,ronda,litoral,sentits,marxa,9,1
continuen,retencions,a2,pallejà,sant,vicenç,dels,horts,gt,bcn,cornellà,gt,lleida,b24,cervelló,n340,vallirana,sentit,tarragona,vallirana,gt,bcn,c17,parets,vallès,c352,granollers,ronda,oest,sabadell,9,1
ara,aturats,ap7,santa,perpètua,barberà,rubí,papiol,gt,sud,b30,barberà,gt,sud,cerdanyola,gt,nord,c58,terrassa,sant,quirze,montcada,b23,molins,papiol,gt,girona,9,1
també,retencions,ronda,litoral,zona,franca,can,tunis,gt,besòs,passeig,sant,gervasi,accident,ronda,general,mitre,lesseps,avinguda,tibidabo,9,1
ara,cues,ap7,barberà,gt,sud,b30,barberà,gt,sud,cerdanyola,gt,nord,c58,sant,quirze,gt,sud,b24,cervelló,n340,vallirana,sentit,tarragona,vallirana,gt,bcn,c352,granollers,ronda,oest,sabadell,9,1
continuen,cues,ronda,litoral,zona,franca,can,tunis,gt,besòs,diagonal,parc,pedralbes,plaça,reina,maria,cristina,9,1
encara,aturats,b23,molins,ap7,papiol,sentit,girona,a2,sant,feliu,sant,vicenç,dels,horts,sentit,lleida,obres,c25,riudellots,selva,obres,c58,sant,quirze,gt,sud,b24,cervelló,n340,vallirana,9,1
talgo,llorca,sants,acumula,retard,9,1
accident,n340,entrada,vallirana,sentit,tarragona,cua,compacta,sentits,9,1
retencions,ronda,litoral,zona,franca,can,tunis,gt,besòs,9,1
cues,a2,sant,vicenç,dels,horts,sentit,lleida,obres,c25,riudellots,selva,obres,de,b24,cervelló,n340,vallirana,b30,barberà,gt,sud,cerdanyola,sentit,nord,1km,ap7,barberà,sentit,sud,9,1
a2,retencions,santvicençdelshorts,pallejà,gt,lleida,causa,obres,tallen,1,carril,9,1
1,carril,tallat,ap7,bàscara,pk,39,gt,sud,causa,camió,avariat,precaució,9,1
r3,rodalies,latordequerol,10,48,lhospitalet,14,02,acaba,recorregut,ripoll,incidència,tècnica,9,1
ap7,camió,avariat,cerdanyola,gt,sud,ocupa,voral,dret,7,km,cua,santaperpètua,precaució,9,1
vehicle,avariat,ap7,paretsdelvallès,pk,137,gt,girona,retencions,mollet,precaució,9,1
tots,carrils,oberts,a2,santjoandespí,gt,bcn,accident,cua,pallejà,sant,vicenç,dels,horts,obres,zona,precaució,9,1
accident,a2,santjoandespí,pk,607,gt,bcn,1,carril,tallat,retencions,pallejà,precaució,9,1
aturats,autopista,c16,terrassa,centre,gt,manresa,causa,obres,precaució,9,1
c17,restablerta,paretsdelvallès,gt,sud,retencions,9,1
encara,1,carril,obert,ap7,borrassà,pk,29,gt,sud,retiren,camió,avariat,precaució,9,1
c17,retencions,lametllaçdeolvallès,parets,gt,sud,causa,accident,precaució,9,1
accident,ap7,borrassà,pk,29,gt,sud,1,carril,obert,retencions,9,1
,,retencions,,c58,sant,quirze,vallès,montcada,reixac,punt,carril,tallat,avaria,9,1
,,retencions,,c55,manresa,castellbell,vilar,,c32,sant,boi,llobregat,sentit,nord,,c33,montcada,reixac,direcció,barcelona,,b23,sant,joan,despí,direcció,barcelona,9,1
,,retencions,c17,garriga,sentit,sud,ap7,vilafranca,penedès,sentit,nord,roca,vallès,sentit,sud,a2,tàrrega,bruc,direcció,barcelona,sils,sentit,sud,c14,ponts,c16,cercs,9,1
incidència,resolta,9,1
,,retencions,,c17,garriga,,ap7,santa,margarida,monjos,jonquera,,a2,tàrrega,jorba,igualada,collbató,pallejà,,c14,ponts,,c16,guardiola,berguedà,berga,,c55,castellgalí,manresa,9,1
,,retencions,accessos,barcelona,,c58,sant,quirze,montcada,reixac,,c32,sant,boi,gavà,,c33,montcada,reixac,,pota,nord,santa,coloma,nus,trinitat,,b23,esplugues,llobregat,9,1
,,atenció,1,carril,tallat,c32,gavà,sentit,nord,accident,1,carril,tallat,c58,montcada,reixac,avaria,9,1
,,retencions,,c17,3,km,garriga,sentit,sud,9,1
,,alternatiu,n260,ribes,freser,accident,9,1
,,retencions,,c17,ripoll,sentit,sud,,c55,castellgalí,manresa,sentit,sud,,b20,sant,boi,llobregat,sentit,nord,,intensifica,trànsit,n340,vendrell,vallirana,sentit,nord,9,1
,,retencions,,ap7,5,km,santa,margarida,monjos,jonquera,sentit,nord,,a2,2,km,cervera,4,collbató,sentit,nord,,c14,organyà,,c16,bagà,cercs,9,1
,,atenció,restriccions,trànsit,vehicles,pesants,22h,,ap7,maçanet,selva,vandellós,,c32,montgat,palafolls,barcelona,vendrell,9,1
,,retencions,,ap7,jonquera,sentit,nord,,a2,2,km,cervera,sentit,barcelona,9,1
,,accident,gi552,sant,feliu,buixalleu,dona,alternatiu,tram,9,1
,,important,carril,busvao,c58,obert,vehicles,camions,9,1
,,retencions,,c14,organyà,sentit,sud,,c16,riu,cerdanya,bagà,cercs,sentit,sud,,c17,ripoll,sentit,sud,9,1
,congestions,c17,centelles,direcció,barcelona,9,1
retencions,c16,altura,cercs,sentit,sud,barcelona,9,1
circulació,congestionada,c16,altura,urús,sentit,sud,túnel,cadí,9,1
,circulació,retencions,c35,santa,maria,palautordera,causa,accident,sentits,marxa,obert,alternatiu,9,1
,acte,esportiu,provoquen,congestions,c16,artesa,segre,sentits,marxa,9,1
,retencions,c55,carretera,duu,montserrat,sentits,marxa,9,1
‍‍,tmbinfo,recorda,diumenge,39a,cursa,popular,sant,martí,línies,busbcn,veuran,afectades,9,1
‍‍,tmbinfo,recorda,diumenge,fa,marató,prat,llobregat,afectant,línies,21,65,busbcn,9,1
tmbinfo,recorda,5,novembre,6,mesos,aproximadament,funicularmontjuïc,tancat,revisió,tècnica,9,1
més,retencions,b24,altura,vallirana,sentits,marxa,9,1
retencions,n260,sant,joan,abadesses,sentits,marxa,ap7,roca,vallès,direcció,girona,c17,parets,vallès,direcció,vic,n150,carretera,interurbana,sabadell,c58,barberà,vallès,direcció,barcelona,9,1
atenció,retard,euromed,fa,trajecte,alacant,barcelona,9,1
més,retencions,c55,castellgalí,direcció,manresa,c58,terrassa,direcció,manresa,9,1
retencions,interior,barcelona,ronda,litoral,nus,trinitat,9,1
retencions,ap7,barberà,vallès,sentit,sud,c58,sant,quirze,vallès,sentit,barcelona,a2,sant,joan,despí,cornellà,llobregat,sentit,barcelona,9,1
retencions,ap7,barberà,vallès,sentit,sud,c33,llagosta,sentits,c58,sant,quirze,barberà,sentit,barcelona,ronda,litoral,sentits,altura,besòs,ronda,meridiana,sentit,llobregat,9,1
,carrils,oberts,c33,montcada,reixac,incidència,solucionada,9,1
retencions,c33,llagosta,sentit,nord,b24,cervelló,enllaç,n340,9,1
atenció,afectacions,col·laterals,trens,línia,r11,rodalies,incidència,tècnica,9,1
,1,carril,tallat,c33,montcada,reixac,sentit,granollers,9,1
atenció,incidències,línia,r11,rodalies,9,1
cues,n145,seuduana,gt,andorra,n152,puigcerdà,gt,b24,cervelló,gt,sud,c58,sant,quirze,gt,bcn,b20,túnel,santa,coloma,–,nus,trinitat,gt,bcn,c17,parets,vallès,gt,bcn,ap7,montmeló,–,parets,gt,sud,9,1
cues,n152,accedir,puigcerdà,2,sentits,9,1
en,directe,roda,premsa,consell,ministres,9,1
🧟‍cues,accessos,parc,port,aventura,vilaseca,autovia,a7,vilaseca,gt,nord,t319,accedir,parc,gt,nord,9,1
accident,c66,cornellàdelterri,pk,42,circula,vial,paral·lel,retencions,puntuals,precaució,9,1
c58,retencions,santquirzedelvallès,gt,bcn,causa,obres,9,1
aturats,c17,molletdelvallès,pk,11,gt,bcn,causa,accident,precaució,9,1
accident,n141e,bescanó,gironès,fa,alternatiu,precaució,9,1
a,causa,neu,tallada,bv4024,accés,coll,pal,berguedà,9,1
es,manté,trànsit,intens,c16,llobregat,berga,cercs,gt,túnel,cadí,c14,organyà,9,1
ara,cues,c16,llobregat,rosal,–,cercs,berguedà,gt,túnel,cadí,c14,bassella,oliana,organyà,gt,urgell,c17,llosses,ripoll,gt,nord,9,1
restablerta,circulació,r1,rodalies,blanes,maçanet,interrompuda,caiguda,arbre,catenària,9,1
cues,ap7,vilanova,vallès,peatge,roca,gt,girona,c17,llosses,ripoll,gt,nord,9,1
taxisigualada,radioigualada,transit,gràcies,bon,dia,,9,1
comencen,retencions,destinacions,pont,a2,martorellabrera,gt,lleida,c55,castellbell,vilars,vicenç,castellet,gt,nord,c16,rosal,berguedà,gt,túnel,cadí,c14,oliana,gt,n145,duana,gt,andorra,9,1
c14,reoberta,pinelldesolsonès,accident,retencions,9,1
c14,tallada,pinelldesolsonès,pk,129,2,sentits,causa,topada,3,vehicles,precaució,9,1
5,carreteres,pirineu,prepirineu,afectades,nevades,tancat,accés,coll,pal,berguedà,9,1
interromput,trens,renfe,rodalies,blanes,maçanet,arbre,caigut,catenària,subministrament,elèctric,gestiona,servei,alternatiu,carretera,afecta,moment,r1,maresme,9,1
accident,accés,ronda,autopistes,c58,c33,gt,llobregat,vehicle,bolcat,treballen,retirarlo,tallada,incorporació,alternatives,avinguda,meridianario,janeiropg,valldaura,ronda,litoral,sortida,1,9,1
ℹ,18h,sortit,àrea,metropolitana,barcelona,94548,vehicles,18,dels,510000,previstos,totssants,operaciósortida,9,1
atenció,circuleu,colladadetoses,neu,carretera,cotxes,equipats,vingueu,calçats,toses,gi4016,equipviari,transit,9,1
,retencions,a2,sant,feliu,sant,joan,despí,,bcn,accident,1,carril,tallat,precaució,transita2,9,1
‍‍,cursaamistat2018,afectarà,gran,quantitat,línies,busbcn,planeja,ruta,consultant,detalls,,9,1
circulació,retencions,retenció,b23,124,esplugues,llobregat,124,sentit,barcelona,124,punt,km,02,124,16,17,9,1
15,50h,tallada,ctra,b500,santfost,motiu,,accident,trànsit,policialocal,mossos,equipviari,protecciócivil,ajsantfost,9,1
transit,demana,extremar,precaució,pont,atès,increment,mortalitat,21,registra,dies,festius,9,1
circulació,congestió,retenció,b20,124,barcelona,124,sentit,nord,nus,trinitat,124,punt,km,154,124,15,22,9,1
circulació,retencions,retenció,b23,124,papiol,124,sentit,oest,enllaç,ap7,124,punt,km,1512,124,15,29,9,1
pas,alternatiu,c1413a,santquirzedelvallès,pk,19,causa,esllavissades,retencions,2,sentits,precaució,9,1
2,carrils,tallats,a2,cornellà,pk,609,gt,bcn,accident,retencions,a2,sant,feliu,cornellà,gt,bcn,b23,molins,sant,feliu,gt,enllaç,a2,9,1
1,carril,obert,autopista,maresme,c32,canetdemar,pk,114,gt,bcn,causa,accident,precaució,foto,infoautopista,9,1
,últimahora,desconvoquen,marxes,lentes,dels,transortistes,previstes,tarda,demarcacions,tarragona,lleida,9,1
c66,tallada,lapera,empordà,pk,195,2,sentits,causa,accident,9,1
es,restableix,trens,r1,rg1,renfe,rodalies,arenys,pineda,afectats,incidència,subministrament,elèctric,9,1
interromput,trens,renfe,rodalies,arenys,pinedademar,incidència,subministrament,elèctric,afecta,línia,r1,maresme,rg1,portbou,hospitalet,pel,litoral,9,1
vehicle,avariat,a2,santfeliudellobregat,pk,605,gt,bcn,retencions,intermitents,castellbisbal,accident,sant,vicenç,dels,horts,gt,bcn,precaució,9,1
accident,a2,santvicençdelshorts,pk,601,gt,bcn,1,carril,tallat,retencions,castellbisbal,precaució,9,1
encara,llargues,cues,principals,accessos,bcn,rondes,causa,pluja,volum,trànsit,incidències,precaució,9,1
tots,carrils,oberts,c59,santaperpètuademogoda,gt,nord,topada,múltiple,matí,retencions,c59,ap7,gt,9,1
1,carril,obert,a2,tàrrega,gt,lleida,causa,accident,tallat,minuts,9,1
el,fum,incendi,port,visible,ronda,litoral,zona,portuària,afecta,moment,trànsit,precaució,9,1
pas,alternatiu,c31,costes,garraf,pk,174,nucli,garraf,terme,municipal,sitges,causa,accident,retencions,2,sentits,precaució,9,1
el,fum,incendi,visible,ronda,litoral,zona,portuària,bufa,direcció,precaució,9,1
1,carril,obert,c59,santaperpètuademogoda,cimvallès,gt,nord,topada,múltiple,tallava,calçada,gt,caldes,9,1
c59,tallada,santaperpètuademogoda,costat,cimvallès,gt,nord,causa,topada,múltiple,retencions,lallagosta,ap7,gt,girona,9,1
‍bon,dia,precaució,pluja,augmenta,retencions,àrea,barcelona,cua,c59,santaperpètuademogoda,cimvallès,gt,nord,possible,incidència,9,1
encara,queda,cua,b24,cervelló,n340,vallirana,vendrell,neteja,fa,alternatiu,aturats,sentit,sud,9,1
encara,retencions,c32,sant,boi,sentit,castelldefels,accident,fa,estona,9,1
accident,ronda,general,mitre,carrer,torres,cues,9,1
retirat,camió,avariat,ap7,sant,cugat,sentit,nord,9,1
millora,circulació,costes,garraf,c31,sitges,sentit,sud,tarragona,9,1
cua,compacta,a2,bruc,gt,lleida,camió,avariat,cinturó,litoral,sant,joan,despí,banda,banda,9,1
encara,cues,b30,barberà,sentit,sud,cerdanyola,gt,nord,ap7,sant,cugat,barberà,gt,nord,a2,cornellà,banda,banda,c58,terrassa,sant,quirze,gt,c59,palausolità,plegamans,caldes,montbui,sentit,nord,9,1
accident,roger,llúria,aragó,turisme,encastat,cafeteria,cues,foto,soler,9,1
cua,compacta,a2,bruc,gt,lleida,9,1
ap7,santa,perpètua,barberà,rubí,papiolgt,sud,papiol,sant,cugat,avariat,barberà,gt,nord,9,1
embús,costes,garraf,c31,sitges,sentit,sud,tarragona,9,1
cua,n240,montblanc,gt,valls,accident,9,1
encara,aturats,n340,vallirana,gt,vilafranca,gt,sud,vendrell,repara,9,1
ap7,mollet,accident,santa,perpètua,barberà,rubí,papiol,gt,sud,sant,cugat,gt,nord,b23,sant,feliu,diagonal,molins,papiol,gt,girona,túnel,vallvidrera,gt,bcn,c32,sant,boi,sentits,9,1
aturats,c58,sant,quirze,montcada,gt,bcn,sort,ripollet,gt,terrassa,c17,parets,vallès,banda,banda,afecta,sortida,ap7,c14,conca,barberà,c1413antiga,entrada,població,sabadell,c65,9,1
retencions,ap7,santa,perpètua,barberà,rubí,papiol,gt,sud,sant,cugat,gt,nord,b30,barberà,sentit,sud,cerdanyola,gt,nord,b23,sant,joan,despí,diagonal,molins,papiol,gt,girona,9,1
aturats,ronda,cornellà,valldaura,gt,besòs,ronda,litoral,zona,franca,ciutat,vella,gt,besòs,9,1
a,bcn,cues,llargues,diagonal,b23,plaça,reina,maria,cristina,ronda,general,mitre,plaça,reina,maria,cristina,lesseps,9,1
cua,b23,sant,joan,despí,diagonal,9,1
cues,ap7,santa,perpètua,barberà,gt,sud,b30,barberà,sentit,sud,cerdanyola,gt,nord,c58,sant,quirze,gt,bcn,c17,parets,vallès,9,1
pas,alternatiu,n340,vendrell,poder,reparar,retencions,vallirana,gt,bcn,9,1
embús,ronda,esplugues,nus,trinitat,obert,carrils,tallats,afecta,b23,esplugues,diagonal,9,1
via,evitar,embús,ronda,esplugues,nus,trinitat,accident,talla,carrils,afecta,b23,esplugues,diagonal,9,1
retencions,c58,sant,quirze,gt,bcn,b30,barberà,sentit,sud,cerdanyola,gt,nord,b24,cervelló,n340,vallirana,c12,tortosa,obres,c14,conca,barberà,9,1
encara,cua,ronda,hebron,sentit,llobregat,topada,talla,carril,afecta,pota,nord,santa,coloma,gramenet,,aturat,esplugues,accident,talla,carrils,9,1
camió,avariat,a2,collbató,sentit,lleida,9,1
tallada,n141,bossòst,camió,quedat,travessat,part,francesa,9,1
accident,ronda,hebron,sentit,llobregat,aturats,canyelles,hebron,també,aturat,horta,accident,esplugues,sarrià,9,1
accident,ronda,hebron,sentit,llobregat,cues,9,1
pas,alternatiu,c55,monistrol,montserrat,topada,vehicles,cues,sentit,nord,9,1
cues,c17,montcada,sentit,bcn,obres,c25,campllong,gt,obres,c12,tortosa,gt,obres,c1413,antiga,entrada,població,sabadell,9,1
encara,2,carrils,tallats,ap7,barberàdelvallès,pk,146,gt,sud,retencions,mollet,barberà,gt,sud,bellaterra,barberà,gt,nord,9,1
barryexcellence,gràcies,bon,dia,,9,1
ronda,retencions,diagonal,vallcarca,gt,trinitat,causa,accident,precaució,9,1
ap7,retencions,santaperpètuademogoda,barberà,gt,sud,causa,accident,foto,infoautopista,9,1
a,causa,nevades,calen,cadenes,travessar,coll,creueta,bv4031,castellardenhug,molina,9,1
nou,accident,ap7,santcugatdelvallès,pk,159,gt,girona,retencions,ap7,papiol,sant,cugat,gt,nord,b23,sant,feliu,papiol,gt,enllaç,ap7,9,1
l,avaria,comboi,sentit,contrari,afectat,r13,renfe,lleida,07,15,estació,frança,09,54,circula,30,retard,9,1
r13,renfe,estació,frança,06,47,lleida,09,58,circula,30,minuts,retard,causa,avaria,mantingut,aturat,roda,berà,9,1
accident,ap7,castellbisbal,pk,166,gt,girona,retencions,resolts,accidents,matí,ap7,9,1
tercer,accident,matí,ap7,papiol,gt,girona,retencions,ap7,castellbisbal,papiol,gt,nord,b23,santfeliu,papiol,gt,girona,9,1
martixllava,gràcies,alertarnos,bon,dia,,9,1
ap7,retencions,mollet,santaperpètuademogoda,gt,sud,causa,accident,precaució,9,1
2,accidents,ap7,maçanetdelaselva,gt,sud,1,carril,obert,retencions,ronda,tram,c32,esplugues,gt,llobregat,1,carril,tallat,9,1
un,carril,tallat,ap2,bisbal,penedès,gt,saragossa,arbre,caigut,9,1
un,carril,tallat,ap7,montroig,campgt,valència,arbre,caigut,9,1
encara,cues,c58,cerdanyola,montcada,montcada,gt,terrassa,accident,ap7,bellaterra,sant,cugat,gt,sud,fa,estona,cremat,vehicle,9,1
aturats,c58,terrassa,sabadell,gt,sud,montcada,c60,argentona,gt,mataró,nii,masnou,accident,vilassar,c1413,antiga,entrada,població,sabadell,9,1
cues,c17,lliçà,parets,vallès,túnel,vallvidreragt,bcn,pota,sud,cornellà,c32,sant,boi,sentit,castelldefels,topada,retencions,viladecans,sant,boigt,bcn,afecta,ronda,pedralbes,nus,llobregat,9,1
cues,ap7,santa,perpètua,barberà,4km,sant,cugat,accident,gt,sud,sant,cugat,gt,nord,b30,barberà,sentit,sud,cerdanyola,sentit,nord,b23,molins,papiol,gt,girona,esplugues,diagonal,9,1
també,calen,cadenes,bv4031,castellar,hug,toses,9,1
accident,ronda,sentit,llobregat,cua,pota,nord,santa,coloma,gramenet,9,1
conseqüència,neu,calen,cadenes,c28,passar,port,bonaigua,9,1
accident,nii,masnou,cues,9,1
retencions,c35,sant,celoni,c60,argentona,gt,mataró,9,1
c17,gurb,gt,sud,obres,lliçà,parets,vallès,gt,sud,parets,gt,vic,c58,terrassa,sant,quirze,gt,sud,9,1
cues,ap7,santa,perpètua,barberà,sant,cugat,papiol,gt,sud,b30,barberà,sentit,sud,cerdanyola,sentit,nord,b23,molins,papiol,gt,girona,9,1
aturats,pota,sud,cornellà,c32,sant,boi,sentit,castelldefels,topada,9,1
retencions,,cua,a2,òdena,gt,lleida,accident,camió,implicat,retencions,c12,tortosa,obres,b30,barberà,sentit,sud,cerdanyola,sentit,nord,nii,girona,9,1
talgo,697,estació,françasevilla,acumula,20,minuts,retard,9,1
euromed,alacant,estació,frança,acumula,retard,9,1
cinturó,litoral,cornellà,sant,joan,despí,gt,lleida,vehicle,aturat,9,1
aturats,b24,cervelló,n340,vallirana,,c12,tortosa,obres,c17,masies,voltregà,gurb,sentit,sud,obres,9,1
cua,a2,castellolí,òdena,gt,lleida,accident,accident,c58,torre,baró,gt,terrassa,carril,tallat,afecta,ronda,litoral,sant,adrià,besòs,pota,nord,santa,coloma,gramenet,9,1
tren,r16,tortosa,11,07,estació,frança,13,54,acumula,45,minuts,retard,9,1
retencions,c12,tortosa,obres,aturades,c17,gurb,sentit,sud,9,1
,cua,a2,castellolí,òdena,gt,lleida,accident,han,retirat,vehicles,accidentats,c58,torre,baró,sentit,terrassa,queden,retencions,ronda,litoral,sant,adrià,gt,besòs,9,1
‍una,manifestació,bombers,pel,centre,bcn,talla,rambla,obliga,desviar,línies,busbcn,problemes,circular,zona,9,1
jsolerdb,gràcies,,9,1
,r16,tortosa,11,07,estació,frança,13,54,aturat,aldea,amposta,causa,incidència,tècnica,9,1
retencions,c17,aiguafreda,centelles,gt,vic,causa,obres,9,1
comboi,r13,renfe,avariat,retrocedeix,circula,1,25,retard,9,1
una,incidència,senyalització,automàtica,adifes,calella,pineda,provoca,retards,15,r1,rodalies,moment,afecta,rg1,9,1
comboi,r13,renfe,avariat,rodadebarà,9,1
encara,llargues,cues,rondes,litoral,r,litoral,bon,pastor,barceloneta,gt,llobregat,mercabarna,can,tunis,enllaç,gran,nus,trinitat,r,júlia,pedralbes,gt,llobregat,cornellà,pedralbes,gt,trinitat,9,1
cues,ap7,montornèsparetssanta,perpètuabarberàsant,cugatel,papiol,gt,sud,s,cugat,gt,girona,9,1
cues,accessos,nord,bcn,c58,terrassa,estbadiamontcadanus,trinitat,gt,bcn,ntripollet,gt,terrassa,c16,rubíscugatvalldoreixpeatgeboca,nord,túnel,vallvidrera,b20,scolomanus,trinitat,c31,badalona,9,1
cues,habituals,principals,accessos,bcn,pel,sud,a2,castellbisbalpallejàsvicenç,hortscornellà,gt,bcn,martorell,gt,lleida,b23,molins,reidiagonal,gt,bcn,molinspapiol,gt,girona,b24,pallejà,gt,a2,c32,gavàsant,boi,c31,prat,9,1
‍possibilitat,carrers,tallats,ciutat,vella,bcn,pel,macrooperatiu,dels,mossos,precaució,9,1
‍bon,dia,comença,intensificar,circulació,carreteres,catalanes,moment,consten,incidències,9,1
,retencions,c17,lliçà,parets,vallès,direcció,barcelona,9,1
,calçada,tallada,c58,atura,bauma,castellbell,vilar,causa,accident,9,1
,accident,provoca,retencions,c58,sant,quirze,vallès,sabadell,direcció,barcelona,9,1
,retencions,a2,altura,bruc,sentits,marxa,9,1
,accident,c17,altura,montcada,reixac,dificulta,circulació,9,1
,circulació,intensa,c55,monistrol,montserrat,sentit,nord,manresa,9,1
,retencions,c31,ventalló,sentits,marxa,obert,alternatiu,9,1
,calçada,tallada,c37,querol,sentits,carretera,pont,armenteraral·li,catalunya,costa,daurada,9,1
,accident,c58,altura,nus,trinitat,sentit,barcelona,bifurcació,avinguda,meridiana,9,1
,circulació,fluïda,c60,altura,òrrius,direcció,granollers,9,1
,aturades,a2,túnel,bruc,causa,accident,sentit,nord,9,1
,retencions,c58,torre,baró,cerdanyola,vallès,direcció,sabadell,circulació,intensa,torre,baró,direcció,barcelona,9,1
circulació,fluïda,xarxa,viària,catalana,queden,retencions,b24,cervelló,n340,vallirana,9,1
r3,querol,18,52,hospitalet,llobregat,22,14,acumula,35,minuts,demora,9,1
encara,cua,ap7,gelida,subirats,gt,sud,9,1
continua,embús,ap7,subirats,granada,sentit,sud,9,1
encara,aturats,ap7,sant,sadurní,anoia,vilafranca,penedès,gt,sud,foto,aguilera,9,1
encara,10,km,cua,ap7,sant,sadurní,anoia,vilafranca,penedès,gt,sud,carrils,oberts,topada,camió,matèries,perilloses,turisme,camió,retirat,9,1
jordiaguilerac,transit,gràcies,jordi,explicant,equip,viari,9,1
hi,topada,camió,matèries,perilloses,turisme,ap7,vilafranca,penedès,gt,sud,obligat,tallar,pogut,retirar,camió,cisterna,congestió,9,1
embús,ap7,vilafranca,penedès,gt,sud,accident,foto,vela,9,1
continua,congestió,5,km,7,vilafranca,penedès,gt,sud,accident,tallada,autopista,recomana,sortida,27,9,1
embús,c44,vandellòs,hospitalet,infant,entrada,població,accident,afecta,tram,a7,9,1
retencions,ap7,sant,cugat,barberà,gt,nord,santa,perpètua,barberà,vilafranca,penedès,gt,sud,9,1
cua,ronda,litoral,sant,adrià,bon,pastor,gt,besòs,accident,bon,pastor,gt,9,1
ara,cues,c58,sant,quirzegt,sud,accident,ap7,cerdanyola,barberà,gt,nord,b24,cervelló,n340,vallirana,c17,parets,vallès,c55,sant,vicenç,castellet,gt,castellgalí,c65,banda,banda,9,1
ara,cua,compacta,ronda,esplugues,vallcarca,sentit,besòs,9,1
retirat,avariat,hospitalet,9,1
r3,hospitalet,llobregat,14,53,querol,18,06,acumula,30,minuts,demora,9,1
accident,ronda,litoral,montjuïc,gt,cua,ciutat,vella,sentit,llobregat,zona,franca,sentit,besòs,recordar,manté,tallada,tv7411,ribaroja,ebre,motiu,ralli,catalunya,costa,daurada,9,1
també,aturats,c17,parets,vallès,afecta,sortida,ap7,c55,sant,vicenç,castellet,gt,castellgalí,manresa,gt,castellgalí,hi,obres,castellgalí,c65,c31,castellplatja,aro,gt,platja,aro,9,1
ara,cues,cues,ap7,santa,perpètua,barberà,sant,cugat,gt,sud,b23,molins,papiol,sentit,girona,c58,sant,quirzelt,gt,montcada,gt,pota,nord,santa,coloma,gramenet,gt,b24,cervelló,n340,vallirana,9,1
retards,poden,superar,15,minuts,sentit,nord,línies,r1,r3,r4,r12,avaria,hospitalet,9,1
cues,rondes,cua,ronda,litoral,fòrum,port,olímpic,gt,accident,zona,franca,ciutat,vella,gt,besòs,ronda,esplugues,vallcarca,horta,gt,besòs,9,1
aturats,c17,parets,vallès,afecta,sortida,ap7,cues,n420,gandesa,c55,sant,vicenç,castellet,gt,castellgalí,nii,calella,pineda,9,1
cues,cues,ap7,santa,perpètua,barberà,rubí,papiol,gt,sud,b23,molins,papiol,sentit,girona,c58,sant,quirzelt,gt,montcada,gt,b24,cervelló,n340,vallirana,9,1
continua,cua,a2,caldes,malavella,gt,bcn,accident,múltiple,9,1
embús,n420,gandesa,9,1
també,retencions,b24,cervelló,n340,vallirana,c58,sant,quirze,badia,c17,parets,vallès,ronda,litoral,can,tunis,gt,besòs,9,1
continua,tallada,a2,caldes,malavella,gt,bcn,accident,múltiple,cua,9,1
aturats,c58,montcada,gt,terrassa,vehicle,avariat,afecta,ronda,litoral,sant,adrià,pota,nord,santa,coloma,gramenet,9,1
vehicle,avariat,c58,torre,baró,gt,terrassa,talla,1,carril,retencions,c58,nus,trinitattorre,baró,ronda,litoral,bon,pastornus,trinitat,9,1
autovia,a2,tallada,caldesdemalavella,pk,698,2,sentits,causa,topada,múltiple,desviaments,gi555,c63,precaució,9,1
ronda,litoral,retencions,santadriàdebesòs,nus,trinitat,accident,ronda,santacoloma,col·lisió,c58,sortida,pel,nus,trinitat,gt,terrassa,9,1
afectacions,pel,ralli,catalunyacosta,daurada,n420,gandesa,c44,benissanet,enllaç,n420,9,1
tots,carrils,oberts,c58,sabadell,nord,gt,terrassa,accident,retencions,c58,ap7,barberà,gt,sud,9,1
c58,accident,sortida,sabadell,nord,gt,terrassa,1,carril,tallat,retencions,c58,cerdanyola,sabadell,nord,gt,terrassa,ap7,barberà,vallès,gt,sud,enllaç,c58,9,1
c66,alternatiu,santjuliàderamis,pk,36,causa,obres,retencions,2,sentits,ap7,girona,nord,gt,frança,9,1
tots,carrils,oberts,a2,pallejà,accident,9,1
autovia,a2,tallada,granyanella,pk,513,gt,bcn,causa,accident,desvia,circulació,calçada,lateral,precaució,9,1
1,carril,tallat,c32,nord,autopista,maresme,mataró,gt,bcn,causa,accident,3,km,cua,9,1
retards,15,r2,r14,r15,r16,renfe,rodalies,gt,sud,incidència,estació,elprat,afecta,instal·lacions,adifes,9,1
accident,autovia,a2,pallejà,gt,bcn,1,carril,tallat,retencions,martorell,precaució,9,1
‍bon,dia,aturats,ronda,litoral,nus,llobregat,mercabarna,gt,trinitat,causa,accident,talla,1,carril,precaució,9,1
ara,circulació,fluïda,xarxa,viària,catalana,queda,retenció,b24,cervelló,n340,vallirana,9,1
retirat,vehicle,avariat,ap7,papiol,sentit,sud,millora,circulació,9,1
restablert,servei,línies,tram,freqüències,alterades,línia,t4,9,1
r3,carol,17,13,hospitalet,20,32,acumula,40,minuts,demora,9,1
continua,congestió,ap7,mollet,barberà,8,km,sant,cugat,papiol,gt,sud,papiol,vehicle,avariat,9,1
conseqüència,accident,servei,parades,maresme,port,fòrum,tramvia,9,1
trams,retencions,ronda,sentit,besòs,ronda,litoral,sentits,9,1
r3,hospitalet,14,53,querol,18,06,acumula,25,minuts,retard,9,1
aturats,c1413,antiga,entrada,població,sabadell,ronda,sud,granollers,accident,n340,vallirana,gt,sud,cinturó,litoral,cornellà,gt,lleida,c32,sant,boi,gt,castelldefels,c60,argentona,gt,mataró,9,1
també,retencions,cua,c17,tona,gt,bcn,accident,tram,obres,c17de,granollers,parets,vallès,gt,c58,terrassa,sant,quirze,gt,sud,túnel,vallvidrera,peatge,boca,nord,9,1
ara,cues,ap7,mollet,barberà,sant,cugat,papiol,gt,sud,b30,barberà,sentit,sud,cerdanyola,sentit,nord,b23,molins,papiol,gt,girona,esplugues,diagonal,9,1
retirats,vehicles,accidentats,b30,cerdanyola,sentit,nord,9,1
cua,c17,tona,gt,bcn,accident,tram,obres,9,1
aturats,ap7,santa,perpètua,barberà,gt,sud,granollers,gt,nord,n340,vallirana,gt,9,1
també,cues,ap7,b30,barberà,sentit,sud,c58,sant,quirze,gt,sud,c35,sant,celoni,gt,sud,ronda,sud,granollers,ronda,litoral,zona,franca,montjuïc,sentit,besòs,extrem,sud,gran,hospitalet,plaça,espanya,9,1
cua,b30,cerdanyola,sentit,nord,causa,accident,9,1
pas,alternatiu,c243,antiga,granada,penedès,topada,vehicles,9,1
cues,ronda,litoral,can,tunis,gt,besòs,embús,extrem,sud,gran,hospitalet,plaça,espanya,9,1
retencions,ap7,mollet,sentit,sud,c17,parets,sentit,sud,ap7,c58,sant,quirze,badia,gt,sud,c35,sant,celoni,gt,montseny,b24,cervelló,n340,vallirana,9,1
retencions,ronda,esplugues,diagonal,sentit,besòs,accident,9,1
accident,ap7,barberàdelvallès,gt,girona,retencions,bellaterra,precaució,9,1
es,manté,carril,obert,túnels,garraf,c32,santperederibes,pk,295,gt,sud,matí,topat,camió,turisme,passatger,davanter,cotxe,resultat,ferit,crític,9,1
1,carril,obert,túnels,garraf,c32,santperederibes,pk,295,gt,sud,topada,camióturisme,1,ferit,greu,informacions,9,1
tallada,c32,túnels,garraf,santperederibes,pk,295,gt,sud,topada,camióturisme,1,persona,ferida,precaució,9,1
ap7,retencions,bellaterra,barberà,gt,girona,causa,vehicle,avariat,talla,1,carril,9,1
encara,llargues,cues,accident,matí,b20,sud,cornellà,gt,bcn,c32,b20,gavà,prat,c31,gavà,prat,9,1
tots,carrils,oberts,ap7,montornèsdelvallès,gt,sud,accident,cues,ap7,rocamontmeló,intermitent,c60,argentonala,roca,gt,ap7,9,1
interromput,trens,renfe,rodalies,estació,mollet,santfost,causa,atropellament,persona,entrada,estació,afecta,r2,r11,9,1
r3,rodalies,hospitalet,llobregat,06,14,querol,09,40,circula,40,retard,9,1
per,accident,b20,sud,cornellà,cues,c32,b20,sud,castelldefels,cornellà,gt,bcn,c31,castelldefels,prat,gt,bcn,b22,prat,anar,c31,b20,gt,bcn,9,1
accident,b20,sud,cornellà,gt,bcn,cua,autopista,garraf,castelldefels,cornellà,gt,bcn,precaució,9,1
merilin1979,gràcies,bon,dia,,9,1
cues,habituals,principals,accessos,bcn,2,incidències,accident,ap7,montornèsdelvallès,pk,135,gt,sud,cua,c32,b20,sud,gavàel,prat,possible,incidència,b20,gt,bcn,9,1
a,circulació,fluida,xarxa,viaria,país,manté,alternatiu,c162,urús,tarda,bolcat,tràiler,9,1
retencions,ronda,horta,pedralbes,gt,accident,9,1
cua,c17,canovelles,coll,manya,sentit,barcelona,accident,9,1
a,c162,urús,bolcat,tràiler,carregat,palets,cotó,foto,bombers,9,1
retencions,c1413,antiga,entrada,població,sabadell,c60,argentona,gt,mataró,nii,caldes,malavella,sentit,sud,9,1
pas,alternatiu,n340,sant,carles,ràpita,topada,vehicles,cua,9,1
complicada,circulació,àrea,metropolitana,bcn,cues,llargues,b23,c58,pota,nord,accedir,ciutat,congestió,ronda,litoral,9,1
trams,retencions,rondes,barcelona,ronda,sentit,besòs,ronda,litoral,sentits,retencions,llargues,diagonal,entrada,barcelona,b23,altura,illa,diagonal,9,1
retencions,c32,sant,boi,gt,bcn,col·lisió,aturades,sentit,contrari,9,1
trams,retencions,nii,calella,pineda,gt,nord,accident,9,1
retirats,vehicles,accidentat,diagonal,club,polo,9,1
retencions,ap7,santa,perpètua,barberà,rubí,papiol,gt,sud,b30,barberà,gt,sud,cerdanyola,gt,nord,b23,molins,papiol,gt,girona,esplugues,diagonal,cinturó,litoral,cornellà,c17,lliça,parets,9,1
cues,,c16,viladecavalls,gt,sud,c58,terrassa,sant,quirze,gt,sud,obres,a2,martorell,castellbisbal,gt,sud,obres,9,1
cua,a2,castellbisbal,gt,sud,obres,9,1
a,bcn,retencions,diagonal,b23,plaça,reina,maria,cristina,accident,club,polo,9,1
retirats,vehicles,accidentats,ronda,litoral,montjuïc,sentit,9,1
aturats,2,km,ap7,sortida,girona,oest,km,585,sentit,frança,moto,terra,9,1
retards,línies,r2,r2nord,avaria,sistema,senyalització,estació,sant,andreu,comtal,9,1
aturada,circulació,ronda,litoral,poblenou,montjuïc,gt,llobregat,accident,retencions,zona,franca,montjuïc,gt,besòs,9,1
cua,compacta,ap7,sant,julià,ramis,gt,frança,topada,turisme,moto,9,1
també,aturats,c17,llagosta,montcada,gt,bcn,obres,c58,sant,quirze,gt,sud,b24,cervelló,n340,vallirana,9,1
cua,a2,cornellà,joan,despí,gt,martorell,nova,col·lisió,afecta,tram,ronda,litoral,agafar,a2,aturada,circulació,ronda,litoral,zona,franca,montjuïc,sentit,besòs,9,1
cua,a2,sant,joan,despí,sant,feliu,gt,martorell,col·lisió,retencions,c58,sant,quirze,sentit,sud,9,1
accident,autopista,garraf,c32,santboidellobregat,gt,sud,1,carril,tallat,retencions,9,1
retirat,camió,avariat,complicava,circulació,ap7,santcugatdelvallès,gt,sud,9,1
ap7,retencions,bellaterra,sant,cugat,vallès,gt,sud,causa,vehicle,avariat,talla,1,carril,9,1
reoberta,c17,granollers,gt,vic,accident,retencions,mollet,precaució,9,1
c17,tallada,granollers,pk,18,gt,vic,causa,accident,9,1
tots,carrils,oberts,ronda,litoral,poble,gt,llobregat,accident,retencions,zona,fòrum,barceloneta,9,1
c60,reoberta,argentona,pk,5,gt,granollers,accident,retencions,mataró,enllaç,c32,9,1
accident,c55,manresa,gt,solsona,3,km,cua,precaució,9,1
tallada,c60,argentona,pk,5,gt,granollers,causa,accident,fan,desviaments,precaució,9,1
ronda,litoral,retencions,nus,trinitat,poble,gt,llobregat,causa,accident,tancada,entrada,24,9,1
tots,carrils,oberts,c32,sud,santboi,gt,bcn,accident,retencions,gavà,precaució,9,1
llargues,cues,principals,accessos,bcn,pel,nord,c58,terrassa,estbadiamontcada,gt,bcn,montcadaripollets,quirze,gt,terrassa,c16,rubívalldoreixla,florestapeatgeboca,nord,túnel,vallvidrera,b20,coloma,gramenetnus,trinitat,9,1
accident,autopista,garraf,c32,santboi,gt,bcn,1,carril,obert,retencions,gavà,accessos,bcn,retencions,habituals,gt,entrada,9,1
retards,línies,r2,sud,regionals,avaria,llarga,distància,fa,circulació,cubelles,vilanova,9,1
retencions,a2,sant,joan,despí,sant,feliu,llobregat,gt,martorell,vehicle,aturat,9,1
ara,queden,retencions,b23,molins,sentit,girona,diagonal,b24,cervelló,n340,vallirana,ronda,esplugues,horta,sentit,besòs,9,1
freqüències,alterades,t1,t2,t3,tramvia,9,1
oberts,carrils,ronda,queden,retencions,esplugues,valldaura,gt,besòs,meridiana,hebron,gt,pota,nord,santa,coloma,gramenet,9,1
retirats,vehicles,accidentats,trams,retencions,diagonal,9,1
cues,túnel,vallvidrera,peatge,boca,nord,9,1
cues,ronda,litoral,zona,franca,bon,pastor,sentit,besòs,diagonal,ciutat,vella,gt,9,1
per,accident,ronda,embús,ronda,esplugues,horta,gt,besòs,hebron,gt,afecta,cues,pota,nord,badalona,gt,ronda,c58,ripollet,9,1
topada,motoristes,diagonal,altura,plaça,reina,maria,cristina,afecta,diagonal,cues,plaça,pius,xii,plaça,francesc,macià,9,1
via,evitar,embús,ronda,esplugues,hebron,gt,besòs,accident,hebron,gt,9,1
retencions,c65,santa,cristina,aro,entrada,població,9,1
també,aturats,nus,papiol,afecta,ap7,rubigt,sud,b23,molins,gt,girona,pota,nord,santa,gramenet,gt,ronda,9,1
cues,c58,terrassa,sant,quirze,obres,montcada,gt,sud,c1413,antiga,entrada,població,sabadelll,ap7,santa,perpètua,barberàgt,sud,b30,barberà,gt,sud,cerdanyola,gt,nord,9,1
embús,ronda,esplugues,hebron,gt,besòs,accident,hebron,gt,9,1
queda,cua,carretera,rubí,bp1503,accident,fauna,estona,9,1
ave,3941,sevillabarcelona,acumula,20,minuts,retard,9,1
talgo,463,barcelonallorca,acumula,retard,9,1
ara,retencions,a2,castellbisbal,gt,sud,pota,nord,santa,gramenet,nus,trinitat,gt,ronda,c58,sant,quirze,gt,sud,obres,b24,cervelló,n340,vallirana,ap7,cerdanyola,gt,nord,b30,barberà,gt,sud,cerdanyola,gt,nord,9,1
retirats,vehicles,accidentats,millora,circulació,9,1
talgo,694,sevillabarcelona,acumula,retard,9,1
ronda,litoral,vila,olímpica,montjuïcgt,llobregat,accidents,zona,franca,port,gt,besòs,9,1
ara,cues,aturats,enllaç,a2,abrera,ap7,martorell,gt,bcn,c58,sant,quirze,gt,sud,obres,b24,cervelló,n340,vallirana,c65,santa,cristina,aro,entrada,població,9,1
continuen,retencions,c58,sant,quirze,gt,sud,obres,b30,barberà,gt,sud,cerdanyola,gt,nord,b24,cervelló,n340,vallirana,ronda,esplugues,pedralbes,gt,besòs,accident,ronda,litoral,zona,franca,can,tunis,gt,besòs,9,1
a2,pallejà,sant,vicenç,dels,horts,sentit,bcn,obres,ronda,esplugues,pedralbes,gt,trinitat,accident,9,1
aturats,ap7,barberà,sentit,nord,conseqüència,cua,afecta,sortida,can,salvatella,9,1
vehicle,avariat,ap7,papiol,gt,sud,retencions,9,1
tots,carrils,oberts,ronda,cornellà,gt,llobregat,accident,retencions,roquetes,precaució,9,1
accident,mortal,nii,pont,molins,xoc,frontal,cotxe,camió,provocat,mort,conductor,vehicle,passat,mica,causes,investigant,9,1
retencions,accessos,nord,bcn,c58,terrassa,estbadiamontcada,gt,bcn,montcadaripollet,gt,terrassa,c16,florestapeatgeboca,nord,túnel,vallvidrera,9,1
cues,ap7,parets,vallèsmolletsanta,perpètuael,papiol,gt,sud,sant,cugatbarberà,gt,nord,9,1
2,carrils,tallats,ronda,tram,c32,esplugues,gt,llobregat,accident,retencions,llargues,roquetes,precaució,9,1
bv2411,tallada,avinyonetdelpenedès,causa,vehicle,avariat,9,1
monicagranados,gràcies,bon,dia,,9,1
merisariol,bon,dia,aturades,obres,moment,consta,incidència,gràcies,,9,1
‍bon,dia,precaució,c17,granollers,pk,18,gt,bcn,turisme,avariat,ocupa,1,carril,9,1
aquesta,domina,circulació,còmoda,incidències,retencions,b24,cervelló,n340,vallirana,9,1
aturats,carretera,vallvidrera,bv1462,gt,bcn,9,1
retencions,c32,sant,boi,gt,castelldefels,9,1
pas,alternatiu,c14,montblanc,treballa,retirar,vehicle,accidentat,retencions,9,1
euromed,1152,valència,barcelona,acumula,retard,26,minuts,9,1
atenció,viatge,carretera,pont,sants,9,1
aturats,b24,cervelló,n340,vallirana,c17,parets,vallès,gt,sud,canovelles,gt,vic,cinturó,litoral,cornellà,9,1
retencions,c58,sant,quirze,montcada,gt,sud,ap7,santa,perpètua,barberà,gt,sud,b30,barberà,gt,sud,cerdanyola,sentit,nord,b23,molins,papiol,gt,girona,9,1
encara,cues,ap7,jonquera,gt,nord,obres,fan,territori,francès,c65,llagostera,gt,santa,cristina,aro,obres,9,1
aturats,c65,llagostera,gt,santa,cristina,aro,obres,9,1
cua,ap7,jonquera,gt,nord,obres,fan,territori,francès,9,1
continuen,cues,c65,arribar,fornells,selva,banda,banda,obres,9,1
servei,restablert,l1,universitat,glòries,9,1
cua,ap7,sant,celoni,sentit,sud,incendi,vehicle,equiviari,9,1
r11,figueres,14,08,sants,16,09,acumula,45,minuts,retard,incidència,tècnica,origen,9,1
sense,servei,l1,línia,vermella,metro,universitat,glòries,9,1
retencions,c58,sant,quirze,gt,sud,b30,cerdanyola,sentit,nord,ap7,jonquera,gt,nord,c65,arribar,fornells,selva,banda,banda,9,1
cua,5,km,ap7,cerdanyola,barberà,sentit,nord,girona,topada,4,vehicles,implicats,9,1
1,carril,tallat,gi542,anglès,selva,gt,osor,pedra,grans,dimensions,caigut,calçada,precaució,9,1
retards,15,r2,nord,r11,renfe,causa,incidència,tècnica,senyalització,adifes,estació,sant,andreu,comtal,9,1
vehicle,avariat,ronda,júlia,gt,trinitat,1,carril,tallat,retencions,9,1
millora,circulació,accessos,bcn,cues,c58,b20,nord,c16,a2,b23,c31,c32,sud,rondes,gt,llobregat,9,1
accident,c60,argentona,gt,nord,1,carril,tallat,retencions,c60,c32,mataró,gt,sud,9,1
aturades,accessos,sud,bcn,a2,sant,andreu,barcapallejàsvicenç,hortscornellà,b23,molins,reiesplugues,gt,bcn,molinsel,papiol,gt,girona,c32,gavàviladecans,c31,prat,9,1
cues,accessos,nord,bcn,c58,terrassa,centrebadiamontcada,gt,bcn,montcadaripolletsant,quirze,gt,terrassa,c16,rubívalldoreixpeatgeboca,nord,túnel,vallvidrera,b20,santa,colomanus,trinitat,c31,badalona,9,1
ap7,retencions,sud,montornèsparetsmollet,vallèss,perpètuabarberàbellaterrasant,cugatel,papiol,gt,sud,nord,bellaterrabarberà,9,1
accident,ronda,pedralbes,gt,llobregat,1,carril,tallat,retencions,nus,trinitat,precaució,9,1
retencions,c31,accés,aeroport,pratllobregat,9,1
retencions,c58,altura,badia,vallès,accedir,centre,comercial,sentit,sud,9,1
circulació,intensa,ronda,b20,altura,prat,llobregat,direcció,castelldefels,9,1
circulació,retencions,c12,altura,tortosa,perill,esfondraments,obert,alternatiu,regulat,semàfors,9,1
tallada,tp3311,galera,sènia,causa,pluges,,9,1
,circulació,intensa,c25,santa,coloma,farners,direcció,vic,9,1
retencions,accident,c17,altura,montcada,reixac,direcció,barcelona,9,1
tallada,t331,ulldecona,freginals,causa,pluges,,9,1
tallada,tv3421,roquetes,barberans,causa,pluges,,9,1
tallada,c12,amposta,altura,tortosa,causa,pluges,,9,1
emergenciescat,informa,canal,breta,tortosa,desbordant,inundant,c12,punts,quilomètrics,11,12,bomberscat,mossos,evitar,mobilitat,ebre,montsià,protecciocivil,alerta,inuncat,9,1
conseqüència,fortes,pluges,tallada,t331,ulldecona,gt,santa,bàrbara,cua,c12,tortosa,bassals,aigua,9,1
protecció,civil,demana,possible,eviti,agafar,cotxe,circular,comarques,montsià,ebre,vehicles,atrapats,acumulació,aigua,carreteres,9,1
cua,c58,sabadell,gt,terrassa,accident,9,1
cua,c32,sant,boi,gt,castelldefels,accident,9,1
aturada,circulació,trens,benicarló,vinaròs,fortes,tempestes,fa,servei,carretera,castelló,aldea,trens,sortit,barcelona,valencià,espera,evolucioni,episodi,pluges,9,1
r13,stvicenç,calders,18,30,planapicamoixons,19,06,surt,40,minuts,retard,9,1
regional,express,15015,estació,françasaragossa,acumula,retard,incidència,tècnica,9,1
r15,estació,frança,15,43,ribaroja,ebre,18,58,saragossa,acumula,60,minuts,demora,9,1
tren,r13,stvicenç,calders,18,30,planapicamoixons,19,06,té,prevista,sortida,19,00,30,minuts,retard,9,1
protecció,civil,demana,possible,eviti,agafar,cotxe,circular,travessen,comarca,montsià,9,1
tallada,n340,alcanar,conseqüència,fortes,tempestes,9,1
aturats,c60,argentona,gt,mataró,cinturó,litoral,sant,joan,despí,cornellà,carretera,vallvidrera,bv1462,gt,bcn,c55,manresa,gt,sud,sant,vicenç,castellet,gt,nord,9,1
cues,n340,alcanar,vinaròs,gt,precaució,9,1
aturada,circulació,trens,corredor,mediterrani,castelló,tarragona,estació,vinaròs,castelló,conseqüència,tempestes,informa,adif,9,1
aturada,línia,castelló,tarragona,estació,vinaròs,castelló,conseqüència,tempestes,informa,adif,9,1
oberta,tv3146,vilaseca,tarragonès,9,1
des,fa,estona,plou,terres,ebre,podeu,trobar,bassals,aigua,n340,circuleu,precaució,9,1
retencions,ronda,cornellà,pedralbes,gt,besòs,accident,júlia,gt,avariat,ronda,litoral,zona,franca,nus,trinitat,fòrum,barceloneta,gt,9,1
cues,pota,nord,santa,coloma,gramenet,cinturó,litoral,cornellà,gt,martorell,túnel,vallvidrera,gt,bcn,b24,cervelló,n340,valirana,9,1
aturats,ap7,rubí,papiol,gt,sud,b30,barberà,sentit,sud,cerdanyola,gt,nord,b23,sant,feliu,papiol,gt,girona,esplugues,diagonal,c58,sant,quirze,gt,sud,cerdanyola,montcada,9,1
cues,tallada,tv3146,vilaseca,tarragonès,bassals,aigua,ap7,jonquera,gt,frança,obres,territori,francès,9,1
embús,ronda,cornellà,guineueta,gt,besòs,accident,guineueta,gt,ronda,litoral,zona,franca,poblenou,sentit,besòs,causa,accident,9,1
aturats,c59,palau,–,solità,plegamans,gt,caldes,cinturó,litoral,sant,joan,despí,cornellà,nii,pineda,9,1
cues,ap7,santa,perpètua,barberà,rubí,papiol,gt,sud,b30,barberà,sentit,sud,cerdanyola,gt,nord,b23,molins,papiol,gt,girona,c58,sant,quirze,gt,sud,montcada,sentits,9,1
servei,restablert,l3,9,1
sense,servei,l3,línia,verda,paral·lel,passeig,causes,tècniques,drassanes,9,1
carretera,tv3146,tallada,vilaseca,2,sentits,inundació,calçada,9,1
retards,15,línia,r1,rodalies,maresme,causa,incidència,instal·lacions,adifes,mataró,arenys,9,1
22,pel,fa,precipitacions,centre,sembla,voldrà,col·locar,voltant,illes,còrsega,sardenya,aportant,vents,gregal,secs,descartable,sorpresa,típica,situacions,caldrà,seguirho,9,0
abdelaziz,barrada,signa,pel,nàstic,9,0
abdelaziz,barrada,signa,pel,nàstic,9,0
amnistia,internacional,demana,suprem,observadors,tinguin,espai,sala,judici,1o,9,0
javi,lópez,david,lópez,pedrosa,marc,roca,álex,lópez,darder,javi,puado,espanyol,presenta,alineació,7,jugadors,formats,sant,adrià,banqueta,4,dídac,lluís,lópez,melendo,víctor,campuzano,rcde,9,0
carolroser,conec,,9,0
tonialba,proporcionalitat,9,0
dissabte,inclassificable,aramalikian,presenta,royalgarageworldtour,teatremundial,figueres,imprescindible,visitfigueres,figueresaescena,ajfigueres,9,0
segrecom,segrecomcom,9,0
sugurufillmeu,marvel,remuntar,sèries,spiderman,xmen,veia,antena,3,gràcies,sèries,començar,aficionar,comprar,còmics,dels,mutants,9,0
nanencarmen,jabufor,gent,bona,pel,món,veritat,criden,atenció,merci,carme,9,0
rperoy,krlesnu,rapsòdia,ocasió,peroy,3,9,0
coneixeu,varietats,mandarines,podem,trobar,mercatsbcn,,cuinacat,expliquen,feuhi,cop,🧐,9,0
nous,cepeda,roi,bromes,mariquites,queien,punt,cancel•lats,9,0
festes,baixen,donacions,anem,donarsang,dimecres,23,donació,planta,1,edifici,montseny,perevirgilicat,anirem,donarsangpsperevirgili,9,0
elisendapineda,casa,superser,estufa,9,0
cien,años,empuje,pedagógico,más,años,vendrán,…,diarioeduca,tinguem,present,feina,pensament,pedagogs,mestres,recorregut,pels,acabada,1a,guerra,mundial,confiar,educació,impuls,vida,9,0
savethedate,parlem,dol,infants,gestionem,perdeu,xerrada,tindrem,psicòleg,especialista,romanartur,proper,dijous,7,febrer,alasalaparlemdetot,col·laboració,creurojasbd,sabadell,bibliotequessbd,9,0
maqueill4,albanodante76,ierrejon,acord,moviment,esperit,15m,endur,podemos,carregant,9,0
consens,alcaldes,alcaldesses,osona,aprovació,informe,previ,creació,servei,públic,abastament,aigua,baixa,9,0
senseficciotv3,passar,documental,petitetfilm,carles,bosch,estrena,mundial,docsbarcelona,projectar,filmcerdanya,recomanable,alacarta,,9,0
falten,minuts,vespre,9,0
≈39,km,intensitat,510,superfície,0510,170119,19,40,barcelona,bcn,9,0
presentació,projecte,parc,república,sant,pere,nord,9,0
tractem,habitualment,funcionaris,cnp,sabem,català,inexistent,diuen,entenen,vols,utilitzar,elmonarac1,jordibaste,salellasadv,llenguacat,prourepressió,9,0
tarda,febricular,dolor,articular,gola,inflamada,calent,llimona,arrossegant,inspiració,ulls,pel,formigues,paper,text,entra,sort,schubert,fantasia,blue,monday,dijous,9,0
bacon,formatge,9,0
empadronem,votar,perdre,vista,9,0
felicitats,bona,feina,9,0
cnpn,43,vs,buc,17,,nois,sub,14,cnpoblenou,sortir,camp,energia,minut,1,buc1929,partit,marcador,donar,vençut,bon,joc,grans,equips,fotos,alexmerinobcn,rugby,9,0
venç,populisme,insultantlo,araopinio,9,0
dia,llibre,frase,atzar,platges,esperen,petjades,dels,homes,aigua,dorm,gabriel,janer,manila,adapt,9,0
lamanyanacat,9,0
jportella93,bicing,enviat,mail,cas,,9,0
josepalay,isabelmassala,quimtorraipla,gràcies,9,0
poliramon,venen,desde,ñ,9,0
‼carrer,comerç,cosa,vilafranquins,esperem,‼,,9,0
jondesenk,cas,rellevant,tuit,possibilitat,real,atorguen,governar,mesos,agrair,,9,0
fgotarra,jugadors,equip,stuani,carvajal,exemple,jugadors,filial,esperar,cumplir,sanció,poden,jugar,equip,lliga,copa,cas,porta,fluixa,copa,9,0
teniu,personatge,ídol,setmana,oblideu,compartir,sentiu,superwomanfiona,9,0
sedlr,sembles,psicòlegs,llences,preguntes,observes,agrada,pregunta,entenc,agrada,pel·lícules,🤣,9,0
advocats,catalans,qué,votat,9,0
vist,activitats,queden,9,0
bertbrun,portaves,aigua,passarli,emprenyat,descuit,té,9,0
miqueliceta,155,vols,mediocre,9,0
icetaextremadura,monta,monta,trendingtopic,republicacatalana,9,0
pobla,claramunt,aprova,pressupost,pràcticament,35,milions,euros,2019,9,0
novarevista,ace,architecture,city,environment,núm382018,9,0
nani,roma,odenenc,àlex,haro,subcampions,dakar,9,0
xocolate,anem,saturats,,9,0
totcosta,por,interpretar,norma,entenc,canviat,terminis,9,0
studela,jordiborras,seguir,novetats,petrolisindep,9,0
raó,punt,vista,supèrbia,infal·libilitat,divina,creuen,dipositaris,resolen,donar,imatges,hemicicle,fa,baixada,9,0
fakenews,trovem,museu,torre,balldovina,convocats,ancgramenet,parlarne,periodistes,oetxearte,andreubarnils,albertmartnez,9,0
sortir,feina,veniu,afterwork,atemporal,reserva,exclusiva,centre,bellesa,gaudeix,beauty,experience,amics,reus,atemporal,atemporalestheticlab,9,0
jordiroviraguma,gent,diuen,esquerres,viuen,opinen,lliberals,dretes,llautó,9,0
jtornesanroma,🤣,🤣,🤣,pensat,dubte,🤦‍🤣🤣,9,0
lalibetfly,acabo,psico,començo,català,puc,puc,nooooooo,🤨🤨🤨,9,0
davidma95149645,99nandes,jordicanyas,apareixen,moncloa,magia,pluja,rajoy,9,0
assemblea,informativa,recuperemmagòria,cotxeres,sants,entitats,esportives,tauladesports,secretariat,exposen,proposta,recuperar,magòria,esport,instal·lacions,segle,xxi,9,0
tetapth,fnaccat,jaumecabre47,jbadia16,virgili7,quimmonzo,sobtat,jaume,cabré,tinguessin,“versió,original,”,català,9,0
comencem,temporada,demitjons,llargs,9,0
dilluns,selecció,catalana,femenina,fcfcat,enfrontarà,xile,selecció,preparant,mundial,estiu,9,0
atenció,pensàveu,recordàvem,voleu,fervos,socis,grama,podeu,descompte,40,veniu,oficines,buscar,carnet,segonavolta,9,0
12,sembla,probable,clatellada,tèrmica,setmana,vinent,entrada,freda,origen,polar,farà,baixar,temperatura,notablement,especialment,dimecres,dijous,ambient,cru,hivern,podria,mantenir,9,0
unió,europea,institucions,federalisme,europa,canjonch,granollers,esquerrafederal,9,0
miqueliceta,dretes,éts,fals,9,0
colomasta,benvinguts,twitter,esportcolomenc,9,0
btvnoticies,openarmsfund,raval,ple,narcotraficantspisos,narcoscofeeshopsdrogadictes,carrer,demanea,seguretat,llum,carrer,diuen,diners,presa,pel,adacolau,galapita,carrer,lancaster,vertedero,bcn,iros,9,0
reunió,president,col•legi,graduats,socials,barcelona,cgsbarcelona,carlos,berruezo,río,vicepresident,julio,amador,treballant,conjuntament,enfortiment,dels,col•legis,professionals,servei,societat,9,0
trobes,situació,atur,buscant,feina,ajpalamos,període,preiscripcions,cursos,poden,donar,possibilitat,trobar,feina,info,9,0
enhorabona,taula,rodona,fake,news,premsa,veritat,desconfiança,mitjans,comunicació,periodisme,vespre,organitzat,ancgramenet,museu,torre,balldovina,santacoloma,gramenet,convé,debatre,tema,9,0
plovisquejant,sants,bcn,comencen,mullarse,asfalt,voreres,1r,dia,pluja,2019,dóna,finalitzada,ratxa,33,dies,portàvem,ploure,gota,00,mm,foto,carretera,sants,9,0
vegada,xeringues,mina,telenotícies,comarques,santadria,9,0
valencasiusi,necessàriament,xd,igualment,faig,tard,9,0
didaccarreras,gent,jove,rebel,enredat,miserablement,estripen,carnet,tornen,casa,esperar,oportunitat,podem,esperar,tenim,remei,seguir,lluita,sapiguem,venut,9,0
praywme,imperi,reviura,cendres,9,0
voldria,escoltar,9,0
conceptes,tenen,definició,absoluta,canvia,context,geogràfictemporal,9,0
gràcies,pel,suport,pels,ànims,🥰,voler,aprendre,català,enamorar,poble,català,,9,0
marcbodi,treure,fer🤬,9,0
sugurufillmeu,petit,tenia,referents,dc,pelis,superman,sèrie,animació,dels,superamics,batman,adam,west,boom,batman,burton,sèrie,animació,venir,9,0
,moda,124,boyfried,look,millor,preu,rebaixes,leftiesofficial,,sommultiespai,9,0
imatge,dels,donants,sang,donarsang,sangfluencer,,9,0
combat,mort,anys,gata,propietat,capsa,9,0
josepmacalafont,chloehphillips,gràcies,suport,josep,9,0
barcelonesjove,esdeveniment,agenda,diu,llaureu,dir,arad,topònim,romanès,9,0
mica,humor,9,0
chukwueze8,forme,part,equip,confirma,99,toko,ekambi,titular,athleticclub,9,0
traduaction,traductors,jurats,google,9,0
esquerra,caïnista,fa,imbècil,ultradreta,neofeixista,espera,porta,chachi,creo,vinierais,para,ahorapodemos,9,0
fa,dir,ignorància,9,0
krlesnu,espero,passada,nota,9,0
acabo,veure,cani,passejant,gos,valgui,redundància,caminava,suelto,cames,braços,visqués,videoclip,trapero,9,0
jordiborras,davidra53695927,cromanyons,9,0
boscderoures,sento,fa,riure,9,0
acte,reconeixement,empreses,col·laboradores,foment,terrassa,comença,visita,parc,audiovisual,catalunya,localitzemocupacio,serveiocupacio360,intercanvi,experiències,implicació,ciutat,9,0
ninaqueral,paquifer1969,sé,té,veure,té,dit,vale,9,0
9quietman,,bufff,tinc,cosa,estudiar,fotut,tallat,desperta,begut,alcohol,🤪🤪🤪🤩🤩,9,0
directors,escoles,concertades,demanat,partits,polítics,gironins,opinen,polítiques,futur,proposen,referència,acció,educativa,gràcies,voler,rebre,reunit,palbertiserra,guanyemgirona,9,0
seguint,tema,dels,autobusos,terrassa,final,dona,raó,9,0
tonidedeu,uocuniversitat,aquascat,mooooltes,gràcies,toni,descomptat,comptaré,bona,feina,aquas,9,0
font,anava,dies,omplir,garrafes,anava,joanic,recordo,remodelació,totxanes,sortia,roca,vida,bevíem,aigua,casa,9,0
atesos,pobresa,fa,creurojatgn,necessiten,ajuda,entitat,observatori,alerta,cronificació,situació,especialment,joves,grans,60,anys,9,0
celebrant,aniversari,ancgramenet,taula,rodona,fakenews,oetxearte,vilaweb,albertmartnez,ladirectatv,andreubarnils,repúblicagramenet,9,0
cineasta,miguelpuertas3,dirigeix,documental,històric,repressió,franquista,granollers,9,0
emerjadesign,elplasticomata,greenpeace,wwf,vivirsinplastic,retorna,nomasplastico,ecoembes,ecointeligencia,encanta,bons,,9,0
entrades,exhaurides,veiem,dissabte,swing,recordem,entrades,taquilla,aforament,complert,femateneusalt,swingunderground,9,0
claraamm,dic,generosa,ferho,ampli,genèric,focalitzo,moltissim,cas,dels,desemparaments,administratius,vulneració,drets,maltractament,institudional,sabent,dgaia,prisma,entenc,entenem,crec,9,0
sònia,fernándezvidal,mataronina,escriptora,doctora,física,quàntica,presenta,exposició,dones,tecnología,projecte,tecnogirl,ponència,obrim,portes,biblioteca,alexandria,bibliolabxbm,més,info,9,0
raholaoficial,psoe,fàstic,penya,9,0
iniciant,cicle,gestionat,joves,casaorlandai,parlant,cinema,feminisme,gestiócomunitària,artitransformaciósocial,9,0
amoedocom,ppandaluz,ciudadanoscs,digas,memòria,pasara,factura,9,0
laboratori,pràctica,determinació,acidesa,vinagre,9,0
“el,naixement,feixisme,esperit,capitalisme,”,article,company,joan,sebastià,colomer,laccent,9,0
sessió,informativa,usuaris,participants,experiència,mobilitat,compartida,vehicle,elèctric,sommobilitat,santaperpètua,vecompartitspm,9,0
jaumealonsocuev,gràcies,xerrada,abraçada,forta,9,0
rosegarocs,mferreal1,pronomboig,meadow895,barcelona2714,davidgr1714,santnoetcansis,enricduranp,tinguin,contacte,castellà,segur,tenen,catanyol,dir,catalans,parlen,català,acastellanat,problema,9,0
vespre,9,0
ajuntament,finançarà,rescats,mediterrani,aportació,milió,euros,openarmsfund,9,0
rosegarocs,virgili7,mferreal1,pronomboig,meadow895,barcelona2714,davidgr1714,santnoetcansis,enricduranp,internet,suposo,arribat,poble,9,0
menorca,bona,diada,menorquines,menorquins,cc,consellmenorca,9,0
karmemartinegea,espero,embolicat,ensaïmat,9,0
angelscordon,elplural,joselui57675062,es,saben,escriure,castellà,gentussa,9,0
conscient,situació,viuen,cfilua,arribar,accions,magnitud,mantenen,escolteu,lorenaavila21,entendreu,santaperpètua,habitatge,9,0
somhi,faci,falta,poder,cumplir,anhels,haber,fet,màxim,movem,demès,marató,lliures,,makeamove,9,0
marc20f,lliure1714,substituts,atabalant,interessa,pel·lícula,aniré,9,0
govern,espanyol,diu,roba,groga,bocariver,“risc,seguretat,elnacionalcat,vegada,demostren,nivell,tenen,caient,parany,nacionalfeixistes,pp,9,0
rourecentenari,dies,falti,decideixes,mestre,deia,decisió,prens,llevarte,bona,pensades,,9,0
toni,seligrat,acomiada,roda,premsa,9,0
proftgschulze,manfredweber,cemoezdemir,andrejhunko,thomas,fent,ridícul,espantós,entens,demana,ajut,inflat,bestieses,9,0
marcsd90,eduardvoltas,pdemocratacat,votaria,puig,aglutinarà,independentisme,dretes,9,0
mksjosoccdr,dadme,dadme,otra,dadme,patètics,podem,arribar,mereixem,passa,9,0
chloehphillips,ratllis,parles,parles,millor,català,nascuts,9,0
laribocrusat,comença,intervenció,recordant,ernestlluch,pluriempleat,vida,pencaire,premigaziel2018,9,0
nena,menja,menjant,agrada,mengis,nena,mira,deixa,menjar,9,0
confirmat,dubtes,generats,actual,govern,miquelforns,donarem,suport,presentat,continua,debat,plesitges,sitges,9,0
dubte,crida,instrument,servei,dels,interessos,polítics,personals,puigdemont,té,interès,particular,tros,ase,dia,entenen,millor,campanyes,organitzades,maniquees,simplistes,atacs,sistemàtics,9,0
crònica,bàsquet,sama,vilanova,65,–,sènior,masculí,plasfoc,52,9,0
2001,toni,batllori,quadre,lavola1981,20,anys,empenyent,oli,tela,130×190cms,observantlo,constato,propòsit,continua,vigent🤔,sostenibilitat,cosostenibilitat,9,0
raq73,cas,pugui,dir,pamflet,razón,idiotes,necessari,9,0
clar,impossible,bigdatapdecat,9,0
emerjadesign,crec,escollit,tema,,bona,9,0
raholaoficial,psoe,sanchezcastejon,escapen,cabres,9,0
krlesnu,anava,escriure,melanconia,melangia,tristes,sonen,9,0
sugurufillmeu,creguis,parell,amics,fans,coneixiem,gràcies,videojocs,petit,veia,sèrie,animació,hulk,tv3,9,0
cupsitges,exigeix,valentia,grups,polítics,ple,sitges,prendre,mesures,habitatge,públic,asseguren,problema,important,municipi,9,0
valoració,fa,ciutadania,dels,partits,fidelitat,vot,seguiment,partits,antistablishment,bigdatapdecat,9,0
9balas9,llunacatalana3,crec,detinguin,gent,carrer,ple,pressionant,moure,carrer,buit,detinguda,voldria,saber,tinc,suport,gent,seguiré,anant,trobaran,sopar,groc,9,0
mainatjm,fes,neteja,autonomistes,purs,junqueristes,tadaristes,partit,presidents,desde,herbert,barrera,rahola,junqueras,canviat,9,0
,àudio,hotelsuís,124,elmilloranyarlequinat,cesabadell,torna,30,volta,elchecfoficial,supera,classificació,,23,11,9,0
glp,vehicles,autogas,vehicles,eficients,solucions,energètiques,normatives,installacions,repsol,sessió,gremi,través,fegicat,tonifdez,9,0
diariara,finança,objectius,9,0
sap,existèix,filtre,babes,protegir,mobil,dels,twitts,miqueliceta,patina,9,0
msandrafer,9,0
anat,ajuntament,cornellà,demanar,certificat,canvi,carrer,diuen,triguen,aprox,podré,arreglar,local,perdré,diners,puc,tenir,certificat,,9,0
,noticia,124,parlament,europeu,aprova,retirar,fons,països,membres,posin,perill,dret,notícia,tindria,relació,pedro,sánchez,tingues,parlament,europeu,20,aforament,9,0
islandiarac1,jllgarcia,vilaeloi,adono,sé,arrassat,,9,0
catsalut,porto,3,dies,trucant,934585980,programar,visita,ginecològica,agafa,telèfon,alternatives,9,0
companyia,badalonina,industrial,teatrera,iniciar,periple,meravellós,espectacle,carrer,funcions,europa,tornen,badalona,presentar,nàufrags,sala,teatre,zorrilla,9,0
lapous,mirar,turquia,acabarem,9,0
araceboardpicoftheday,1701,vii,ultratrail,mestral,hospitalet,infant,20211018,club,nàutic,hospitaletvandellòs,escola,vela,9,0
assabenta,paguen,dèficit,fiscal,milián,mestre,dic,cop,madrid,tracta,colònia,elnacionalcat,9,0
davidgr1714,busquen,confrontació,9,0
jzaragoza,veritat,saben,madrid,sevilla,zaragoza,9,0
albanodante76,tcunillera,cunillera,dimissió,dignitat,cosa,majordoma,9,0
voxes,tarado,enfarlopado,suda,como,cerdo,siempre,asco,fastic,absolut,eixida,cancell,pujaben,voravia,asa,agonollada,prepotent,parla,garrí,fà,fastic,merda,seca,pudor,podrit,bona,definició,9,0
mmaarrttaahl,martona,“divertit,”,dius,,perfecte,tinc,ganes,estudiar,parla,permanència,feliç,benestar,curt,oscil·lant,matí,tenir,benestar,explico,9,0
adrià,carrasco,trasllat,cas,«és,prova,muntatge,»,9,0
fem,moviment,pau,llibertat,makeamove,assemblea,makeamove,9,0
cant,dels,maulets,estrofa,diu,curt,lliguin,perill,tindran,diria,tranquils,semblem,covards,voltes,té,límit,mesurant,accions,9,0
anims,joan,enten,gent,volem,coses,fa,rebem,pals,pero,clar,foten,pals,arribarem,9,0
moments,assemblea,escola,catalunya,30,anys,fent,xarxa,escolapiacat,assembleaepc,9,0
proper,divendres,25,19h,biblabòbila,presentació,llibre,poemas,tránsito,pilarosoriomoran,marlunaria,9,0
amadeubrugues,josepruana,elisendapineda,acabeu,recordar,posguerra,diré,avis,tenien,petit,coses,fascinaven,flamarada,feia,estona,encesa,9,0
futfem,124,visitat,natarroyo,seleccionadora,absoluta,catalunya,promocionar,partit,catalunyaxile,proper,dilluns,21,gener,estadi,municipal,hospitalet,19h,ambelverdalcor,,9,0
sembla,partit,dissabte,torna,9,0
florencifc,toro,embogin,curales,abelles,anar,pasigan,ajudemlo,caure,single,9,0
club,lectura,especial,tiananegra,bibtiana,director,festival,sbennassar,llibre,joc,brut,manuel,pedrolo,dels,protagonistes,anterior,edició,tiana,negra,9,0
setmana,festa,podeu,conèixer,tornar,veure,carpes,correjocs,torneig,carcassonne,9,0
pinta,moooolt,queda,estels,9,0
human,rights,watch,dir,probable,espanya,democràcia,piolins,trobin,urna,aprovin,batxillerat,entrar,cos,inesperat,fem,sopar,groc,ultimahora,catalonia,catalunya,cataluña,1oct,repúblicacatalana,9,0
gran,entrevista,claudiariusl,xavierroige,quedo,reflexió,sb,serveix,museu,estimular,passió,pel,coneixement,pensar,reptes,societat,pel,plaer,estètic,perdeu,museusadebat,educacioalsmuseus,9,0
,reunit,responsables,gremi,posar,comú,nous,reptes,projectes,2019,,fegicat,reunió,gremis,aigua,llum,electricitat,formació,telecomunicacions,enginyeria,9,0
torrasroca,dies,cosa,9,0
director,corporatiu,planificació,estratègica,estudis,caixabankcat,enric,fernández,destaca,tribunadegirona,necessitat,creixement,inclusiu,sergirona,diaridegirona,9,0
voltants,arc,triomf,escenari,activitats,lúdiques,culturals,veïns,veïnes,context,cultural,xinès,donaran,benvinguda,anynouxinèsbcn,ciutat,convidada,info,,celebrembcn,9,0
fons,espai,entrevista,profunditat,30,minuts,grups,municipals,espai,compartit,marinascribano,xavierbuzon,cadascú,disposarà,15,minuts,20h,9,0
andreu,mayayo,catalunya,19802015,història,fotografies,ofereix,mirada,reflexiva,servirà,viscut,període,9,0
olblidaré,día,sentiment,lliris,collons,,9,0
comencem,obres,crear,nova,àrea,jocs,infantils,àmbit,antigues,casernes,sant,andreu,santandreu,info,,obresbcn,fembarcelona,9,0
p1,fet,massatges‍‍,manera,estimular,sentits,creant,espai,càlid,acollidor,passat,relaxat,moltíssim,,9,0
catinformacio,catalunyaradio,albertrequenal,facin,centre,comercial,arenes,barcelona,9,0
passen,minuts,vespre,9,0
oferim,suport,institucional,jurídic,econòmic,openarmsfund,pugui,tornar,sortir,obert,salvar,vida,fugen,horror,9,0
lluisgibert,quimtorraipla,europarlcat,sigut,foto,azores,semblar,cosa,piloteig,personal,aznar,bush,blair,9,0
mustread,llegir,reportatge,beanavarro,lavanguardia,9,0
festes,dels,tonis,manlleu,declarades,interès,nacional,9,0
canyamelar,adeuda,mensualidades,plantilla,9,0
calen,observadors,internacionals,amnistia,demana,explícitament,home,9,0
xvis16,organitzare,venir,pugui,obviament,movistar,casi,finde,recus,lol,9,0
oblidis,critiques,dela,catalans,9,0
ramoncotarelo,queda,pel,perdre,pareu,9,0
festival,tradicionàrius,bibliolagrua,ajmontmelo,9,0
chgjoies,semblat,creia,febrer,vivim,època,immediatesa,cremar,9,0
mfortunyc,mecatxis,gràcies,faig,puc,xdd,3,9,0
dilluns,capgiremnoubarris,inaugurem,comitè,campanya,noubarris,cp3voltesrebel,tancar,programa,definir,campanya,electoral,rumb2019,capgirembarcelona,9,0
elisaro16596515,lluvialeo,lopalangana,esquitx17,castellles,abalagu,genovevasousa,roserroses,crocultura1,josegea1965,asediciosa2,6mariolsanchez,tonirisucor1959,jcgonzalo69,jvf1958,kamellosr,cleoopatra,alberich09,badiaserra7,montsec1,merce90945854,lamanius,loscarnaless,catalunyafreetv,indycatalana,su55682423,rosarioi22,aribaujoan,william41929749,pabl0iglesias,miakabcn,issabellaisab,jjppbcn,malparit1,anasfll,dom70bcn,catalanrep,srspoc,ebedloe,calafontnatural,krls,tdailypost,digitalsevilla,nytimes,wsj,catalunyadiari,berlinerzeitung,alextremp,elnacionalcat,diariara,ajudarnos,pensa,cobrarem,llest,,sap,cuinar,massatges,sap,abraçades,sap,arreglar,jardins,sap,acudits,sap,donar,tabarra,apuntada,voluntaria,precarietat,causa,9,0
usa,xina,acabaran,arribant,acord,acabar,guerra,comercial,creu,enric,fernàndez,poden,créixer,moviment,intern,economies,tribunadegirona,9,0
quimmonzo,9,0
president,agbar,alerta,falta,inversió,depuració,aigua,metropolitana,9,0
,coneixeu,persona,entitat,empresa,mereixi,premi,sant,cugat,2018,presentar,candidatura,fàcil,,teniu,30,gener,9,0
dic,poseu,foto,avatar,traje,poseu,armani,poseu,mango,canta,pocaclasse,9,0
reptes,estratègies,atracció,retenció,talentdigital,segur,escriuré,moment,comparteixo,gràcies,ponents,genial,descobert,ctecno,barcelonadigitaltalent,hr,ilovemyjob,estimulacióneuronal,womenit,digitaltalent,9,0
handbolbcnsants,curiós,assemblea,centrada,jovent,mitjana,edat,dels,assistents,mínim,60,anys,,9,0
marcarza,lluisju,tertúlies,lluisvives,aprenent,política,local,9,0
girona,capital,república,9,0
quimtorraipla,monicamfslj,josepalay,mhp,quimtorraipla,passant,injust,agafen,ganes,aixecar,suspensió,repúblicacatalana,fa,por,9,0
colomo,poblenou,balmes,barceloneta,hahah,9,0
etern,miserable,parasit,criminal,oferiment,esquerra,clàssic,qie,claveguera,inmunda,feixisme,cafre,pitjor,criminals,cinics,pocavergonyes,9,0
aturemlos,feixistes,dels,cartes,dels,barris,dels,pobles,ciutats,feixistes,país,repúblicacatalana,9,0
laliga,proposat,expulsió,5,anys,cfreusdeportiu,afefutbol,tornaria,càrrega,jugui,partit,9,0
podem,consentirho,dir,salvatjada,9,0
‘gramàtica,llengua,catalana,internet,versió,simplificada,9,0
ernest,plana,reelegit,president,patronal,gironina,lafoeg,9,0
rourecentenari,utilitza,desconnecta,tinguis,tocar,decideixes,9,0
republicà,frança,statu,quo,psoe,andalusia,9,0
catmigdia,raicasmar,emparmoliner,xabibarrena,ferclopez,creusjordi,oscarcatradio,acarono,fotu,hostia,9,0
creure,incompetència,document,enllaç,informe,252018,exercici,dgaia,2016,infart,paco,mañana,desaparece,web,entiendes,porqué,veces,documento,público,día,otro,9,0
plaer,poder,participar,jamtr,alumnat,batxillerat,iesteveterradas,joves,tenen,dir,professorat,tenim,escoltar,poder,guiar,acompanyar,viatge,ple,emocions,realització,treballderecerca,emmarcats,ods,9,0
jaumeisal,cadascú,empesca,definicions,part,ofici,madurar,crec,felicitat,perdurable,depèn,selectiu,considerar,indicadors,autisme,voluntari,referia,fet,content,pretensions,9,0
adacolau,reclama,ministre,espanyol,foment,deixi,sortir,vaixell,openarmsfund,port,barcelona,9,0
albanodante76,entén,serveix,assenyalar,denunciar,protestar,normalitzar,injustícia,sé,fa,dedicantse,política,9,0
passat,santantoni,recta,final,carnavalvng,2019,moltaviatinscripcions,,9,0
rcdeoxford,roca,bluf,posició,9,0
,nova,etapa,ganes,aprendre,formant,part,grup,noves,metodologies,educatives,bcnpedagogica,promociodelasalut,salutpublicabcn,9,0
niño,becerra,“els,pressupostos,pedro,sánchez,ciènciaficció,”,elnacionalcat,9,0
escola,montessorirubi,fet,sessió,aliancesmagnet,avaluació,treball,projectes,fent,servir,rúbrica,avaluació,berenar,,diferència,amanida,cas,equip,tenia,10,euros,,20,minuts,⏱,anar,supermercat,9,0
“m,agradaria,posar,valor,29,dones,valentes,formen,part,llibre,persona,anònima,sobreviure,present,llibre,missatge,poderós,llibre,dóna,fernos,preguntes,”,edgar,muñoz,noalestigma,fragilemovement,9,0
arielkanievsky,davidyabo,bourbons,austries,trastamares,furtar,títol,territorial,sobirans,casal,barcelona,totalment,anacrònic,9,0
50,aniversari,mort,martí,rouret,programa,taula,rodona,parlar,exili,mestre,polític,càrrec,josé,murià,rafel,bruguera,salomó,marquès,alfolídelasal,escala,visitlescala,escalamunicipal,9,0
renda,mitjana,barris,illustratiu,enganxa,9,0
societat,internet,futur,tenen,biblioteques,especialitzades,centres,documentació,biblioteca,library,9,0
intervenció,horitzó,plesitges,extraordinari,habitatge,sitges,9,0
cridanacional,registra,partit,polític,9,0
miqueliceta,raó,miqueliceta,9,0
culebra1978,crec,persona,actriu,públic,general,té,tenia,decència,guardar,formas,educació,9,0
btveltemps,meteocat,amic,rebuf,clàssic,entrades,nord,9,0
anndesola,adalfe2751,joves,barcelunya,plorem,anar,dormir,9,0
maribelvilasol,animanaturalis,vist,aprendre,9,0
congrés,defensar,esmena,pdemocratacat,eixamplés,mirada,permetent,confluències,espais,polítics,cridanacional,horitzó,posar,fre,atomització,vivim,facin,triar,9,0
rvinualescs,“sant,salvador,fa,50,anys,venia,zona,residencial,deixadesa,falta,inversió,dels,governants,portat,actual,barri,”,9,0
venta,exclusive,beatport,influences,tremonjai,tremonjai,través,sello,discografico,elantris,records,elantris,records,releases,9,0
silviamartorell,blau,9,0
lapous,curs,mitjana,marielpaldel,tenir,brillant,idea,ajuntar,cumples,trimestre,festa,regal,ideal,9,0
pierregiltay,gràcies,gran,pierre,9,0
audio,notíciesvespre,124,parctauli,fa,45,operacions,cirurgia,bariàtrica,llistes,espera,4,5,anys,,9,0
hartmannmora,josepbatllia,manolo,milian,llest,tenia,clar,9,0
impresionante,espectacular,laiasanz,felicitats,9,0
afromarc86,peusla,restitut61,🤦‍🤦‍🤦‍,hòstiaputa,9,0
neusmatamala,neus,pare,necessites,aqui,amistat,derrotar,acabarà,pateixis,9,0
reportatge,telepolis,repressió,espanyola,torna,colpejar,catalunya,elnacionalcat,9,0
tecnogirl,ofereix,joves,12,18,anys,programació,exposicions,tallers,ciència,tecnologia,tallers,xnergic,bibliolabs,hackathó,inscripció,bibliomataró,més,info,biblilabxbm,lapompeu,antonicomas,9,0
elisendapineda,casa,avis,picaven,ulls,saber,cremava,9,0
aprova,moció,cuptorre,implantació,tallers,gratuïts,autodefensa,feminista,pletorre,torredembarra,9,0
miccatalunya,discrimini,català,àmbits,catalanofòbia,9,0
elisabeth,vives,6691beth,directora,infermera,semgencat,explicat,experiència,model,èxit,unitats,suport,vital,avançat,infermer,svae,1er,encuentro,gestión,enfermera,urgencias,emergencias,gestionenfsemes,semes,enfermeriasemes,9,0
jaumealonsocuev,krls,saben,donarli,feina,veuan,descansat,pregunta,vivim,gran,demòcratas,9,0
gemmajhb,esperis,màfia,pujolista,formen,part,r78,doña,monyos,ferro,deixarà,cantar,jordi,cantés,penses,passaria,cosa,ñ,quedarien,9,0
monicabarcelona,parlar,catalunya,moda,puja,carro,parli,9,0
lluís,marcé,felicitar,rosatubau,regidora,habitatge,assumit,responsabilitat,pes,herència,deixada,pel,senyor,jordimas25,deixat,mort,fa,pudor,plesitges,9,0
seguim,alçats,seguim,lluita,exigim,retirada,denúncia,adif,pels,talls,,,vine,udg,signa,caputxinadaudg,9,0
printlove,marxa,taller,fotogràfic,lúdic,ensenyar,joves,expressar,fotogràficament,estimen,posar,valor,fotografia,impresa,gràcies,fujifilmxworldes,instaxcamara,marc,mostra,fujifilmprintlife,acull,dissenyhub,9,0
ultim,faria,agraden,baldufes,9,0
revolucionari,catòlic,iran,itàlia,9,0
desfent,tòpics,asserenant,discurs,clar,català,magistrada,9,0
guaita,final,partit,saber,podrem,dir,nova,convergència,caldrà,veure,pdecat,disol,integra,competeixen,urnes,crispetes,9,0
dvocat,porten,cadenes,misèria,orgull,drets,9,0
savallsblog,fans,sir,humphrey,appleby,ministre,sabem,britànics,portat,escepticisme,9,0
joanlluislluis,veig,silviasenz,parlat,9,0
axlthecatalan,colló,formes,copa,nowadays,copa,80,90,cirereta,triplet,meh,9,0
franco,mismo,canviat,dictadura,actualitat,corrupcio,madrit,diuen,castellà,mismos,perros,diferente,collar,9,0
port,barcelona,estableix,relacions,sector,portuari,japonès,9,0
guia,mares,treballadores,fills,llar,infants,podran,desgravarse,1000,euros,9,0
ffleichman,expedient,certificat,acadèmic,demanar,pagar,arribat,suplement,europeu,títol,agafant,guies,docents,problema,recordo,profes,lol,9,0
sinconcesiones,iurisport,plaer,persones,talent,costat,fcbarcelonacat,9,0
podemos,experts,jugades,mestres,veritat,donarme,baixa,9,0
audiència,nacional,reobre,causa,acompanyants,puigdemont,elnacionalcat,vegada,gentussa,demostra,té,feina,donant,voltes,coses,arxivades,inútils,9,0
govern,adacolau,dedicarà,solars,municipals,500,pisos,joves,gent,gran,col·lectius,específics,9,0
avís,cinèfiles,cinèfils,teniu,espai,recomanacions,audiovisuals,nominacions,premiosgoya,dies,anirem,posant,trobareu,títols,anteriors,dels,nominats,nominades,disponibles,biblioteca,,9,0
mmotherofcats,passar,algo,semblant,arriba,denúncia,publiquen,dogc,donen,informada,sembla,enriuran,fort,reclamació,pagat,provar,9,0
dubte,raonable,ricardustrell,9,0
,adherit,acord,ciutadà,barcelona,lliure,viòlencia,dones,eliminació,violència,masclista,més‼‼,,barcelona,món,9,0
mucho,miedo,final,kingdom,hearts,3,esté,altura,final,kingdom,hearts,2,9,0
rod11cat,pasa,sant,celoni,dirección,figueres,9,0
tanca,cosmos,dels,clàssics,rambla,124,9,0
jsolervicens,quadernscrema,acabis,novel·la,llegirne,crítica,9,0
esmuc,gibarcelona,signat,conveni,col·laborar,organització,esdeveniments,culturals,promoció,cultura,alemanya,llegiu,notícia,web,,9,0
tenim,punt,edició,cicle,reflexions,escola,reflexionarem,viure,manuel,delgado,najat,hachmi,rosa,calaf,joancarles,mèlich,programa,complet,,,obrim,fil,reflexionsescola19,9,0
melciorcomes,xicot,catala🤣🤣🤣🤣,9,0
‘gramàtica,llengua,catalana,internet,versió,simplificada,9,0
pepmbu,bona,especial,flipa,9,0
sé,estranya,diu,,9,0
chloehphillips,parles,català,nassos,primor,chloeh,gent,trobaràs,cas,gent,analfabets,formes,segur,proporció,tú,portes,1,fem,faltes,tú,salut,seguim,9,0
conferència,organitzada,esquerrafederal,granollers,ciutadania,europea,unió,europea,institucions,lídia,santos,professora,uab,podeu,inscriure,9,0
agafar,rod4cat,tard,assegurarse,15,minuts,tard,devolució,express,9,0
josepruana,menjadors,famílies,pobres,feien,oloreta,butà,meravellosa,9,0
9,0
iglesias,avisa,errejón,podem,competirà,comunitat,madrid,9,0
universitaria,running,faltar,5a,edició,cursa,universitats,,uniruncat,espera,3,març,parc,fòrum,barcelonaja,inscriure,,adidas,running,socbau,universitat,9,0
piscisblokytoni,anaoromi,vilaweb,krls,encàrrec,bbva,villarejo,espiar,juanca,9,0
,comença,latertúlia,ssotillocosta,,dserramitjana,nuriatorres51,quim,monturiol,juan,correa,,parlem,possible,retorn,activitats,taurines,olot,9,0
laconca51,estrena,estrenem,felicitats,nova,imatge,equip,laconca51,wine,thewineisnotjustwine,dangerwine,9,0
nhsitges,reivindica,fórmula,cooperatives,tirar,habitatge,públic,sitges,ple,monogràfic,tema,9,0
vadortitus,mitdebal,fnaccat,jaumecabre47,jbadia16,virgili7,quimmonzo,aneu,central,laie,9,0
tupitupitupi2,rocamorapilar,jmoretgm,ricone1,xavierdomenechs,exagerem,venien,grisos,corriem,perque,detinguesin,9,0
gràcies,convidarme,explicar,cultura,té,papel,fonamental,batalla,igualtat,dones,homes,cymtw,9,0
esther,bernadó,directora,esupt,“l,objectiu,projecte,joves,vegin,dones,tenen,dir,àmbit,tecnològic,científic,món,perd,talent,oportunitat,crear,projectes,mirada,”,9,0
inagurem,exposició,mercat,horta,portada,terme,pel,grup,treball,hortaguinardó,coacatalunya,voluntat,posar,valor,patrimoni,arquitectònic,gran,feina,2,febrer,9,0
germagarcia,abraçada,forta,germán,9,0
salaicullell,hivern,mana,punyetes,9,0
make,move,campanya,denunciar,internacionalment,judici,1o,9,0
20h,plusvalua,programa,economia,clau,valors,humans,radioestel,produït,ceescat,9,0
martaroqueta,increïble,9,0
jzaragoza,té,raó,intentis,entendreho,culta,9,0
diu,enric,fernàndez,tribunadegirona,economia,espanyola,creixerà,voltant,21,catalana,anar,millor,recuperació,demanda,externa,9,0
policia,enxampa,persones,fent,treball,9,0
🤬🤬,escàndol,saber,🤬🤬,9,0
matí,solsonacat,ccsolsones,president,fira,tió,josep,caelles,fet,aportació,665€,diners,recollits,fira,tió,2018,venda,tions,finalitat,ajudar,rebost,solidari,frescos,9,0
moment,favorit,gaudir,cervesa,aperitiu,vespre,🤔,9,0
casernes,guàrdia,civil,policia,nacional,catalunya,penjant,retrats,tcunillera,just,costat,borbó,felip,estàpassant,9,0
accidente,mortal,trabajador,molins,barcelona,9,0
⏰,falten,2,inici,partit,,consulta,saber,tornada,copabarça,,forçabarça,9,0
monestir,santcugat,acull,exposició,fotografies,antigues,festivitat,sant,antoni,municipi,9,0
sènior,masculí,cblagarriga,retroba,victòria,badalonès,abandona,posicions,descens,directe,lagarriga,9,0
rbewc,saló,firabarcelona,món,retail,fa,debut,square,nyc,9,0
albanodante76,tamborras,treballeu,ciutadania,podeu,mirar,costat,9,0
rogssj9,jugo,dissabte,9,molins,pero,veig,animat,9,0
🤔,pregunta,setmana,vertader,fals,alcohol,fa,tinguis,fred,,9,0
gaudeix,golfes,chill,out,opcions,fàcils,econòmiques,gaudir,golfes,convertintla,espai,chill,out,mueblessayez,leroymerlines,buhardilla,golfes,chillout,espaichillout,desconnexió,elteuraconet,idees,9,0
laxarxaxanante1,mariajosbarrer6,armillesg,fofitron,3,3,seguiume,companys,,9,0
canvia,finestres,ajuts,consorci,metropolità,habitatge,40,9,0
noms,santboi,cultura,museu,exposició,9,0
psoe,extremeny,desafia,pedro,sánchez,aprova,aplicar,155,catalunya,psoe,d´extremadura,dir,s´ha,catalunya,espanya,nascut,pensa,decidir,catalunya,decidir,catalans,9,0
lizards,torredembarra,reprenen,activitat,torneig,benvinguda,2019,flagfootball,9,0
adrian,balboa,abandona,terrassa,balanç,524,minuts,disputats,gol,marcat,santfeliuenc,qualitats,jugador,determinant,9,0
jmartigalbis,bruixa,barjaula,galtes,ignorant,evidentment,vividora,sistema,9,0
bisbal,penedès,espera,local,social,miralba,punt,gener,tgndigital,9,0
crossover,sagues,icòniques,ciènciaficció,alienvspredator,segueix,equip,paleontòlegs,arqueòlegs,atrapats,batalla,espècies,alienígenes,,projectarem,dilluns,21,gener,fòrums,fnacilla,fnactriangle,18,00h,9,0
estoneta,balcosercat,parlant,turroc,habitatge,ocupacions,habitarlatrinxera,9,0
punt,8,gent,tourette,fantasmes,9,0
jondesenk,tracta,vulgui,tracta,vulgui,ciutadania,respectaré,càrrec,electe,cup,vulgui,assistir,oficio,religiós,9,0
“canviaria,expressió,empatia,social,empatia,radical,anar,arrel,problema,arrel,problema,estigma,”,edgar,muñoz,president,obertament,noalestigma,fragilemovement,libreriaalibri,9,0
suport,gilette,cavernícoles,deixin,comprar,productes,seguiré,fentho,raó,9,0
“els,gossos,antidroga,entren,classe,institut,girona,⁦diariara⁩,“,fracassat,educativament,9,0
aramateix,cccalisay,reunio,veïnat,doedes,presentant,projecte,obres,arenysdemar,9,0
cultura,angel,morillas,coordinador,patrimoni,mundial,unesco,9,0
clar,sembla,referèndums,2,2,serviria,veure,conseqüències,aplicar,resultat,dades,objectives,definitiu,🤷,brexit,scotland,1oct,9,0
alocix,resultats,jornada,12a,copacatbq,txelldomec,destacats,anotació,medina,plomssallereus,35,jorda,cbartes,25,quiros,basquetripollet,25,vilanova,basquetripollet,25,franch,maristesadema,25,martinez,cbmollet,“b,”,25,9,0
nevadorubio,gorda,,9,0
dc23gen,124,20,00h,124,flauta,màgica,barcelona,9,0
vespre,9,0
,actualització,,261303,govern,,198044,catalangov,diferència,63259,9,0
inventar,sant,esteve,roures,orni,mentit,moltissimes,vegades,sorpresa,algo,vingui,rates,9,0
comissaria,policia,nacional,cerdanyola,pintades,rebuig,laforjacdv,bellaterra,cerdanyola,uab,santcugat,santquirze,sabadell,valles,vallesoccidental,9,0
demanda,sòl,impulsa,centres,logístics,demarcació,tarragona,elcamp,empresa,reusdigital,9,0
900,persones,iniciat,formant,nova,caravana,migrant,8000,km,separen,hondures,dels,sumaran,migrants,detenen,mèxic,esperant,condicions,infrahumanes,sol·licitud,asil,part,dels,trump,9,0
esport,jordi,rovirosa,angie,bach,rtve,9,0
,acord,governs,català,espanyol,crear,espai,diàleg,partits,,connectem,raicasmar,,fem,tertúlia,,emparmoliner,,xabibarrena,,ferclopez,,creusjordi,,oscarcatradio,9,0
elisabetct,joanpera,preparat,espectacular,descobrireu,espot,dels,premisgaudí,academiacinecat,estrena,llarg,tnvespre,màgia,acompanyi,enscalelvostrecinema,,9,0
porta,senyor,valls,9,0
tv3cat,dit,vegades,notícies,detenir,persones,ordre,judicial,il·legal,ordre,judicial,detenir,excepcions,exemple,persona,aforament,decisió,purament,policial,9,0
🤔,enquesta,124,jugadors,creieu,jugar,capgirar,eliminatòria,llevant,barçallevant,fcbbeteve,9,0
tinc,posada,reproducció,aleatòria,cançons,cotxe,usb,dec,tenir,40gb,música,milers,cançons,acaben,sonar,seguides,versió,original,tinc,concert,cançó,stolen,bruce,springsteen,dada,inútil,9,0
agarciasagarra,santiaggrogb,xriusenoticies,societatcc,cupnacional,enoticiescat,aturat,neurona,queda,pèsol,9,0
benettatxo,caputxa,sé,propera,aniré,barret,ulleres,bigoti,faci,falta,9,0
jordicanyas,unionistaesp,gabrielrufian,actuals,dissenyar,ministre,espanyol,1833,javier,burgos,9,0
castellarpablo,puc,viure,opinión,maura,9,0
cas,barça,article,563,codi,disciplinari,article,761,764,codi,disciplinari,article,26,codi,disciplinari,principi,esportsrac1,fcbrac1,9,0
galeria,124,viscut,sabadell,dia,sant,antoni,abat,recupera,imatges,instagram,,rogerbr21,9,0
homenatge,persones,representen,memòria,viva,sindicat,ccoo,ccoovocccatc,ccoocatalunya,mribelayndoming,pachecojpacheco,ccoo,montseros,9,0
totcosta,costa,creure,carles,naval,fumut,pota,9,0
presenta,taula,entitats,socials,tess,treballar,xarxa,ciutadania,municipi,generar,espais,acció,coordinació,organitzacions,9,0
jzaragoza,té,vergonya,9,0
lluís,marcé,nh,impulsar,cooperatives,parlant,gent,sitges,cedim,terreny,posició,demandants,avis,plesitges,9,0
jzaragoza,recordo,anys,70,sortir,país,veure,rètols,català,recordo,emocionava,anar,andorra,veure,benvinguts,9,0
jordiborras,esperar,ľopinió,dels,colons,colonitzats,csgohome,9,0
neandertals,catalunya,museudereus,patrimonicultural,reuscultura,9,0
rector,udg,dona,suport,tancada,dels,estudiants,9,0
ajuntament,finançarà,milió,euros,rescats,mediterrani,open,arms,9,0
prohibit,posar,exàmens,sant,antoni,9,0
fadeta,bufona,9,0
gràcies,tú,csecnarf76,compartir,acompanyar,xarxacb,9,0
activistes,andalusos,visiten,lledoners,emulant,visita,blas,infante,companys,9,0
busco,clau,regne,cançons,lapegatina,9,0
pimpampum,institucions,patums,ñ,franctiradors,acabaran,disparantse,9,0
amic,comparteix,malediccions,fantasmes,fotosensibles,9,0
aleixsarri,clar,aigua,,9,0
presentació,llibre,‘flora,tristan,filòsofa,social,immerescudament,desconeguda,recuperem,gràcies,treball,conxa,llinàs,carmona,collsamata,jaimesllibreria,feminisme,dones,filosofia,llibres,9,0
convençut,unió,ierrejon,manuelacarmena,tinguin,exit,sort,encerts,9,0
escolajoanmiro,esterforne,escrit,bonic,fa,orgull,llegir,bona,feina,felicitats,,9,0
llenguacat,catencomupodem,parlamentcat,elperiodicocat,publicoes,naciodigital,elnacionalcat,diariara,elpuntavui,vilaweb,cupnacional,juntsxcat,esquerraerc,anar,oficina,habitatge,assessorament,energia,llar,ajuntament,plaça,salvador,seguí,noia,atendre,sabia,volia,contestarme,català,vegada,trobo,bcnajuntament,9,0
caverna,blanca,possible,alineació,indeguda,chumi,copadelrey,barcalevante,9,0
grip,arriba,nivell,epidèmia,catalunya,9,0
piolins,apallissaren,posa,carmen,pagar,deute,hisenda,pel,frau,fiscal,segueixes,tributant,frança,patriotes,9,0
juancladeramon,magnífica,absolutamente,tensionada,9,0
joantarda,lliure1714,veus,comença,dient,voleu,sacrificar,vot,emès,ddhh,tirna,boomerang,acabes,rls,sacrificats,volem,serho,sacrificar,tracta,decidit,sacrificar,sacrificador,autoritat,moral,política,fa,perdre,9,0
xyder77,joancami,piatti,entenc,segueix,confiant,9,0
nadiabp71,espero,tibi,fort,fa,rai,9,0
pachonroser,teatre,dolent,9,0
tribunadegirona,enric,fernàndez,diu,2018,podria,acabat,millor,2019,comença,incerteses,guerra,comercial,usa,xina,brexit,itàlia,9,0
enricjuliana,ctxtes,acertadissimo,articulo,encertadissim,diagnostic,evolució,pensament,dels,«,intelectuals,»,espanyols,gracies,enric,9,0
miaghilla,javierborr,cigxustiza,xaviervilanova1,entenc,mágoa,monolingüismo,remedio,mononeuronismo,agur,9,0
totcosta,acaradeperro,raó,veure,madrid,cantaven,chirigotas,part,gracia,9,0
davidvinyals,tenen,mínima,intenció,complir,mandat,democràtic,1,octubre,fan,veure,referèndum,existir,ramontremosa,govern,pdemocratacat,esquerraerc,vergonya,9,0
taller,cuina,cicle,inicial,9,0
amnistia,internacional,observadors,tinguin,espai,sala,judici,1o,9,0
castellarpablo,mica,limitar,ignorar,gent,publicitar,9,0
mare,parir,fiscalia,presenta,vídeo,manipulat,guàrdia,civil,prova,judici,1o,9,0
,“la,diada,sant,antoni,minut,minut,”,repasseu,passat,dia,diaridesabadell,,9,0
estrelletafugu1,persegueixo,dia,trobaré,,9,0
españistan,fa,governi,pp,psoe,merda,9,0
vegada,noubicing,veredicte,,‍,costa,agafardeixar,bicis,explicat,estacions,bicicletes,pesen,direu,seients,producte,mesos,investigació,trobar,disseny,ergonòmic,simplement,incómodes,bicibcn,9,0
clar,eixampla,base,catalanòfobs,podem,cardar,camp,espanya,puta,vegada,9,0
,recomano,descobrir,obra,literària,té,música,interior,escrit,jordicampoy,titula,noia,violoncel,moment,avanço,sona,llibre,,9,0
calma,aniran,artadi,aragonès,demanar,taula,diàleg,permanent,9,0
llauge1950,berlustinho,totalment,dacort,9,0
montserrat11091,nota,dels,nervis,9,0
melós,espatlla,cabrit,feina,focaccia,fulles,“migas,”,pedro,ximénez,124,plats,hivern,12,cocció,124,somgastronomia,124,meloso,cabrito,focaccia,…,9,0
troben,parella,granota,solitària,món,9,0
jcoscu,home,cup,demòcratacristians,exsocialistes,socialdemòcrates,pluralisme,ideològic,independentisme,9,0
apart,clàssic,para,jodan,esos,polacos,mierda,demanen,estremenys,155,poble,genolls,difícil,trobar,9,0
enformacio,museupicasso,vts,estrategies,pensament,visual,treballar,aula,9,0
gallifantes,relojero781,crec,vergonya,9,0
usuku,jamessm,valldoreix,empresari,9,0
buenuuuu,bon,començament,9,0
senyor,respon,dels,llaços,grocs,penseu,gilipolles,sentit,ofesa,posat,auriculars,ignorat,discurs,9,0
chloehphillips,chloe,agradaria,gent,porta,50,anys,parlés,meitat,aprendre,llengua,nova,complicat,requereix,constància,esforç,demostrat,seguiràs,tenint,comentaris,llegeixis,9,0
líquid,cau,cel,polles,9,0
consell,diu,estudiïs,secrets,cop,reps,títol,erudit,paranormal,diuen,flipis,9,0
fotli,embolica,fa,fort,diuen,castellà,eramos,pocos,parió,abuela,9,0
mariadeciurana,martamadrenas,esquerraerc,juntsxcat,parlamentcat,salutcat,equivoques,proximitat,fet,trobar,metge,centre,faciliten,coses,hipertrofiar,güell,solució,9,0
turull,rull,forn,mostren,plena,disposició,interès,comparèixer,comissió,155,9,0
almeetrah,puigfigueras,paquifer1969,sé,saps,funerals,fan,acudits,diu,instint,supervivència,9,0
equivalent,passa,instància,relació,governempresa,dimissions,cessaments,xapen,empresa,vaja,torna,treballar,admin,canvi,dgaia,mima,fundacions,expliqueu,contrapartida,9,0
diu,aixó,diu,paga,negre,fas,boicot,9,0
mira,fan,frança,curiós,9,0
barcelona,passat,present,capitalismecolonial,coneix,passat,difícil,entendre,present,201,las,18h,palau,ruta,capitalismecolonial,antropologies,tanquemelscie,sindicatomanter,9,0
iblzr7,diegothekinggg,guau,guau,9,0
mor,poeta,mary,oliver,83,anys,arallegim,9,0
elespanolcom,cagar,vía,cagar,tranquils,velocitat,perill,atropellament,9,0
greu,facin,detencions,ordres,clares,trist,objectiu,posar,por,cos,espanteu,ciutadanscs,9,0
saben,marxem,tenen,perdre,pero,queda,lleig,9,0
laurammate,pendent,molat,fragment,passat,9,0
iniciem,bigdatapdecat,pdemocratacat,carlesagusti,xtomas,9,0
rogertorrent,esprintant,complir,mandat,pohahahahhahahaha,fotent,canya,ració,calamares,fumantse,puro,9,0
elisenda66,cosa,pap,emigrant,9,0
millor,exemple,edat,pitjor,10yearcallenge,spiderman,9,0
catalunya,tornarà,atur,previ,crisi,2020,9,0
lavanguardia,problemes,reals,dels,extremenys,inesarrimadas,9,0
pastoral,124,amics,companys,aventures,confidents,col·legues,carregats,tendressa,estimem,respectem,diu,tradició,sant,antoni,abat,rebut,benedicció,josocdelsantpau,animalsjustwanttobeloved,,9,0
scristobaljane,masses,hidrats,carboni,sucres,afegits,9,0
clubcandado,ginebraconhelio,club,paio,🤦‍,9,0
assemblea,emocionant,arribar,causa,lluita,llibertat,catalunya,independent,9,0
portetbruguera,martamadrenas,govern,gironacat,agradaria,barcelona,tenir,alcaldessa,aniria,tenir,alcaldessa,9,0
vilaweb,marlaska,segur,vols,dir,dretes,9,0
‘gramàtica,llengua,catalana,internet,versió,simplificada,9,0
xavibuntu,miccatalunya,veus,contradicció,estudies,història,adoctrinada,espanyola,clar,pero,almogàvers,gran,majoria,catalans,lluitaven,catalunya,pels,territoris,conquerits,9,0
equipaments,sòn,fonamentals,cohesió,social,municipi,9,0
,,marxa,20,30h,info,tertúlia,sinconcesiones,fcbarcelona,ciriamarc,iurisport,ricardo,aparicio,madridista,álex,álvarez,1069,fm,,tv,app,tunein,9,0
audiència,nacional,reobre,causa,acompanyants,puigdemont,9,0
makamuki74,monfortxavi,terres,terratinents,deixen,treballar,9,0
tallers,cicle,inicial,fent,còmics,app,comic,strip,descarregat,tablets,exemples,grup,semblen,🤣,9,0
elpetergriffinn,segador64,patates,seguen,burro,creieu,putes,urbanites,serieu,capaços,sobreviure,minut,camp,dropulàs,espera,patates,mercadona,veig,perdudet,9,0
diu,pensen,ordena,capital,reino,9,0
chloehphillips,final,sents,treus,màxim,aprendre,idioma,passar,italià,base,converses,diccionari,motivació,tinc,nivell,9,0
gracefulcoder31,frivax22,mesos,aguantara,nevera,fa,sidebets,9,0
assajant,girafes,monodebadalona,fent,extra,popular,pontdelpetroli,preciós,hivern,decorat,nous,joves,actors,noves,gires,asociacionpatea,playcatalan,artsdecarrer,escenafamiliar,irllull,bdncom,anisdelmono,zorrillabdncat,obsidianaa,9,0
