Text	Class
encara,embus,ap7,sant,cugat,santa,perpetua,gt,girona,topada,camio,turismes,carril,tallat,aturats,santa,perpetua,gt,sud,afecta,b30	1
aturats,ap7,altura,barbera,sentit,girona,accident,santa,perpetuagt,girona	1
congestio,c58,cerdanyola,c33,montcada	1
embus,ap7,sant,cugat,santa,perpetua,gt,girona,accident,talla,cua,santa,perpetua,gt,sud,afecta,b30	1
retirats,vehicles,accidentats,ronda,esplugues,gt,trinitat,millora,circulacio	1
talgo,694,sevillaestacio,frança,acumula,retard,incidencia,tecnica,limitacions,velocitat	1
cua,ronda,esplugues,gt,trinitat,accident,afecta,b23,sant,just,desvern,esplugues,gt,ronda,retencions,ronda,litoral,zona,franca,can,tunis,gt,besos	1
continuen,cues,c17,llagosta,montcada,gt,bcn,obres,b24,cervello,n340,vallirana,gt,tarragona,c14,montblanc,pira,c65,llambilles,banda,banda	1
ara,aturats,ap7,sant,perpetua,barbera,rubi,papiol,gt,sud,b23,molins,papiol,gt,girona,c1413,antiga,papiol,sant,cugat,b30,barbera,gt,sud,cerdanyola,gt,nord,c58,sant,quirze,gt,sud	1
retencio,b22,entrada,t1,aeroport,prat,afecta,c31,sud,gt,tarragona	1
cua,ronda,nus,llobregat,esplugues,gt,trinitat,accident,afecta,b23,sant,just,desvern,esplugues,gt,ronda	1
topada,camions,implicats,b142,altura,rotonda,polinya,cues	1
cues,a2,sant,vicenç,dels,horts,gt,lleida,obres,b23,molins,ap7,papiol,gt,girona,ap7,b30,barberagt,sud,c58,sant,quirzegt,sud,ronda,sarria,roquetesgt,besos,cua,ronda,litoral,vila,olimpicagt,nus,llobregat	1
1,carril,obert,c65,llagostera,retirar,vehicle,tingut,accident,precaucio	1
c241d,tallada,sarral,conca,barbera,retirar,vehicle,tingut,accident,mati	1
claravirgili,gracies,clara,	1
retencions,tunels,garraf,c32,sitges,pk,36345,gt,bcn,retiren,vehicles,implicats,accident,voral,precaucio	1
1,carril,tallat,a2,abrera,pk,583,gt,bcn,causa,vehicle,avariat,retencions,esparreguera,precaucio	1
r14,renfe,lleida,06,23,estacio,frança,09,49,circula,35,minuts,retard	1
nii,reoberta,agullana,emporda,tallada,5,causa,accident,retencions,pontdemolins,gt,nord	1
,ultimahora,detinguts,4,homes,acusats,7,assalts,violents,ap7,feien,passar,policies,assaltaven,autocaravanes,furgonetes,aparcades,arees,servei,mossos	1
tallada,5,matinada,nii,agullana,emporda,topada,frontal,vist,implicats,3,vehicles,desviaments,ap7,sud,entrada,jonquera,nord,acces,pont,molins	1
15,km,cua,a2,martorell,palleja,gt,bcn,retirats,vehicles,implicats,accident,alternativa,ap7,b23	1
pas,alternatiu,n340,cervello,pk,1231,accident,retencions,2,sentits	1
nii,tallada,agullana,emporda,2,sentits,causa,accident,desviaments,ap7,precaucio	1
accident,a2,palleja,pk,601,gt,bcn,retencions,santandreudelabarca,precaucio	1
taxisigualada,gracies,bon,dia,	1
millora,circulacio,queden,retencions,autopista,maresme,argentona,gt,mataro,vehicle,avariat,afecta,c60,b30,barbera,gt,sud,cerdanyola,gt,nord,ronda,cornella,gt,llobregat	1
cues,ap7,castellbisbal,gt,bcn,accident,c16,tunels,vallvidrera,floresta,gt,bcn	1
aturats,c58,terrassa,sant,quirzegt,bcn,accident,montcada,nus,trinitat,sortida,ripollet,sabadell,gt,terrassa	1
cues,c32,autopista,garraf,sant,boi,tunel,vallvidrera,gt,bcn	1
a,bcn,accident,plaça,francesc,macia,cues,diagonal,banda,banda	1
retencions,aturats,ap7,martorell,c60,argentona,mataro,c1413,antiga,entrada,poblacio,sabadell	1
trams,retencions,ronda,sentit,besos,ronda,litoral,sentits,marxa	1
continuen,retencions,a2,palleja,sant,vicenç,dels,horts,gt,bcn,cornella,gt,lleida,b24,cervello,n340,vallirana,sentit,tarragona,vallirana,gt,bcn,c17,parets,valles,c352,granollers,ronda,oest,sabadell	1
ara,aturats,ap7,santa,perpetua,barbera,rubi,papiol,gt,sud,b30,barbera,gt,sud,cerdanyola,gt,nord,c58,terrassa,sant,quirze,montcada,b23,molins,papiol,gt,girona	1
tambe,retencions,ronda,litoral,zona,franca,can,tunis,gt,besos,passeig,sant,gervasi,accident,ronda,general,mitre,lesseps,avinguda,tibidabo	1
ara,cues,ap7,barbera,gt,sud,b30,barbera,gt,sud,cerdanyola,gt,nord,c58,sant,quirze,gt,sud,b24,cervello,n340,vallirana,sentit,tarragona,vallirana,gt,bcn,c352,granollers,ronda,oest,sabadell	1
continuen,cues,ronda,litoral,zona,franca,can,tunis,gt,besos,diagonal,parc,pedralbes,plaça,reina,maria,cristina	1
encara,aturats,b23,molins,ap7,papiol,sentit,girona,a2,sant,feliu,sant,vicenç,dels,horts,sentit,lleida,obres,c25,riudellots,selva,obres,c58,sant,quirze,gt,sud,b24,cervello,n340,vallirana	1
talgo,llorca,sants,acumula,retard	1
accident,n340,entrada,vallirana,sentit,tarragona,cua,compacta,sentits	1
retencions,ronda,litoral,zona,franca,can,tunis,gt,besos	1
cues,a2,sant,vicenç,dels,horts,sentit,lleida,obres,c25,riudellots,selva,obres,de,b24,cervello,n340,vallirana,b30,barbera,gt,sud,cerdanyola,sentit,nord,1km,ap7,barbera,sentit,sud	1
a2,retencions,santvicençdelshorts,palleja,gt,lleida,causa,obres,tallen,1,carril	1
1,carril,tallat,ap7,bascara,pk,39,gt,sud,causa,camio,avariat,precaucio	1
r3,rodalies,latordequerol,10,48,lhospitalet,14,02,acaba,recorregut,ripoll,incidencia,tecnica	1
ap7,camio,avariat,cerdanyola,gt,sud,ocupa,voral,dret,7,km,cua,santaperpetua,precaucio	1
vehicle,avariat,ap7,paretsdelvalles,pk,137,gt,girona,retencions,mollet,precaucio	1
tots,carrils,oberts,a2,santjoandespi,gt,bcn,accident,cua,palleja,sant,vicenç,dels,horts,obres,zona,precaucio	1
accident,a2,santjoandespi,pk,607,gt,bcn,1,carril,tallat,retencions,palleja,precaucio	1
aturats,autopista,c16,terrassa,centre,gt,manresa,causa,obres,precaucio	1
c17,restablerta,paretsdelvalles,gt,sud,retencions	1
encara,1,carril,obert,ap7,borrassa,pk,29,gt,sud,retiren,camio,avariat,precaucio	1
c17,retencions,lametllaçdeolvalles,parets,gt,sud,causa,accident,precaucio	1
accident,ap7,borrassa,pk,29,gt,sud,1,carril,obert,retencions	1
,,retencions,,c58,sant,quirze,valles,montcada,reixac,punt,carril,tallat,avaria	1
,,retencions,,c55,manresa,castellbell,vilar,,c32,sant,boi,llobregat,sentit,nord,,c33,montcada,reixac,direccio,barcelona,,b23,sant,joan,despi,direccio,barcelona	1
,,retencions,c17,garriga,sentit,sud,ap7,vilafranca,penedes,sentit,nord,roca,valles,sentit,sud,a2,tarrega,bruc,direccio,barcelona,sils,sentit,sud,c14,ponts,c16,cercs	1
incidencia,resolta	1
,,retencions,,c17,garriga,,ap7,santa,margarida,monjos,jonquera,,a2,tarrega,jorba,igualada,collbato,palleja,,c14,ponts,,c16,guardiola,bergueda,berga,,c55,castellgali,manresa	1
,,retencions,accessos,barcelona,,c58,sant,quirze,montcada,reixac,,c32,sant,boi,gava,,c33,montcada,reixac,,pota,nord,santa,coloma,nus,trinitat,,b23,esplugues,llobregat	1
,,atencio,1,carril,tallat,c32,gava,sentit,nord,accident,1,carril,tallat,c58,montcada,reixac,avaria	1
,,retencions,,c17,3,km,garriga,sentit,sud	1
,,alternatiu,n260,ribes,freser,accident	1
,,retencions,,c17,ripoll,sentit,sud,,c55,castellgali,manresa,sentit,sud,,b20,sant,boi,llobregat,sentit,nord,,intensifica,transit,n340,vendrell,vallirana,sentit,nord	1
,,retencions,,ap7,5,km,santa,margarida,monjos,jonquera,sentit,nord,,a2,2,km,cervera,4,collbato,sentit,nord,,c14,organya,,c16,baga,cercs	1
,,atencio,restriccions,transit,vehicles,pesants,22h,,ap7,maçanet,selva,vandellos,,c32,montgat,palafolls,barcelona,vendrell	1
,,retencions,,ap7,jonquera,sentit,nord,,a2,2,km,cervera,sentit,barcelona	1
,,accident,gi552,sant,feliu,buixalleu,dona,alternatiu,tram	1
,,important,carril,busvao,c58,obert,vehicles,camions	1
,,retencions,,c14,organya,sentit,sud,,c16,riu,cerdanya,baga,cercs,sentit,sud,,c17,ripoll,sentit,sud	1
,congestions,c17,centelles,direccio,barcelona	1
retencions,c16,altura,cercs,sentit,sud,barcelona	1
circulacio,congestionada,c16,altura,urus,sentit,sud,tunel,cadi	1
,circulacio,retencions,c35,santa,maria,palautordera,causa,accident,sentits,marxa,obert,alternatiu	1
,acte,esportiu,provoquen,congestions,c16,artesa,segre,sentits,marxa	1
,retencions,c55,carretera,duu,montserrat,sentits,marxa	1
‍‍,tmbinfo,recorda,diumenge,39a,cursa,popular,sant,marti,linies,busbcn,veuran,afectades	1
‍‍,tmbinfo,recorda,diumenge,fa,marato,prat,llobregat,afectant,linies,21,65,busbcn	1
tmbinfo,recorda,5,novembre,6,mesos,aproximadament,funicularmontjuic,tancat,revisio,tecnica	1
mes,retencions,b24,altura,vallirana,sentits,marxa	1
retencions,n260,sant,joan,abadesses,sentits,marxa,ap7,roca,valles,direccio,girona,c17,parets,valles,direccio,vic,n150,carretera,interurbana,sabadell,c58,barbera,valles,direccio,barcelona	1
atencio,retard,euromed,fa,trajecte,alacant,barcelona	1
mes,retencions,c55,castellgali,direccio,manresa,c58,terrassa,direccio,manresa	1
retencions,interior,barcelona,ronda,litoral,nus,trinitat	1
retencions,ap7,barbera,valles,sentit,sud,c58,sant,quirze,valles,sentit,barcelona,a2,sant,joan,despi,cornella,llobregat,sentit,barcelona	1
retencions,ap7,barbera,valles,sentit,sud,c33,llagosta,sentits,c58,sant,quirze,barbera,sentit,barcelona,ronda,litoral,sentits,altura,besos,ronda,meridiana,sentit,llobregat	1
,carrils,oberts,c33,montcada,reixac,incidencia,solucionada	1
retencions,c33,llagosta,sentit,nord,b24,cervello,enllaç,n340	1
atencio,afectacions,col.laterals,trens,linia,r11,rodalies,incidencia,tecnica	1
,1,carril,tallat,c33,montcada,reixac,sentit,granollers	1
atencio,incidencies,linia,r11,rodalies	1
cues,n145,seuduana,gt,andorra,n152,puigcerda,gt,b24,cervello,gt,sud,c58,sant,quirze,gt,bcn,b20,tunel,santa,coloma,–,nus,trinitat,gt,bcn,c17,parets,valles,gt,bcn,ap7,montmelo,–,parets,gt,sud	1
cues,n152,accedir,puigcerda,2,sentits	1
en,directe,roda,premsa,consell,ministres	1
🧟‍cues,accessos,parc,port,aventura,vilaseca,autovia,a7,vilaseca,gt,nord,t319,accedir,parc,gt,nord	1
accident,c66,cornelladelterri,pk,42,circula,vial,paral.lel,retencions,puntuals,precaucio	1
c58,retencions,santquirzedelvalles,gt,bcn,causa,obres	1
aturats,c17,molletdelvalles,pk,11,gt,bcn,causa,accident,precaucio	1
accident,n141e,bescano,girones,fa,alternatiu,precaucio	1
a,causa,neu,tallada,bv4024,acces,coll,pal,bergueda	1
es,mante,transit,intens,c16,llobregat,berga,cercs,gt,tunel,cadi,c14,organya	1
ara,cues,c16,llobregat,rosal,–,cercs,bergueda,gt,tunel,cadi,c14,bassella,oliana,organya,gt,urgell,c17,llosses,ripoll,gt,nord	1
restablerta,circulacio,r1,rodalies,blanes,maçanet,interrompuda,caiguda,arbre,catenaria	1
cues,ap7,vilanova,valles,peatge,roca,gt,girona,c17,llosses,ripoll,gt,nord	1
taxisigualada,radioigualada,transit,gracies,bon,dia,	1
comencen,retencions,destinacions,pont,a2,martorellabrera,gt,lleida,c55,castellbell,vilars,vicenç,castellet,gt,nord,c16,rosal,bergueda,gt,tunel,cadi,c14,oliana,gt,n145,duana,gt,andorra	1
c14,reoberta,pinelldesolsones,accident,retencions	1
c14,tallada,pinelldesolsones,pk,129,2,sentits,causa,topada,3,vehicles,precaucio	1
5,carreteres,pirineu,prepirineu,afectades,nevades,tancat,acces,coll,pal,bergueda	1
interromput,trens,renfe,rodalies,blanes,maçanet,arbre,caigut,catenaria,subministrament,electric,gestiona,servei,alternatiu,carretera,afecta,moment,r1,maresme	1
accident,acces,ronda,autopistes,c58,c33,gt,llobregat,vehicle,bolcat,treballen,retirarlo,tallada,incorporacio,alternatives,avinguda,meridianario,janeiropg,valldaura,ronda,litoral,sortida,1	1
ℹ,18h,sortit,area,metropolitana,barcelona,94548,vehicles,18,dels,510000,previstos,totssants,operaciosortida	1
atencio,circuleu,colladadetoses,neu,carretera,cotxes,equipats,vingueu,calçats,toses,gi4016,equipviari,transit	1
,retencions,a2,sant,feliu,sant,joan,despi,,bcn,accident,1,carril,tallat,precaucio,transita2	1
‍‍,cursaamistat2018,afectara,gran,quantitat,linies,busbcn,planeja,ruta,consultant,detalls,	1
circulacio,retencions,retencio,b23,124,esplugues,llobregat,124,sentit,barcelona,124,punt,km,02,124,16,17	1
15,50h,tallada,ctra,b500,santfost,motiu,,accident,transit,policialocal,mossos,equipviari,protecciocivil,ajsantfost	1
transit,demana,extremar,precaucio,pont,ates,increment,mortalitat,21,registra,dies,festius	1
circulacio,congestio,retencio,b20,124,barcelona,124,sentit,nord,nus,trinitat,124,punt,km,154,124,15,22	1
circulacio,retencions,retencio,b23,124,papiol,124,sentit,oest,enllaç,ap7,124,punt,km,1512,124,15,29	1
pas,alternatiu,c1413a,santquirzedelvalles,pk,19,causa,esllavissades,retencions,2,sentits,precaucio	1
2,carrils,tallats,a2,cornella,pk,609,gt,bcn,accident,retencions,a2,sant,feliu,cornella,gt,bcn,b23,molins,sant,feliu,gt,enllaç,a2	1
1,carril,obert,autopista,maresme,c32,canetdemar,pk,114,gt,bcn,causa,accident,precaucio,foto,infoautopista	1
,ultimahora,desconvoquen,marxes,lentes,dels,transortistes,previstes,tarda,demarcacions,tarragona,lleida	1
c66,tallada,lapera,emporda,pk,195,2,sentits,causa,accident	1
es,restableix,trens,r1,rg1,renfe,rodalies,arenys,pineda,afectats,incidencia,subministrament,electric	1
interromput,trens,renfe,rodalies,arenys,pinedademar,incidencia,subministrament,electric,afecta,linia,r1,maresme,rg1,portbou,hospitalet,pel,litoral	1
vehicle,avariat,a2,santfeliudellobregat,pk,605,gt,bcn,retencions,intermitents,castellbisbal,accident,sant,vicenç,dels,horts,gt,bcn,precaucio	1
accident,a2,santvicençdelshorts,pk,601,gt,bcn,1,carril,tallat,retencions,castellbisbal,precaucio	1
encara,llargues,cues,principals,accessos,bcn,rondes,causa,pluja,volum,transit,incidencies,precaucio	1
tots,carrils,oberts,c59,santaperpetuademogoda,gt,nord,topada,multiple,mati,retencions,c59,ap7,gt	1
1,carril,obert,a2,tarrega,gt,lleida,causa,accident,tallat,minuts	1
el,fum,incendi,port,visible,ronda,litoral,zona,portuaria,afecta,moment,transit,precaucio	1
pas,alternatiu,c31,costes,garraf,pk,174,nucli,garraf,terme,municipal,sitges,causa,accident,retencions,2,sentits,precaucio	1
el,fum,incendi,visible,ronda,litoral,zona,portuaria,bufa,direccio,precaucio	1
1,carril,obert,c59,santaperpetuademogoda,cimvalles,gt,nord,topada,multiple,tallava,calçada,gt,caldes	1
c59,tallada,santaperpetuademogoda,costat,cimvalles,gt,nord,causa,topada,multiple,retencions,lallagosta,ap7,gt,girona	1
‍bon,dia,precaucio,pluja,augmenta,retencions,area,barcelona,cua,c59,santaperpetuademogoda,cimvalles,gt,nord,possible,incidencia	1
encara,queda,cua,b24,cervello,n340,vallirana,vendrell,neteja,fa,alternatiu,aturats,sentit,sud	1
encara,retencions,c32,sant,boi,sentit,castelldefels,accident,fa,estona	1
accident,ronda,general,mitre,carrer,torres,cues	1
retirat,camio,avariat,ap7,sant,cugat,sentit,nord	1
millora,circulacio,costes,garraf,c31,sitges,sentit,sud,tarragona	1
cua,compacta,a2,bruc,gt,lleida,camio,avariat,cinturo,litoral,sant,joan,despi,banda,banda	1
encara,cues,b30,barbera,sentit,sud,cerdanyola,gt,nord,ap7,sant,cugat,barbera,gt,nord,a2,cornella,banda,banda,c58,terrassa,sant,quirze,gt,c59,palausolita,plegamans,caldes,montbui,sentit,nord	1
accident,roger,lluria,arago,turisme,encastat,cafeteria,cues,foto,soler	1
cua,compacta,a2,bruc,gt,lleida	1
ap7,santa,perpetua,barbera,rubi,papiolgt,sud,papiol,sant,cugat,avariat,barbera,gt,nord	1
embus,costes,garraf,c31,sitges,sentit,sud,tarragona	1
cua,n240,montblanc,gt,valls,accident	1
encara,aturats,n340,vallirana,gt,vilafranca,gt,sud,vendrell,repara	1
ap7,mollet,accident,santa,perpetua,barbera,rubi,papiol,gt,sud,sant,cugat,gt,nord,b23,sant,feliu,diagonal,molins,papiol,gt,girona,tunel,vallvidrera,gt,bcn,c32,sant,boi,sentits	1
aturats,c58,sant,quirze,montcada,gt,bcn,sort,ripollet,gt,terrassa,c17,parets,valles,banda,banda,afecta,sortida,ap7,c14,conca,barbera,c1413antiga,entrada,poblacio,sabadell,c65	1
retencions,ap7,santa,perpetua,barbera,rubi,papiol,gt,sud,sant,cugat,gt,nord,b30,barbera,sentit,sud,cerdanyola,gt,nord,b23,sant,joan,despi,diagonal,molins,papiol,gt,girona	1
aturats,ronda,cornella,valldaura,gt,besos,ronda,litoral,zona,franca,ciutat,vella,gt,besos	1
a,bcn,cues,llargues,diagonal,b23,plaça,reina,maria,cristina,ronda,general,mitre,plaça,reina,maria,cristina,lesseps	1
cua,b23,sant,joan,despi,diagonal	1
cues,ap7,santa,perpetua,barbera,gt,sud,b30,barbera,sentit,sud,cerdanyola,gt,nord,c58,sant,quirze,gt,bcn,c17,parets,valles	1
pas,alternatiu,n340,vendrell,poder,reparar,retencions,vallirana,gt,bcn	1
embus,ronda,esplugues,nus,trinitat,obert,carrils,tallats,afecta,b23,esplugues,diagonal	1
via,evitar,embus,ronda,esplugues,nus,trinitat,accident,talla,carrils,afecta,b23,esplugues,diagonal	1
retencions,c58,sant,quirze,gt,bcn,b30,barbera,sentit,sud,cerdanyola,gt,nord,b24,cervello,n340,vallirana,c12,tortosa,obres,c14,conca,barbera	1
encara,cua,ronda,hebron,sentit,llobregat,topada,talla,carril,afecta,pota,nord,santa,coloma,gramenet,,aturat,esplugues,accident,talla,carrils	1
camio,avariat,a2,collbato,sentit,lleida	1
tallada,n141,bossost,camio,quedat,travessat,part,francesa	1
accident,ronda,hebron,sentit,llobregat,aturats,canyelles,hebron,tambe,aturat,horta,accident,esplugues,sarria	1
accident,ronda,hebron,sentit,llobregat,cues	1
pas,alternatiu,c55,monistrol,montserrat,topada,vehicles,cues,sentit,nord	1
cues,c17,montcada,sentit,bcn,obres,c25,campllong,gt,obres,c12,tortosa,gt,obres,c1413,antiga,entrada,poblacio,sabadell	1
encara,2,carrils,tallats,ap7,barberadelvalles,pk,146,gt,sud,retencions,mollet,barbera,gt,sud,bellaterra,barbera,gt,nord	1
barryexcellence,gracies,bon,dia,	1
ronda,retencions,diagonal,vallcarca,gt,trinitat,causa,accident,precaucio	1
ap7,retencions,santaperpetuademogoda,barbera,gt,sud,causa,accident,foto,infoautopista	1
a,causa,nevades,calen,cadenes,travessar,coll,creueta,bv4031,castellardenhug,molina	1
nou,accident,ap7,santcugatdelvalles,pk,159,gt,girona,retencions,ap7,papiol,sant,cugat,gt,nord,b23,sant,feliu,papiol,gt,enllaç,ap7	1
l,avaria,comboi,sentit,contrari,afectat,r13,renfe,lleida,07,15,estacio,frança,09,54,circula,30,retard	1
r13,renfe,estacio,frança,06,47,lleida,09,58,circula,30,minuts,retard,causa,avaria,mantingut,aturat,roda,bera	1
accident,ap7,castellbisbal,pk,166,gt,girona,retencions,resolts,accidents,mati,ap7	1
tercer,accident,mati,ap7,papiol,gt,girona,retencions,ap7,castellbisbal,papiol,gt,nord,b23,santfeliu,papiol,gt,girona	1
martixllava,gracies,alertarnos,bon,dia,	1
ap7,retencions,mollet,santaperpetuademogoda,gt,sud,causa,accident,precaucio	1
2,accidents,ap7,maçanetdelaselva,gt,sud,1,carril,obert,retencions,ronda,tram,c32,esplugues,gt,llobregat,1,carril,tallat	1
un,carril,tallat,ap2,bisbal,penedes,gt,saragossa,arbre,caigut	1
un,carril,tallat,ap7,montroig,campgt,valencia,arbre,caigut	1
encara,cues,c58,cerdanyola,montcada,montcada,gt,terrassa,accident,ap7,bellaterra,sant,cugat,gt,sud,fa,estona,cremat,vehicle	1
aturats,c58,terrassa,sabadell,gt,sud,montcada,c60,argentona,gt,mataro,nii,masnou,accident,vilassar,c1413,antiga,entrada,poblacio,sabadell	1
cues,c17,lliça,parets,valles,tunel,vallvidreragt,bcn,pota,sud,cornella,c32,sant,boi,sentit,castelldefels,topada,retencions,viladecans,sant,boigt,bcn,afecta,ronda,pedralbes,nus,llobregat	1
cues,ap7,santa,perpetua,barbera,4km,sant,cugat,accident,gt,sud,sant,cugat,gt,nord,b30,barbera,sentit,sud,cerdanyola,sentit,nord,b23,molins,papiol,gt,girona,esplugues,diagonal	1
tambe,calen,cadenes,bv4031,castellar,hug,toses	1
accident,ronda,sentit,llobregat,cua,pota,nord,santa,coloma,gramenet	1
consequencia,neu,calen,cadenes,c28,passar,port,bonaigua	1
accident,nii,masnou,cues	1
retencions,c35,sant,celoni,c60,argentona,gt,mataro	1
c17,gurb,gt,sud,obres,lliça,parets,valles,gt,sud,parets,gt,vic,c58,terrassa,sant,quirze,gt,sud	1
cues,ap7,santa,perpetua,barbera,sant,cugat,papiol,gt,sud,b30,barbera,sentit,sud,cerdanyola,sentit,nord,b23,molins,papiol,gt,girona	1
aturats,pota,sud,cornella,c32,sant,boi,sentit,castelldefels,topada	1
retencions,,cua,a2,odena,gt,lleida,accident,camio,implicat,retencions,c12,tortosa,obres,b30,barbera,sentit,sud,cerdanyola,sentit,nord,nii,girona	1
talgo,697,estacio,françasevilla,acumula,20,minuts,retard	1
euromed,alacant,estacio,frança,acumula,retard	1
cinturo,litoral,cornella,sant,joan,despi,gt,lleida,vehicle,aturat	1
aturats,b24,cervello,n340,vallirana,,c12,tortosa,obres,c17,masies,voltrega,gurb,sentit,sud,obres	1
cua,a2,castelloli,odena,gt,lleida,accident,accident,c58,torre,baro,gt,terrassa,carril,tallat,afecta,ronda,litoral,sant,adria,besos,pota,nord,santa,coloma,gramenet	1
tren,r16,tortosa,11,07,estacio,frança,13,54,acumula,45,minuts,retard	1
retencions,c12,tortosa,obres,aturades,c17,gurb,sentit,sud	1
,cua,a2,castelloli,odena,gt,lleida,accident,han,retirat,vehicles,accidentats,c58,torre,baro,sentit,terrassa,queden,retencions,ronda,litoral,sant,adria,gt,besos	1
‍una,manifestacio,bombers,pel,centre,bcn,talla,rambla,obliga,desviar,linies,busbcn,problemes,circular,zona	1
jsolerdb,gracies,	1
,r16,tortosa,11,07,estacio,frança,13,54,aturat,aldea,amposta,causa,incidencia,tecnica	1
retencions,c17,aiguafreda,centelles,gt,vic,causa,obres	1
comboi,r13,renfe,avariat,retrocedeix,circula,1,25,retard	1
una,incidencia,senyalitzacio,automatica,adifes,calella,pineda,provoca,retards,15,r1,rodalies,moment,afecta,rg1	1
comboi,r13,renfe,avariat,rodadebara	1
encara,llargues,cues,rondes,litoral,r,litoral,bon,pastor,barceloneta,gt,llobregat,mercabarna,can,tunis,enllaç,gran,nus,trinitat,r,julia,pedralbes,gt,llobregat,cornella,pedralbes,gt,trinitat	1
cues,ap7,montornesparetssanta,perpetuabarberasant,cugatel,papiol,gt,sud,s,cugat,gt,girona	1
cues,accessos,nord,bcn,c58,terrassa,estbadiamontcadanus,trinitat,gt,bcn,ntripollet,gt,terrassa,c16,rubiscugatvalldoreixpeatgeboca,nord,tunel,vallvidrera,b20,scolomanus,trinitat,c31,badalona	1
cues,habituals,principals,accessos,bcn,pel,sud,a2,castellbisbalpallejasvicenç,hortscornella,gt,bcn,martorell,gt,lleida,b23,molins,reidiagonal,gt,bcn,molinspapiol,gt,girona,b24,palleja,gt,a2,c32,gavasant,boi,c31,prat	1
‍possibilitat,carrers,tallats,ciutat,vella,bcn,pel,macrooperatiu,dels,mossos,precaucio	1
‍bon,dia,comença,intensificar,circulacio,carreteres,catalanes,moment,consten,incidencies	1
,retencions,c17,lliça,parets,valles,direccio,barcelona	1
,calçada,tallada,c58,atura,bauma,castellbell,vilar,causa,accident	1
,accident,provoca,retencions,c58,sant,quirze,valles,sabadell,direccio,barcelona	1
,retencions,a2,altura,bruc,sentits,marxa	1
,accident,c17,altura,montcada,reixac,dificulta,circulacio	1
,circulacio,intensa,c55,monistrol,montserrat,sentit,nord,manresa	1
,retencions,c31,ventallo,sentits,marxa,obert,alternatiu	1
,calçada,tallada,c37,querol,sentits,carretera,pont,armenteraral.li,catalunya,costa,daurada	1
,accident,c58,altura,nus,trinitat,sentit,barcelona,bifurcacio,avinguda,meridiana	1
,circulacio,fluida,c60,altura,orrius,direccio,granollers	1
,aturades,a2,tunel,bruc,causa,accident,sentit,nord	1
,retencions,c58,torre,baro,cerdanyola,valles,direccio,sabadell,circulacio,intensa,torre,baro,direccio,barcelona	1
circulacio,fluida,xarxa,viaria,catalana,queden,retencions,b24,cervello,n340,vallirana	1
r3,querol,18,52,hospitalet,llobregat,22,14,acumula,35,minuts,demora	1
encara,cua,ap7,gelida,subirats,gt,sud	1
continua,embus,ap7,subirats,granada,sentit,sud	1
encara,aturats,ap7,sant,sadurni,anoia,vilafranca,penedes,gt,sud,foto,aguilera	1
encara,10,km,cua,ap7,sant,sadurni,anoia,vilafranca,penedes,gt,sud,carrils,oberts,topada,camio,materies,perilloses,turisme,camio,retirat	1
jordiaguilerac,transit,gracies,jordi,explicant,equip,viari	1
hi,topada,camio,materies,perilloses,turisme,ap7,vilafranca,penedes,gt,sud,obligat,tallar,pogut,retirar,camio,cisterna,congestio	1
embus,ap7,vilafranca,penedes,gt,sud,accident,foto,vela	1
continua,congestio,5,km,7,vilafranca,penedes,gt,sud,accident,tallada,autopista,recomana,sortida,27	1
embus,c44,vandellos,hospitalet,infant,entrada,poblacio,accident,afecta,tram,a7	1
retencions,ap7,sant,cugat,barbera,gt,nord,santa,perpetua,barbera,vilafranca,penedes,gt,sud	1
cua,ronda,litoral,sant,adria,bon,pastor,gt,besos,accident,bon,pastor,gt	1
ara,cues,c58,sant,quirzegt,sud,accident,ap7,cerdanyola,barbera,gt,nord,b24,cervello,n340,vallirana,c17,parets,valles,c55,sant,vicenç,castellet,gt,castellgali,c65,banda,banda	1
ara,cua,compacta,ronda,esplugues,vallcarca,sentit,besos	1
retirat,avariat,hospitalet	1
r3,hospitalet,llobregat,14,53,querol,18,06,acumula,30,minuts,demora	1
accident,ronda,litoral,montjuic,gt,cua,ciutat,vella,sentit,llobregat,zona,franca,sentit,besos,recordar,mante,tallada,tv7411,ribaroja,ebre,motiu,ralli,catalunya,costa,daurada	1
tambe,aturats,c17,parets,valles,afecta,sortida,ap7,c55,sant,vicenç,castellet,gt,castellgali,manresa,gt,castellgali,hi,obres,castellgali,c65,c31,castellplatja,aro,gt,platja,aro	1
ara,cues,cues,ap7,santa,perpetua,barbera,sant,cugat,gt,sud,b23,molins,papiol,sentit,girona,c58,sant,quirzelt,gt,montcada,gt,pota,nord,santa,coloma,gramenet,gt,b24,cervello,n340,vallirana	1
retards,poden,superar,15,minuts,sentit,nord,linies,r1,r3,r4,r12,avaria,hospitalet	1
cues,rondes,cua,ronda,litoral,forum,port,olimpic,gt,accident,zona,franca,ciutat,vella,gt,besos,ronda,esplugues,vallcarca,horta,gt,besos	1
aturats,c17,parets,valles,afecta,sortida,ap7,cues,n420,gandesa,c55,sant,vicenç,castellet,gt,castellgali,nii,calella,pineda	1
cues,cues,ap7,santa,perpetua,barbera,rubi,papiol,gt,sud,b23,molins,papiol,sentit,girona,c58,sant,quirzelt,gt,montcada,gt,b24,cervello,n340,vallirana	1
continua,cua,a2,caldes,malavella,gt,bcn,accident,multiple	1
embus,n420,gandesa	1
tambe,retencions,b24,cervello,n340,vallirana,c58,sant,quirze,badia,c17,parets,valles,ronda,litoral,can,tunis,gt,besos	1
continua,tallada,a2,caldes,malavella,gt,bcn,accident,multiple,cua	1
aturats,c58,montcada,gt,terrassa,vehicle,avariat,afecta,ronda,litoral,sant,adria,pota,nord,santa,coloma,gramenet	1
vehicle,avariat,c58,torre,baro,gt,terrassa,talla,1,carril,retencions,c58,nus,trinitattorre,baro,ronda,litoral,bon,pastornus,trinitat	1
autovia,a2,tallada,caldesdemalavella,pk,698,2,sentits,causa,topada,multiple,desviaments,gi555,c63,precaucio	1
ronda,litoral,retencions,santadriadebesos,nus,trinitat,accident,ronda,santacoloma,col.lisio,c58,sortida,pel,nus,trinitat,gt,terrassa	1
afectacions,pel,ralli,catalunyacosta,daurada,n420,gandesa,c44,benissanet,enllaç,n420	1
tots,carrils,oberts,c58,sabadell,nord,gt,terrassa,accident,retencions,c58,ap7,barbera,gt,sud	1
c58,accident,sortida,sabadell,nord,gt,terrassa,1,carril,tallat,retencions,c58,cerdanyola,sabadell,nord,gt,terrassa,ap7,barbera,valles,gt,sud,enllaç,c58	1
c66,alternatiu,santjuliaderamis,pk,36,causa,obres,retencions,2,sentits,ap7,girona,nord,gt,frança	1
tots,carrils,oberts,a2,palleja,accident	1
autovia,a2,tallada,granyanella,pk,513,gt,bcn,causa,accident,desvia,circulacio,calçada,lateral,precaucio	1
1,carril,tallat,c32,nord,autopista,maresme,mataro,gt,bcn,causa,accident,3,km,cua	1
retards,15,r2,r14,r15,r16,renfe,rodalies,gt,sud,incidencia,estacio,elprat,afecta,instal.lacions,adifes	1
accident,autovia,a2,palleja,gt,bcn,1,carril,tallat,retencions,martorell,precaucio	1
‍bon,dia,aturats,ronda,litoral,nus,llobregat,mercabarna,gt,trinitat,causa,accident,talla,1,carril,precaucio	1
ara,circulacio,fluida,xarxa,viaria,catalana,queda,retencio,b24,cervello,n340,vallirana	1
retirat,vehicle,avariat,ap7,papiol,sentit,sud,millora,circulacio	1
restablert,servei,linies,tram,frequencies,alterades,linia,t4	1
r3,carol,17,13,hospitalet,20,32,acumula,40,minuts,demora	1
continua,congestio,ap7,mollet,barbera,8,km,sant,cugat,papiol,gt,sud,papiol,vehicle,avariat	1
consequencia,accident,servei,parades,maresme,port,forum,tramvia	1
trams,retencions,ronda,sentit,besos,ronda,litoral,sentits	1
r3,hospitalet,14,53,querol,18,06,acumula,25,minuts,retard	1
aturats,c1413,antiga,entrada,poblacio,sabadell,ronda,sud,granollers,accident,n340,vallirana,gt,sud,cinturo,litoral,cornella,gt,lleida,c32,sant,boi,gt,castelldefels,c60,argentona,gt,mataro	1
tambe,retencions,cua,c17,tona,gt,bcn,accident,tram,obres,c17de,granollers,parets,valles,gt,c58,terrassa,sant,quirze,gt,sud,tunel,vallvidrera,peatge,boca,nord	1
ara,cues,ap7,mollet,barbera,sant,cugat,papiol,gt,sud,b30,barbera,sentit,sud,cerdanyola,sentit,nord,b23,molins,papiol,gt,girona,esplugues,diagonal	1
retirats,vehicles,accidentats,b30,cerdanyola,sentit,nord	1
cua,c17,tona,gt,bcn,accident,tram,obres	1
aturats,ap7,santa,perpetua,barbera,gt,sud,granollers,gt,nord,n340,vallirana,gt	1
tambe,cues,ap7,b30,barbera,sentit,sud,c58,sant,quirze,gt,sud,c35,sant,celoni,gt,sud,ronda,sud,granollers,ronda,litoral,zona,franca,montjuic,sentit,besos,extrem,sud,gran,hospitalet,plaça,espanya	1
cua,b30,cerdanyola,sentit,nord,causa,accident	1
pas,alternatiu,c243,antiga,granada,penedes,topada,vehicles	1
cues,ronda,litoral,can,tunis,gt,besos,embus,extrem,sud,gran,hospitalet,plaça,espanya	1
retencions,ap7,mollet,sentit,sud,c17,parets,sentit,sud,ap7,c58,sant,quirze,badia,gt,sud,c35,sant,celoni,gt,montseny,b24,cervello,n340,vallirana	1
retencions,ronda,esplugues,diagonal,sentit,besos,accident	1
accident,ap7,barberadelvalles,gt,girona,retencions,bellaterra,precaucio	1
es,mante,carril,obert,tunels,garraf,c32,santperederibes,pk,295,gt,sud,mati,topat,camio,turisme,passatger,davanter,cotxe,resultat,ferit,critic	1
1,carril,obert,tunels,garraf,c32,santperederibes,pk,295,gt,sud,topada,camioturisme,1,ferit,greu,informacions	1
tallada,c32,tunels,garraf,santperederibes,pk,295,gt,sud,topada,camioturisme,1,persona,ferida,precaucio	1
ap7,retencions,bellaterra,barbera,gt,girona,causa,vehicle,avariat,talla,1,carril	1
encara,llargues,cues,accident,mati,b20,sud,cornella,gt,bcn,c32,b20,gava,prat,c31,gava,prat	1
tots,carrils,oberts,ap7,montornesdelvalles,gt,sud,accident,cues,ap7,rocamontmelo,intermitent,c60,argentonala,roca,gt,ap7	1
interromput,trens,renfe,rodalies,estacio,mollet,santfost,causa,atropellament,persona,entrada,estacio,afecta,r2,r11	1
r3,rodalies,hospitalet,llobregat,06,14,querol,09,40,circula,40,retard	1
per,accident,b20,sud,cornella,cues,c32,b20,sud,castelldefels,cornella,gt,bcn,c31,castelldefels,prat,gt,bcn,b22,prat,anar,c31,b20,gt,bcn	1
accident,b20,sud,cornella,gt,bcn,cua,autopista,garraf,castelldefels,cornella,gt,bcn,precaucio	1
merilin1979,gracies,bon,dia,	1
cues,habituals,principals,accessos,bcn,2,incidencies,accident,ap7,montornesdelvalles,pk,135,gt,sud,cua,c32,b20,sud,gavael,prat,possible,incidencia,b20,gt,bcn	1
a,circulacio,fluida,xarxa,viaria,pais,mante,alternatiu,c162,urus,tarda,bolcat,trailer	1
retencions,ronda,horta,pedralbes,gt,accident	1
cua,c17,canovelles,coll,manya,sentit,barcelona,accident	1
a,c162,urus,bolcat,trailer,carregat,palets,coto,foto,bombers	1
retencions,c1413,antiga,entrada,poblacio,sabadell,c60,argentona,gt,mataro,nii,caldes,malavella,sentit,sud	1
pas,alternatiu,n340,sant,carles,rapita,topada,vehicles,cua	1
complicada,circulacio,area,metropolitana,bcn,cues,llargues,b23,c58,pota,nord,accedir,ciutat,congestio,ronda,litoral	1
trams,retencions,rondes,barcelona,ronda,sentit,besos,ronda,litoral,sentits,retencions,llargues,diagonal,entrada,barcelona,b23,altura,illa,diagonal	1
retencions,c32,sant,boi,gt,bcn,col.lisio,aturades,sentit,contrari	1
trams,retencions,nii,calella,pineda,gt,nord,accident	1
retirats,vehicles,accidentat,diagonal,club,polo	1
retencions,ap7,santa,perpetua,barbera,rubi,papiol,gt,sud,b30,barbera,gt,sud,cerdanyola,gt,nord,b23,molins,papiol,gt,girona,esplugues,diagonal,cinturo,litoral,cornella,c17,lliça,parets	1
cues,,c16,viladecavalls,gt,sud,c58,terrassa,sant,quirze,gt,sud,obres,a2,martorell,castellbisbal,gt,sud,obres	1
cua,a2,castellbisbal,gt,sud,obres	1
a,bcn,retencions,diagonal,b23,plaça,reina,maria,cristina,accident,club,polo	1
retirats,vehicles,accidentats,ronda,litoral,montjuic,sentit	1
aturats,2,km,ap7,sortida,girona,oest,km,585,sentit,frança,moto,terra	1
retards,linies,r2,r2nord,avaria,sistema,senyalitzacio,estacio,sant,andreu,comtal	1
aturada,circulacio,ronda,litoral,poblenou,montjuic,gt,llobregat,accident,retencions,zona,franca,montjuic,gt,besos	1
cua,compacta,ap7,sant,julia,ramis,gt,frança,topada,turisme,moto	1
tambe,aturats,c17,llagosta,montcada,gt,bcn,obres,c58,sant,quirze,gt,sud,b24,cervello,n340,vallirana	1
cua,a2,cornella,joan,despi,gt,martorell,nova,col.lisio,afecta,tram,ronda,litoral,agafar,a2,aturada,circulacio,ronda,litoral,zona,franca,montjuic,sentit,besos	1
cua,a2,sant,joan,despi,sant,feliu,gt,martorell,col.lisio,retencions,c58,sant,quirze,sentit,sud	1
accident,autopista,garraf,c32,santboidellobregat,gt,sud,1,carril,tallat,retencions	1
retirat,camio,avariat,complicava,circulacio,ap7,santcugatdelvalles,gt,sud	1
ap7,retencions,bellaterra,sant,cugat,valles,gt,sud,causa,vehicle,avariat,talla,1,carril	1
reoberta,c17,granollers,gt,vic,accident,retencions,mollet,precaucio	1
c17,tallada,granollers,pk,18,gt,vic,causa,accident	1
tots,carrils,oberts,ronda,litoral,poble,gt,llobregat,accident,retencions,zona,forum,barceloneta	1
c60,reoberta,argentona,pk,5,gt,granollers,accident,retencions,mataro,enllaç,c32	1
accident,c55,manresa,gt,solsona,3,km,cua,precaucio	1
tallada,c60,argentona,pk,5,gt,granollers,causa,accident,fan,desviaments,precaucio	1
ronda,litoral,retencions,nus,trinitat,poble,gt,llobregat,causa,accident,tancada,entrada,24	1
tots,carrils,oberts,c32,sud,santboi,gt,bcn,accident,retencions,gava,precaucio	1
llargues,cues,principals,accessos,bcn,pel,nord,c58,terrassa,estbadiamontcada,gt,bcn,montcadaripollets,quirze,gt,terrassa,c16,rubivalldoreixla,florestapeatgeboca,nord,tunel,vallvidrera,b20,coloma,gramenetnus,trinitat	1
accident,autopista,garraf,c32,santboi,gt,bcn,1,carril,obert,retencions,gava,accessos,bcn,retencions,habituals,gt,entrada	1
retards,linies,r2,sud,regionals,avaria,llarga,distancia,fa,circulacio,cubelles,vilanova	1
retencions,a2,sant,joan,despi,sant,feliu,llobregat,gt,martorell,vehicle,aturat	1
ara,queden,retencions,b23,molins,sentit,girona,diagonal,b24,cervello,n340,vallirana,ronda,esplugues,horta,sentit,besos	1
frequencies,alterades,t1,t2,t3,tramvia	1
oberts,carrils,ronda,queden,retencions,esplugues,valldaura,gt,besos,meridiana,hebron,gt,pota,nord,santa,coloma,gramenet	1
retirats,vehicles,accidentats,trams,retencions,diagonal	1
cues,tunel,vallvidrera,peatge,boca,nord	1
cues,ronda,litoral,zona,franca,bon,pastor,sentit,besos,diagonal,ciutat,vella,gt	1
per,accident,ronda,embus,ronda,esplugues,horta,gt,besos,hebron,gt,afecta,cues,pota,nord,badalona,gt,ronda,c58,ripollet	1
topada,motoristes,diagonal,altura,plaça,reina,maria,cristina,afecta,diagonal,cues,plaça,pius,xii,plaça,francesc,macia	1
via,evitar,embus,ronda,esplugues,hebron,gt,besos,accident,hebron,gt	1
retencions,c65,santa,cristina,aro,entrada,poblacio	1
tambe,aturats,nus,papiol,afecta,ap7,rubigt,sud,b23,molins,gt,girona,pota,nord,santa,gramenet,gt,ronda	1
cues,c58,terrassa,sant,quirze,obres,montcada,gt,sud,c1413,antiga,entrada,poblacio,sabadelll,ap7,santa,perpetua,barberagt,sud,b30,barbera,gt,sud,cerdanyola,gt,nord	1
embus,ronda,esplugues,hebron,gt,besos,accident,hebron,gt	1
queda,cua,carretera,rubi,bp1503,accident,fauna,estona	1
ave,3941,sevillabarcelona,acumula,20,minuts,retard	1
talgo,463,barcelonallorca,acumula,retard	1
ara,retencions,a2,castellbisbal,gt,sud,pota,nord,santa,gramenet,nus,trinitat,gt,ronda,c58,sant,quirze,gt,sud,obres,b24,cervello,n340,vallirana,ap7,cerdanyola,gt,nord,b30,barbera,gt,sud,cerdanyola,gt,nord	1
retirats,vehicles,accidentats,millora,circulacio	1
talgo,694,sevillabarcelona,acumula,retard	1
ronda,litoral,vila,olimpica,montjuicgt,llobregat,accidents,zona,franca,port,gt,besos	1
ara,cues,aturats,enllaç,a2,abrera,ap7,martorell,gt,bcn,c58,sant,quirze,gt,sud,obres,b24,cervello,n340,vallirana,c65,santa,cristina,aro,entrada,poblacio	1
continuen,retencions,c58,sant,quirze,gt,sud,obres,b30,barbera,gt,sud,cerdanyola,gt,nord,b24,cervello,n340,vallirana,ronda,esplugues,pedralbes,gt,besos,accident,ronda,litoral,zona,franca,can,tunis,gt,besos	1
a2,palleja,sant,vicenç,dels,horts,sentit,bcn,obres,ronda,esplugues,pedralbes,gt,trinitat,accident	1
aturats,ap7,barbera,sentit,nord,consequencia,cua,afecta,sortida,can,salvatella	1
vehicle,avariat,ap7,papiol,gt,sud,retencions	1
tots,carrils,oberts,ronda,cornella,gt,llobregat,accident,retencions,roquetes,precaucio	1
accident,mortal,nii,pont,molins,xoc,frontal,cotxe,camio,provocat,mort,conductor,vehicle,passat,mica,causes,investigant	1
retencions,accessos,nord,bcn,c58,terrassa,estbadiamontcada,gt,bcn,montcadaripollet,gt,terrassa,c16,florestapeatgeboca,nord,tunel,vallvidrera	1
cues,ap7,parets,vallesmolletsanta,perpetuael,papiol,gt,sud,sant,cugatbarbera,gt,nord	1
2,carrils,tallats,ronda,tram,c32,esplugues,gt,llobregat,accident,retencions,llargues,roquetes,precaucio	1
bv2411,tallada,avinyonetdelpenedes,causa,vehicle,avariat	1
monicagranados,gracies,bon,dia,	1
merisariol,bon,dia,aturades,obres,moment,consta,incidencia,gracies,	1
‍bon,dia,precaucio,c17,granollers,pk,18,gt,bcn,turisme,avariat,ocupa,1,carril	1
aquesta,domina,circulacio,comoda,incidencies,retencions,b24,cervello,n340,vallirana	1
aturats,carretera,vallvidrera,bv1462,gt,bcn	1
retencions,c32,sant,boi,gt,castelldefels	1
pas,alternatiu,c14,montblanc,treballa,retirar,vehicle,accidentat,retencions	1
euromed,1152,valencia,barcelona,acumula,retard,26,minuts	1
atencio,viatge,carretera,pont,sants	1
aturats,b24,cervello,n340,vallirana,c17,parets,valles,gt,sud,canovelles,gt,vic,cinturo,litoral,cornella	1
retencions,c58,sant,quirze,montcada,gt,sud,ap7,santa,perpetua,barbera,gt,sud,b30,barbera,gt,sud,cerdanyola,sentit,nord,b23,molins,papiol,gt,girona	1
encara,cues,ap7,jonquera,gt,nord,obres,fan,territori,frances,c65,llagostera,gt,santa,cristina,aro,obres	1
aturats,c65,llagostera,gt,santa,cristina,aro,obres	1
cua,ap7,jonquera,gt,nord,obres,fan,territori,frances	1
continuen,cues,c65,arribar,fornells,selva,banda,banda,obres	1
servei,restablert,l1,universitat,glories	1
cua,ap7,sant,celoni,sentit,sud,incendi,vehicle,equiviari	1
r11,figueres,14,08,sants,16,09,acumula,45,minuts,retard,incidencia,tecnica,origen	1
sense,servei,l1,linia,vermella,metro,universitat,glories	1
retencions,c58,sant,quirze,gt,sud,b30,cerdanyola,sentit,nord,ap7,jonquera,gt,nord,c65,arribar,fornells,selva,banda,banda	1
cua,5,km,ap7,cerdanyola,barbera,sentit,nord,girona,topada,4,vehicles,implicats	1
1,carril,tallat,gi542,angles,selva,gt,osor,pedra,grans,dimensions,caigut,calçada,precaucio	1
retards,15,r2,nord,r11,renfe,causa,incidencia,tecnica,senyalitzacio,adifes,estacio,sant,andreu,comtal	1
vehicle,avariat,ronda,julia,gt,trinitat,1,carril,tallat,retencions	1
millora,circulacio,accessos,bcn,cues,c58,b20,nord,c16,a2,b23,c31,c32,sud,rondes,gt,llobregat	1
accident,c60,argentona,gt,nord,1,carril,tallat,retencions,c60,c32,mataro,gt,sud	1
aturades,accessos,sud,bcn,a2,sant,andreu,barcapallejasvicenç,hortscornella,b23,molins,reiesplugues,gt,bcn,molinsel,papiol,gt,girona,c32,gavaviladecans,c31,prat	1
cues,accessos,nord,bcn,c58,terrassa,centrebadiamontcada,gt,bcn,montcadaripolletsant,quirze,gt,terrassa,c16,rubivalldoreixpeatgeboca,nord,tunel,vallvidrera,b20,santa,colomanus,trinitat,c31,badalona	1
ap7,retencions,sud,montornesparetsmollet,valless,perpetuabarberabellaterrasant,cugatel,papiol,gt,sud,nord,bellaterrabarbera	1
accident,ronda,pedralbes,gt,llobregat,1,carril,tallat,retencions,nus,trinitat,precaucio	1
retencions,c31,acces,aeroport,pratllobregat	1
retencions,c58,altura,badia,valles,accedir,centre,comercial,sentit,sud	1
circulacio,intensa,ronda,b20,altura,prat,llobregat,direccio,castelldefels	1
circulacio,retencions,c12,altura,tortosa,perill,esfondraments,obert,alternatiu,regulat,semafors	1
tallada,tp3311,galera,senia,causa,pluges,	1
,circulacio,intensa,c25,santa,coloma,farners,direccio,vic	1
retencions,accident,c17,altura,montcada,reixac,direccio,barcelona	1
tallada,t331,ulldecona,freginals,causa,pluges,	1
tallada,tv3421,roquetes,barberans,causa,pluges,	1
tallada,c12,amposta,altura,tortosa,causa,pluges,	1
emergenciescat,informa,canal,breta,tortosa,desbordant,inundant,c12,punts,quilometrics,11,12,bomberscat,mossos,evitar,mobilitat,ebre,montsia,protecciocivil,alerta,inuncat	1
consequencia,fortes,pluges,tallada,t331,ulldecona,gt,santa,barbara,cua,c12,tortosa,bassals,aigua	1
proteccio,civil,demana,possible,eviti,agafar,cotxe,circular,comarques,montsia,ebre,vehicles,atrapats,acumulacio,aigua,carreteres	1
cua,c58,sabadell,gt,terrassa,accident	1
cua,c32,sant,boi,gt,castelldefels,accident	1
aturada,circulacio,trens,benicarlo,vinaros,fortes,tempestes,fa,servei,carretera,castello,aldea,trens,sortit,barcelona,valencia,espera,evolucioni,episodi,pluges	1
r13,stvicenç,calders,18,30,planapicamoixons,19,06,surt,40,minuts,retard	1
regional,express,15015,estacio,françasaragossa,acumula,retard,incidencia,tecnica	1
r15,estacio,frança,15,43,ribaroja,ebre,18,58,saragossa,acumula,60,minuts,demora	1
tren,r13,stvicenç,calders,18,30,planapicamoixons,19,06,te,prevista,sortida,19,00,30,minuts,retard	1
proteccio,civil,demana,possible,eviti,agafar,cotxe,circular,travessen,comarca,montsia	1
tallada,n340,alcanar,consequencia,fortes,tempestes	1
aturats,c60,argentona,gt,mataro,cinturo,litoral,sant,joan,despi,cornella,carretera,vallvidrera,bv1462,gt,bcn,c55,manresa,gt,sud,sant,vicenç,castellet,gt,nord	1
cues,n340,alcanar,vinaros,gt,precaucio	1
aturada,circulacio,trens,corredor,mediterrani,castello,tarragona,estacio,vinaros,castello,consequencia,tempestes,informa,adif	1
aturada,linia,castello,tarragona,estacio,vinaros,castello,consequencia,tempestes,informa,adif	1
oberta,tv3146,vilaseca,tarragones	1
des,fa,estona,plou,terres,ebre,podeu,trobar,bassals,aigua,n340,circuleu,precaucio	1
retencions,ronda,cornella,pedralbes,gt,besos,accident,julia,gt,avariat,ronda,litoral,zona,franca,nus,trinitat,forum,barceloneta,gt	1
cues,pota,nord,santa,coloma,gramenet,cinturo,litoral,cornella,gt,martorell,tunel,vallvidrera,gt,bcn,b24,cervello,n340,valirana	1
aturats,ap7,rubi,papiol,gt,sud,b30,barbera,sentit,sud,cerdanyola,gt,nord,b23,sant,feliu,papiol,gt,girona,esplugues,diagonal,c58,sant,quirze,gt,sud,cerdanyola,montcada	1
cues,tallada,tv3146,vilaseca,tarragones,bassals,aigua,ap7,jonquera,gt,frança,obres,territori,frances	1
embus,ronda,cornella,guineueta,gt,besos,accident,guineueta,gt,ronda,litoral,zona,franca,poblenou,sentit,besos,causa,accident	1
aturats,c59,palau,–,solita,plegamans,gt,caldes,cinturo,litoral,sant,joan,despi,cornella,nii,pineda	1
cues,ap7,santa,perpetua,barbera,rubi,papiol,gt,sud,b30,barbera,sentit,sud,cerdanyola,gt,nord,b23,molins,papiol,gt,girona,c58,sant,quirze,gt,sud,montcada,sentits	1
servei,restablert,l3	1
sense,servei,l3,linia,verda,paral.lel,passeig,causes,tecniques,drassanes	1
carretera,tv3146,tallada,vilaseca,2,sentits,inundacio,calçada	1
retards,15,linia,r1,rodalies,maresme,causa,incidencia,instal.lacions,adifes,mataro,arenys	1
guàrdia,civil,reconstrueix,laura,luelmo,morir	0
lluisllach,2019,	0
,nous,detalls,assassinat,laura,luelmo,huelva	0
fa,anys,discussió,buscar,torna,àvia,clàssic,nadal2018,discuteix,taula,nadal,família,juntes,amigues,autèntic,regal,nadal	0
saps,origen,sant,esteve,celebra,catalunya,terrassa	0
farmàciessjd,avui,dimecres,26,desembre,farmàcia,guàrdia,21,9,farmàcia,montañes,carrer,john,kennedy,1,santjoandespí	0
rastapalo,dutxarse,sobrevalorat	0
falten,minuts,tarda	0
estenfu,serveix,solidaritat,treure,presó,estratègia,femxarxa	0
,mestres,kung,ip,home,entrenar,brucelee,bella,gong,reuneixen,ciutat,natal,ip,vigílies,invasió,japonesa,1936,traïció,honor,amor,the,grandmaster,dimecres,2030,dijous,0935,btvcinema	0
deixen,sortir,casa,cadira,rodes,culpa,mitsubishi,blanc	0
gbloquejat,fundaciondels,segueix	0
laxarxaxanante1,bones,festes,descanseu,toca	0
feines,fetes,reforna,estació,fgc,sarrià,pilars,circulars,baranes,revestiments,vidre,acer,inoxidable	0
drsirera,salaicullell,dir,dius,dones,entendre,voler,vacunarse,fas,flac,favor	0
cop,quedant	0
sanjosexmusic,aaah,anava,cançó,albert	0
jaumeclotet,altesaamils,après,català,ramon,solsona,quedar,gravat,diferència,provar,tastar	0
starlux26,fots,pizzes,marca,blanca,venen,simply,cops,bones,pizzes,tarradellas	0
meadow895,324cat,gerundi,durar,habilitat,preposició,origen,llengua,història,llengua,emprat,preposició	0
roserroserras,aleixrenye,gall,dindi,tradició,catalana,fem,pollastre,capó,farcit	0
persona,llar,torna,cartera,1000,euros,extraviada	0
gerardroige,gràcies,crack	0
isc85,gràcies	0
civil	0
dia,dels,pastorets,teatredesalt,viladesalt,teniu,entrades,vinga,falteu	0
marivoltios1,gabrielrufian,fatxa,dia,made,sant,esteve,roures	0
joanqueralt,serrat,socialista,carnet,actua,ordres,dictat,partit,visqués,totalment,aïllat,opinions,serían,obstant,fet,passar,grans,moments	0
didpatri,volem,desitjarvos,bones,festes,millor,2019,possible,,	0
b10,rda,litoral,sortida,24,sentit,llobregat,finalitzats,treballs,neteja,trànsit,obert,circulació,normalitzada	0
galetslons,nadal,preparem,plat,permetrà,ajuntar,plats,nadal,sant,esteve,fem,híbrid,galets,gegants,cuina,cocina,irreductibles	0
llibrets,bacallà,sobrassada,tempura,mel,preparem,plat,bacallà,ple,notes,color,gust,textura,fem,llibrets,bacallà,cuina,cocina,irreductibles	0
fes,cop,dono,35,5,estrelles,app,vivino	0
muximj,mondiari,realment,socialistes,queden	0
parell,hòsties,fotudes,sobreres	0
tomiguti1,intenció,🤣🤣🤣	0
manyoses,bona,idea,podria,passar,ensorressin,negoni,top,inùtils,millor,atur,facin,cursets	0
ancorats,passat	0
parla,pinxo,fot,canapé,torradeta,salmó,baldana,oliva,bol,començar,taula,clarament,manca,clàssic,nadal2018	0
155,dui	0
jcoscu,partits,polítics,pensats,defensa,interessos,classe,domini,capitalisme,esquerra,millor,utilitzarlos,jugar,parlamentarisme,diu,part,anarquisme,dels,desenganyats,dels,partits	0
tarda	0
maytepalazon,surt	0
veure,2019,porta,mica,sentit,comú,entenen,defensen,divorci,persones,costa,entendre,territoris,administracions	0
paudemiguel21,senyirauxa,totalment,acord	0
raul0033,dexamina,gabrielrufian,justet,cervell,mosquit,nomès,serveix,picar	0
martaot2018,famousoot2018,gira	0
fa,40,anys,	0
últimahora,pp,ciutadans,acorden,vox,entri,mesa,parlament,andalús	0
necessitem,papanoel,tenint,familia,dedmoroz,	0
«les,transsexuals,teníem,sortida,prostitució	0
espanya,compleix,40,anys,delicte,homosexualitat	0
victorclares,alcohol,saltat,pel,balcó	0
,podeu,seguir,passa,bambolines,estrena,instagram,sulina,pastoretsvalls,farà,stories,atents	0
sant,esteve,sabadell,14,45	0
fes,cop,dono,4,5,estrelles,app,vivino	0
peor,recuerdo,navidad,quiso,maquillaje,dieron,balón	0
oferta,portacañas,nylon,ajustable,montaje,barandilla	0
gabrielmaronda,pata,abajo	0
suicide,deadline	0
kilianlatorre,crimen,tuyo,vienes,vernos,🤣	0
martacatalonia,pizza,verdures,sopar,dic,dona,passi,foto	0
40,anys,risc,real,involució,anem,alerta,‍	0
quidvacuo,buhardimarvel,único,fallo,tiene,ragnarok,exceso,comedia,haz,comedia,parece,bien,pero,dejame,disfrutar,también,drama,todo,parezca,chiste,sentido,debería,aprender,gotg	0
sarahkaniel,mahjoon93,footmercato,mais,ils,allumé,pendant,coupe,monde	0
gallifantes,efrenderico,gracia,cuando,llevan,contraria,siempre,respondes,como,contrario,fuera,garrulo,broma,atragántate,canelons,por,favor	0
agradat,vídeo,youtube,matxetazo,vol3	0
sexo,éxitos,tiene,pinta,	0
warrierlive,luego,las,mismas,personas,saben,solo,parte,ana,magan	0
quecabronehson,ragowarazo,agoney,momento,miedo	0
2,jugadors,base,convocats,federació,catalana,handbol,disputar,campionat,espanya,seleccions,autonòmiques,cesa,19,,🤾‍,scif,sara,villamayor,convocada,juan,fidalgo,🤾‍,scjm,ricard,castro,convocat,david,lópez,orgulllila	0
bazonga	0
flipin1,aimgamingeu,feliz,navidaim,prospero,buff,nuevo	0
senorin,nueva,amanda,tt,para,quedado,martita,reventada	0
miquelvivet,francesc3r,josepborrellf,lauregutierrez,té,volgut,canviar,eo,sistema,electoral,dreta,nacionalista,catalana,pq,sap,vots,rurals,esquerres,nacionalistes	0
tamarapazosm,puta,culpa,dices,tú,suba,manda,cojones	0
salvadorcardus,estafador,continueu,còmplices,traïció	0
1789libertario,trismegista,fascistas,presumen,muy,cristianos,pero,confunden,benevolencia,dios,estupidez,confesar,día,ignorantes	0
anuncio,lgbt,comunitat,valenciana,	0
nuriagarcia1910,meeryfuentess,alejandroparre	0
jorgeseva,coño,tambien,celebras,san,esteban	0
navespalou,forumces,felicitats,vicepresidenta	0
casa,terrades,casa,punxes,casadelespunxes,barcelona	0
sunne,kikesilva,jajajjajaja,yo,	0
álbum,boda,youtube	0
lol,cervell,pingu	0
martoscar,elnengarrofa,mots,coincideixen,castellà,catalans,arena,enter,manya,maçana,molestar,molèstia,tardar,toro,tripa,dir,condemnem,buscar,coincideixi,castellà,castellanisme,català,cercar	0
mihaaru,formatea	0
alex2521999,entendible	0
bravo,eusebio,sacristan,pour,nouveau,poste,entraîneur,fc,barcelone,mérité,faire	0
tt,monde,dans,snap,dubaï,était,5€,quoi	0
0det0jvmpsvit,respuesta,patata	0
temakeeeeeeen	0
mtalvarez90,antoinebatiste,marca,juanmarguez,versión,algo,llamado,realidad,quieres,poner,números,messi,contar,desde,juega,messi,punto,cualquier,otra,manera,tramposa,mentirosa	0
guajesalvaje,jajajajaja	0
sallanmancat,por,muchos,tiran,visibilidad,porque,realmente,tienen,otro,tipo,recursos,algunas,tienen,aprovechan,mucho,tmb,hay,decirlo	0
gustado,vídeo,youtube,grinch,sale,caza,124,fortnite	0
menjat,caneló,enga,mumir	0
adejedate,mejor	0
32,aunque,ahora,tengo,2,gatos,tuve,perrita,sé,prefiero,perros,gatos	0
irenemrcs95,por,tú,también,podrías,escribir,	0
albiolser,324cat,feliz,1936	0
noemicoronado16,esperar,abogado,tiene,relación,estrecha,íntimo,amigo,uno,acusados,imparcialidad,brillando,por,ausencia,totalmente,acuerdo	0
cuerdodeatar,peque,sony,a6000,carl,zeiss,1670,también,gusta,fotografía	0
rmcsport,aurait,été,meilleur,joueur,français,actuel,haine	0
quitar,carnet,millenial,pq,2k18,sigo,saber,donde,sale,meme,pollo,papas,piso	0
hola,todos,creado,nuevo,blog,espíritu,tecnológico,donde,hablaremos,tecnología,impacto,sociedad,actituddigitalfp	0
vianabanjo,springsteen81,jordirico,culpa,putos,vídeos,youtube,gente,abriendo,juguetes,sorpresa,huevos,chocolate,regalo	0
peibolster,veas,bunraku,hagas,eso	0
mercemoore76,falta,república,falten,collons,reconeixament,pendre,control,vist,por,vaga,fem,contrari,saturem,estaments,públics,demandes,reclamacions,calgui,agafeu,canelons,salut,república	0
,mv,flamingo,youtube	0
joanruca,llums,nadal,estètica,dubtosa,	0
alontheo,amaia,aitana,miriam,agoney,mireya	0
magnificapija,así,miércoles,cualquier,otro,dia	0
buti,lang,naubos,ngayong,araw,	0
voy,hacerme,algo,comer,xq,sigo,rajo,cuello	0
jese,rodriguez,critical,of,real,madrid,teammates,looks,future	0
catalan,christmas,explained,elnacionalcaten	0
único,tweet,feliz	0
upses,compré,domingo,aun,llega,paquete,	0
yo,margot,todo,sujeto,político,nuestro,tiempo,debería,explorar,narrativa,totalizante,vida,esa,autoproyeccion,histórica,metiéndose,pila,ea,pic,pal	0
cuerdodeatar,café,oye	0
gustado,vídeo,youtube,priest,from,hell,violently,baptises,screaming,baby,because,satan	0
salguergarcia,zara,asos,perfectos,para,ello	0
kenzomutsuda,	0
explicitdominic,	0
regalado,despertador,como,funciona,hoy,sonado,tarde	0
corazón,tv,acaban,decir,ana,guerra,cazado,miguel,ángel,muñoz,futuro,marido,heidi,klum,plantea,edad,bravo,felizmiércoles	0
rofk3,escapet,hegal,mymalk4pon3,itexo,muchas,gracias,	0
just,finished,walking,187,km,22m,31s,with,endomondo,endorphins	0
alvarovarito,digas,digas,seguramente,por,aspectos,parte,lógicos,como,valorar,día,día,vivir,verdad,habido,portero,más,decisivo,puramente,futbolístico,eligió,juve,segunda,otro,título,suma,nada,futbolístico	0
diario6com,capidja,extraña,después,toda,corrupción,puto,partido,sabe	0
gatosparaalba,spidercat	0
arnaldosmanuel,muchas,gracias,hay,veces,hacen,mucha,falta,saludazo,sabes,pasas,por,barcelona,unas,cervezas,tienen,caer	0
fatal,pensàvem,posarien,música,antiga,techno,esperàveu,reggaeton,antic,2014,,neboda,antigors	0
necesitamos,pokémon,mundo,misterioso,para,switch	0
gerardcesar428,xppenspain,dsimphony,ayer,quede,hasta,tarde,hoy,después,comer,familia,volveré,poner,tiempo,acabar,dibujo,nuevo	0
koivcrow,traje,rosa,cordones,pantalones,	0
5habstract,foreverjason,reddlipz,she,two,beautiful,babies,many,jobs,will,back,rhoa,before,kenya	0
vilaweb,oooo,ploro,emociooo,	0
loxabvi,suena,vivencias,xd	0
como,gusta,carne,asada,—,asada	0
tiradorymetedor,aleixtello,realrepoman,vist,partit,dubto	0
lafallaras,feminicidio,siendo,misma,laura,había,referido,situación,riesgo,miedo,creer,las,mujeres,estas,situaciones	0
“,¡,nueva,pilar,rubio,”,camiseta,mojada,mini,tanga,foto,escándalo,“,¡,cristina,pedroche,”	0
saben,cómo,pongo,invitan,como,forma,vida	0
protestona1,inutil	0
quando,rihanna,lançar,álbum,postar,olha,música,aiiiiiii,arrombados,vcs,não,queriam,essa,porra,agora,ouçam,até,ouvindo,explodir	0
flutteringksj,	0
esquerra	0
anna7cats,celopanyt,sweetcalifornia,	0
estoy,118,osea,sigo,mierda,xddddd	0
restaurante,can,frai,badalona,barcelona,w,truca35lcf	0
josepcosta,definición,causa,justa	0
alexdarken89,elchiringuitotv,callate,panoli,nadie,dado,vela,entierro	0
navidad,ofrecido,polvorones,turrones,homeopáticos,¿,qué,diferencia,hay,ninguna,misma,cantidad,azúcar	0
ayer,metí,crush,avecina,buen,año	0
efecto,optico,yaesmediodia134	0
simiorz,gustaría,algo,rollo,precuela,mundo,daría,mundo,fuera	0
leonardcrow,enhorabuena,pasado,juego,mejor,finales	0
staying,my,italian,friend,family,place,never,met,many,loud,people,my,whole,life,omg	0
poner,jugar,play,aue,voy,leer	0
guardia,civil,destapa,“singular,”,vía,financiación,ilegal,pp,aguirre,vía,elpaisespana	0
ismagosa,tremendo,cómo,puede,aficionados,fcbarcelonaes,fuera,cataluña	0
raquelb612,menudo,personaje	0
prioridad,ahora,mismo,gracias	0
nekojitablog,esperamos,ansias,muchas,gracias,por,todos,años,transmitiendo,conpartiendo,cultura,japonesa,,,o,≧≦,o,	0
supeheroe,capa,español,—	0
krls,independentistes,tenim,clar,fem,eslovena,escocesa,espanyols,tenen,clar,aplicaran,franquista	0
cuenten,milongas,gemmpasqual,siyasabencomomepongo	0
asterdraconis,javizawa,confós,acostumats,tractar,gent,bestiar,saben,diuen,	0
iko1986,solo,faltaría,esas,ansias,limpiar,también,las,aplicar,doblar,puta,caja,meterla,contenedor	0
diegene,die,latenweeensbijdemenson,langsgaan,campagne,bedacht,heeft,bij,prorail,moet,zich,echt,schamen,zo,slecht	0
vaaserquenoxd,owahabbo,soyrii,belenhabbo,eshabbo,modo,conwjo,dice,jajajjajaka	0
precioso,hilo,	0
germangf7,líder,of,course,represento,	0
beso,2019,vaporwavesil	0
theluisja666,luis	0
morganemre23,dans,nord,mais,trop,frais,lol	0
claraamm,xmas,loock	0
momento,vamos,porque,dijeron,tiene,canas,coñ,sacar,cuchilo,	0
tonialba,bebas,sant,esteve,alba,luego,dices,tonterias	0
casareal	0
houseofcat,freeshameless	0
kung,pwede,lang,tumakas,bahay,kanina,ko,ginawa,pero,wala,bantay,sarado,ako,	0
kinderfr,sois,gente,horrible	0
wingalia,perreo,llimonil,siempre,bienvenido,	0
estrés,retiro	0
flamejant	0
isaacherz,tengo,amigos	0
แจกหมดแน้ว,ขอบคุณมากคับ,ลบละน้า	0
paraleloego,radwolf83,tiene,importantes,efectos,secundarios,mucha,gravedad,transtornos,depresivos,pueden,acabar,suicidio	0
gustado,vídeo,youtube,ateez,pirate,king,the,show,181113	0
podría,rodar,lado,otro	0
sallanmancat,problema,solo,aprovechen,las,empresas,para,pagarte,campañas,tienes,facturar,por,ello,dado,como,autónomo,uno,está,ilegal,por,ambas,partes,luego,sumarle,impuestos,como,está,montando,españa,complicado,por,ambas,partes	0
pnique,cuál,fuente,para,afirmar,energía,españa,más,europa,las,estadísticas,desmienten,claramente,fakenews,newtral	0
genial	0
arescases,para,tener,titulo,oficial,tieta,tiene,hacer,canalones,nivel,9,haces,doctorado,titulo	0
filoberta1,paulladorebull,dexamina,gabrielrufian,explicar,volen	0
hola,todos,feliz,semana,felizmiércoles,miegentechachi26dic	0
elsolitario200,pablocasado,acaso,andalucía,presidenta,dado,visto,bueno,caso,cursosdeformacion,diciendo,chaves,griñan,inocentes,todo,siendo,caso,mayor,corrupción,españa,parece,sólo,poner,cárcel,1,ellos,6,años	0
hijo,gustaría,torre,gatos,cartaparatranjis	0
good,luck,boy,was,pleasure,,chilling	0
keep,constipation,away,enjoy,fruit,skewers,with,melted,chocolate,dessert,this,more,tips	0
estoy,muero,video,las,abs,tae,lpm,esgoy,comiend9,mis,suegors,puedo,gritar,joderrrr	0
madameviperina,bond,madamme,bond	0
wine,from,perelada,vivino,app	0
pokemongohubnet,good,guide,but,need,update	0
cordó,sanitari,collonades,vàries,ultradreta,acollint	0
jordicanyas,govern,yo,también,deseo,unas,felices,fiestas,grinch,gusta,árbol,generalitat,hay,otros,por,catalunya,gustaran,más,,nada	0
antoniojsmazuec,bien,justamente,acabo,acordar,porque,mirado,móvil,tengo,firma,caratula,,feliz,navidad,quiero	0
jorge35601787,mamón,tengo	0
n26,great,speed,efficiency,delivering,my,brand,new,cc,just,save,my,christmas,customerexperience	0
álbum,para,…,young,heart,mochi	0
antoniojsmazuec,buenoo,aqui,estoy,haciendoo,trabajos,mandado,insti🤦‍,peroo,bieen,como,llevas,las,navidades,vemoos,naa,menos,girona,aqui,	0
dresses,govern,hay,ninguna,“razón,”,proces,solo,hígado,hace,años,trato,razonar,hay,manera,mantras,repiten,hasta,extenuación,comulgas,rueda,molino,vuelven,calificar,otra,vez,llama,“manipulador,”,eso,vuelve,calificativo,personal	0
antoniojsmazuec,pillas,ocupada	0
espera,espera,espera,¿,estás,diciendo,vox,partido,ultraderecha,basa,sus,políticas,ayudar,rico,dejar,desamparado,pobre,manos,empresario,debo,borracho,puedo,creer	0
quinsoo,thoi	0
nuriagarcia1910,meeryfuentess,jsjs	0
frustrante,incomprensible,impunidad,familia,pujol	0
galb3rt,alreves,jajajaj	0
harleysnowfire,supongo,para,aprovecharlo,100,tienes,tener,algún,conocimiento,fotografía,caso,pero,interesa,gustaría,saber,más,hecho,fotos,muy,potables,teléfono,para,alguien,sea,aficionado,pasada,disfrútalo,	0
l4rry4lmighty,28,septiembre,puesto,11	0
puedo,jajajajajajajajajajajaja,mariliaot2018	0
arrierossomosgu,fitoelvis	0
hay,tener,barra	0
convocatoria,consolidación,4055,plazas	0
butyoudcnt,—,pilló,primero,encontró,armario,cogió,coche,hacia,estación,sants,recibiendo,whatsapp,justo,cuando,estaba,llegando,—,,corazón,estoy,fuera,entrada	0
estúpids,repartits,catalunya,franquisme,sembrant,immundícia,mental	0
tornarem,pesar,junqueras,sergi,tornarem	0
elpetitcatala,bon,nadal,carles,bon,nadal,meritxell,bon,nadal,clara,bon,nadal,marta,bon,nadal,anna,bon,nadal,lluís,bon,nadal,toni,bon,nadal,costat,legítim,president,krls	0
bansheeyetc,yisusmellaman,acabas,arruinar,magia,san,esteban,borracho,xd	0
esasotra,jordiborras,🤣🤣🤣🤣🤣🤣🤣🤣🤣🤣🤣	0
hemos,acabado,comer,quiero,casa,quieren,jugar,algo,uufff	0
lautaloval,xd,¡,¿	0
mejorcito,vida,verdad,soniaba07,faltas,tú,pero,quiero,	0
raquelviajera,pondrás,foto,por	0
elessareli,666olga,borrell,borrell,aborrezco,tipo,pero,debe,respetar,correcta,ortografía,apellido	0
esmaksdiyei,toma,javi,jódete	0
¿,ético,comprar,amazon,vía,elpaistec	0
quién,puesto,fuet,tarragona	0
,clownia,documental,,dissabte,joan,abadesses,estrenem,documental,clownia,vida,dies,esperem,dissabte,29,18h,palau,abadia,sant,joan,abadesses,entrada,gratuïta	0
262,🤓	0
,¿,sabes,qué,atrapasueños,qué,representan,sus,colores,enseñamos,todo,objeto,chamánico	0
antoniojsmazuec,muy,bien,antonio,echándote,millones,menos,pedido,para,reyes,las,entradas,para,concierto,girona,	0
italia,tienes,fuegos,artificiales,ruido,para,evitar,asustar,perros,gatos	0
paletina,profesional,maurer,cerda,blanca,4,felizmiercoles	0
yo,pretendía,hacerme,foto,outfit,pero,perrito,quiere,demasiado,	0
jalart7,cago	0
cginerp,manuelvalls,adrilastra	0
silbura,con2punyetas,kontenciosa,🤣🤣🤣🤣🤣🤣🤪🤪🤪🤪	0
vianabanjo,springsteen81,encima,sorpresa,gastas,32,luego,pueden,salirte,repetidas	0
ismorrovic,riuresardonic,josepgoded,relaaaaajate,como,buen,cuñao,toca,salir,cueva,decir,pelotudeces,hasta,próxima,noche,buena	0
albertostrella,cogiendo,coche,bebido,vaya,subnormal	0
sackatakintoki0,worldstararabic,حتى,اللي,انت,حاطه,افاتار,كريه	0
lusilu,ojalá	0
when,will,weibo,leak,another,teaser,tired,of,looping,this	0
negrafija,60,счастливыйсреда	0
juliadelucia,felices,tetas,	0
necesito,más,tengo,feliz,navidad,	0
pequeña,escapada,canarias,debatido,deberían,existir,cárceles,energía,nuclear,comparado,trump,todo,correcto	0
jiama17,dsimphony,xppenspain,muchas,gracias	0
lluisllach,lluís,nostàlgies,roses,posades,ítaques,venudes,illa,fetges,dels,jutges	0
hahahahahahahaaahahahahahahah	0
parasol,substituio,tela,retangular,2,3,metros,08091055,felizquarta	0
canelons,santesteve,padrí,àngel,sant,dalmai	0
unico,problema,boxingday,italiana,che,impedisce,vedere,quello,originale,della,premier,league,26dic,seriea	0
nachorull,joseprull,nadal,difícil,sapiguer,festes,familiars,sé,complicat,valents,video,demostra,personalment,puc,assistir,actes,	0
chambergo4,arrierossomosgu,fitoelvis	0
g4m30v3r,l4rry4lmighty,diciembre	0
antoniojsmazuec,budapest,	0
monicarotllan,perezreverte,nadie,duda,aman,sufren,hay,cuidarlos,quererlos,ahí,las,manifestaciones,policía,mató,perro,barcelona,nada,decir,sólo,insisto,está,yendo,pinza,sólo,opinión	0
galwaycdr,josejuanboro,jzaragoza,tenen,valor,desitjarnos,bon,nadal,cas,poder,afusellarien,passo,políticament,correcte,hipòcrita,desitjo,bon,nadal,volen,destruir	0
tournevis,maurer,interchangeable,6,150,mm,heureuxmercredi	0
lafallaras,mejor,casos,unos,incompetentes	0
manuvampa,cazatalentos,mira,había,oído,chorradas,podemos,pero,mierda,buena,confundes,podemos,ciudadanos	0
pinaveglia,elenajares,lolaywin,zasca,señorial,navideñoyo,puedo,más,muero,amor,cachondeo🤣brava,pina,nivel,diossssss	0
podcast,tv,escape,dannemora	0
vuelvo,casaaaaa,tras,navidad,sé,quereis,comunique,conversación,eschucho,‍	0
marca,juanmarguez,obsesión,enfermiza,tienes,puto,gordo	0
zawaru,porfa	0
brendandinoi,davidcimade,también,¡,hijo,grandísima,puta	0
raquelmartos,mare,carbonero,tiene,huerta,llena,coliflores,hasta,puerta,mire,usted,mare,carbonero,tiene,cuenta,dinero,¡,carbón,carbón,caña,carbon,¡,carbonero,	0
cuando,nenes,hacen,comentarios,machistas,aposta,salte,rabiosa,pero,quiero,darles,gustito	0
bassamontse,dolorsbassac,injust,aguantar,	0
elbow,stove,pellet,vitrified,80,mm,45,,happywednesday	0
31,gustan,bebés	0
noeliafrancocf	0
krls,saber,mana	0
rogertorrent,parole,parole,parole,pero,queda,aixó,paraules,buides,porten,autonomia	0
,falla,dalí,obra,cargada,polémica	0
tired,lion,cinderella,dracula,listen,live,now	0
my,first,mini,cooperd,pepperwhite,2009,edition,mini,minilife,minilovers,miniespaña,r56,r56mini,pepperwhitemini,followme,barcelona,realminifans,carphotograpy,orgullodemini,…	0
elmolecula23,peor,cafè	0
schwimmender,basketballkorb,28,cm,glücklichmittwoch	0
raonsrepublica,cuando,empiecen,salir,escándalo,empieze,entrar,gente,carcel,puede,k,tb	0
jiminssisoul,diosmio,porque,acabo,enterar	0
raulslpmx,rgomezjunco,miroslavamont,más,locos,cínicos,estúpidos,anormales,personas,como,tú,nunca,cuestionaron,misma,firmeza,gobierno,pseudo,democrático,tuvo,comiendo,mano,diferencia,gente,necesitaba,cambio,tuvo,huevitos,para,hacerlo,queda,más,moverte	0
ernesbarbeq,colonia,rubius	0
rata,infecta,único,puede,aplicarse,supositorio,por,recto,miedo,sumisión,atajo,corruptos,incompetentes,vividores,catalunya,catalanes,corrupta,paga,políticos,puteros,las,subvenciones,recibe	0
mrjesusfigueroa,ssimonvernet,aleixsarri,enteras,jesus	0
todofoba,lol,natalia	0
riftcommunityfn,fortnitegame,jugar,main,stage,gamepolis	0
dejandohuellaab,xulitageta,osea,7,meses,prisión,sino,está,fichado,entrará,prisión,ósea,salido,gran,hijo,puta,disparar,sus,huevos,tendría,haberse,disparado,	0
lepetite,tío,quien,putas	0
juego,cinceles,martillo,neumatico,cilindrico,4,piezas,felizmiercoles	0
¿,otro,fascista,mierda	0
raquelrip,precioso,lugar	0
sunshineyoon,ddaeng,yo,pierdo,esperanza,	0
“alegre,navidad,web,”,vimeo	0
quedant,prunazafra	0
indicativon,publicoes,otra,cosa,tuviéramos,democracia,capaz,hacer,frente,estas,problemáticas,sociedad,cuida,evoluciona,ejercicio,democracia,legitimidad,héroes,casuales,constituciones,nacidas,miedo	0
forinfinity	0
alejandrodoig,totalmente,enamorada,hombre,	0
pratso,victorubieto,xddd	0
beatriztalegon,puesto,churro,garrulos,para,marcar,tus,apariciones,twitter,tienes,honor,junto,rufian,peligrosos,para,haceros,marcage,animo	0
baggiel,genial	0
aaaaaa,estoy,felicisima,por,marc,merece	0
4jjhr,andreumonros,depen,busquis,critics,agradar,borhapmovie,esperaven,cosa,public,fans,trobar,bestia,esperavem,flipar	0
friki,frikismo,lego,starwars,amigo,invisible,encanta	0
eduardamatos3,malta,certamente,lá,por,volta,das,4,pouco,já,lá	0
garylineker,bbcmotd,aburrido,leicestereverton	0
carnecrudaradio,aragorn,frente,las,puertas,mordor	0
here,song,you,…,missing,you,single,edit,by,tina,turner	0
10kerly,martaot2018,famousoot2018,bueno,nose,porque,natalia,finalista,finalistas,cantan,más,aitana,gira,tenia,3,duos,veo,difícil,porque,maria,seguro,canta,friends,afri	0
richardindamadi,tmm	0
arekosupure,namiwalker,ayamxs,uy,siii,como,anciana,jajajajaj	0
mariamal7rbi,cazasouq,زين,ثنكيوو	0
aprovecho,mñn,cumpleaños,alguien,quiere,generoso,sabe,🤣🤣	0
lemondefr,manuelvalls	0
nakodragon,pone,prueba,capacidad,deducción,ingenio,buenos,ratos,relación,social,mis,amigos,ideas,para,poner,retos,mis,alumnos,alumnas,creando,desafíos,jugando,alguno,juegos	0
aymanjaved2,fb	0
poroshenko,pone,medida,pero,advierte,“amenaza,”,rusa,ahí	0
efrenderico,esperabas,esa,pobre,lerda,pija,prociu	0
claratahoces,sputnikmundo,interesante,	0
voto,por,quizas,agoney,hot40mdp,mundialdelpop10,	0
misterseitan,además,hay,más,posibilidades,tener,vuelta,neymarsuarezmessi,mbappemessidembele	0
voto,por,quizas,agoney,hot40mdp,mundialdelpop10,	0
voto,por,quizas,agoney,hot40mdp,mundialdelpop10,	0
lesbianes,invisibles,deslliurar,llei,perillositat,social	0
voto,por,quizas,agoney,hot40mdp,mundialdelpop10,	0
percocets,molly,percocets	0
voto,por,quizas,agoney,hot40mdp,mundialdelpop10,	0
cansinoroyal,hablemos	0
iovexnthebrain,papa,dice,veces,quiere,para,nosotros,trabajar,las,manos,como,él	0
cginerp,manuelvalls,voxes	0
acaudorella2,envejo,saps	0
burguetemiguel,wallcraftmc,schrodingergata,hombre,arrasa,discoteca,fijo,🤣	0
dsimphony,sega,suertudo,	0
ernesbarbeq,30,chupitos,jagger	0
restaurante,can,frai,badalona,barcelona,w,terraferma1968	0
cien,cañones,por,banda,viento,popa,toda,vela,corta,sino,vuela,velero,bergantín,bajel,pirata,llaman,por,bravura,temido,todo,conocido,uno,otro,confín,🤣	0
ferzcarbonell,selu8,phenomenaexp,seguro,defendería,flipan,las,mismas,pelis,siempre	0
¿,crees,posible,cambiar,nuestra,personalidad,conforme,las,personas,las,estamos,—,cambiarla,drásticamente,pero,moldearla,poco,poco	0
lasilenciosacat	0
ofertas,navidad,xbox,mejores,juegos,por,menos,10,euros,meristation,vía,meristation	0
could,sign,	0
twitvarela,asturiana,pura,cepa,pidiendo,relegue,cultura,tierra,gente,segundo,plano,bueno,tercero,cuarto,inglés,francés,por,delante,palabra,lamentable	0
estamos,volviendo,locos,estáis,diciendo,pagáis,200,eurazos,encima,acampáis,jajajajajaaj,ganas,pasar,frío	0
pájaro,vuela,cielo,siente,seguro	0
classico,camp,thermomix,🤪	0
javierkrono,joder,tenía,pikachu	0
harusitix,tuuuuvjskwnwjewjejejwbdbsdbsbwn	0
mustafina,semana,rajando,sofia,dia,dia,tambien,maravilla,todo	0
bien,juega,wolves,nuno,otro,equipo,muchos,actualmente,juegan,carrileros,multitud,jugadores,jóvenes,muy,interesantes,obviamente,representados,por,jorge,mendes,boxingday	0
,mundo,rinde,llegada,realidad,mixta	0
terminologia,chissà,qualche,locale,italiano,già,inventata,denominazione,cocktaileria,nel,frattempo,saluti,buone,feste,barcellona,	0
nordax974,florianforte,acefalt13	0
westhingy,ayoookkk	0
lolalailo,sarraijanal,feliz,navidad,suerte,espero,esté,mejor	0
mais,quand,ils,conduisent,pars,retard,arrives,avance	0
preguntantme,rosaliavt,dinar,familiar,	0
concierto,mañana,2018,representa,hacen,teloneros,plan,cantarán,las,21,00h,cuando,empieza,concierto,más,tarde,hacedme,caso,por,favooor	0
sánchez,gasta,158,más,rajoy,sueldos,altos,cargos,psoe,siempre,cumple,dice,prometió,subirían,sueldos,subido	0
segundo,día,tertuliano	0
núm,53,consumo,consciente	0
ucantrun,soy,como,fiona,shrek,modo,ogro,247,pls,stop,deserve	0
carme64349392,britcatala,yosoynaranjito,eduserrahosta,vale,tampoco,cuentes,vida,interesa,saludos	0
therichic,veo,claro,todo,caso,tendría,pronunciarse,constitucional,alguien,acudiese,él,sería,paso	0
natpawa,pues,segmentación,facebook,ads,está,bastante,hecha,porque,gusta,shooter,gusta,ninja,bravo,social,media,	0
mitiisf98,chema969,fita6704,cstuk,jewishnewsuk,toda,corrupción,condenable,pero,pp,cdc,iguales,precisamente,sigo,entender,viene,meter,corrupcion,cuestión,incapacidad,españa,actuar,como,estado,democrático,adulto,negociando,pactando,referéndum	0
phoeilish,mis,padres,iguales,así,entiendo,🤦‍	0
unbuencolegui,330	0
,impactante,trabajo,fotográfico,javier,arcenillas	0
más,allá,shippeo,alba,reche,natalia,musicalmente,hablando,pegan,lujo,por,favor,por,favor,por,favor,las,leéis,algún,momento,dejéis,hacer,dúos,dais,vida,toxic,acústica,buena,calidad,please	0
otoficial,qué,guay	0
arenagg,lleno,ratillas	0
vituberyt,12,diciembre,puesto,39,nada,mal	0
0ooiir,	0
pontcarme,important,fotem	0
filoberta1,paulladorebull,dexamina,gabrielrufian,oisigui,porto,vida,vivint,catalunya,pero,odio,absolutament,catalunya,criteri,meitat,catalunya,odia,catalunya,segur,aquets,consideres,anticatalanistas,estimen,catalunya,bones,festes	0
sacadme,aqui,por,favor,pido	0
acongojante3,¿,hecho,retuiqui	0
meowgustd,jajajjajajajajajja,pobrecito,preocupes,2020,subirás,ranking	0
mro0525,ramonmateusans,marivoltios1,gabrielrufian,¿,decir,catalanes,roban,resto,españoles,fachas	0
fascistas,hijos,puta	0
equivócate,más,hubo,vez,alguien,dijo,quien,estaba,donde,yo,quería,estaba,ahí,por,haberse,equivocado,nunca‍,sino,por,haberse,equivocado,…	0
hermanntertsch,cuando,hablan,corrupción,pp,psoe,por,ello,dejaron,votar,respectivos,partidos,desanima,cuestión,partidos,sino,hombres,debe,solventar,ley,partido,socialista,debió,dejar,votar,por,gestor,traídor	0
rueda,prensa,guardia,civil,crimen,laura,luelmo,directo	0
cabrones,dejadnos,entrar	0
gabrielrufian,efecto,así,gabriel,informamos,aunque,cambies,bando,ahora,sabemos,rufián,sido,ahórrate,blanqueo,engañas	0
bueno,navidad,acaba,tarda,año,volver,incordio	0
splcmeterrassa,,muy,buen,trabajo	0
genuine,love,hard,find,nowadays	0
cerramos,plantilla,,mercado,fichajes,hemos,reforzado,para,afrontar,5,competiciones,plantilla,amplia,ganas,hacerlo,bien,más,importante,pasárselo,aún,mejor,vamosjam	0
wtfskins,javicu107	0
después,haber,cambiado,282727272,veces,candidato,voy,mano,elizegi,suelta,paridas,rarísimas,pero,aguanto,4,años,más,urrutismo	0
pero,¿,día,inocentes,28,diciembre	0
jmvergesprat,angiolettokit,bernatdeltell,fas,meseta,acusen,nosaltes	0
xabieriglesias,kakapraka,yo,también,creo,tenemos,equipo,para,hacer,fútbol,más,vistoso,ojalá,sea,así,pero,acuérdate,último,añito,euxe	0
🤦‍🤦‍🤷‍‍humor	0
anitajarafan,para,qué,engañarnos,voy,poner,6,únicos,voy,comprar,cd,conciertos,alfred,natalia,amaia,pusiese,6,otros,3,estaría,forzando,meterlos,lista	0
mais,vous,êtes,ouf,imaginez,met,coups,pression,vire,dans,aiguë,xptdrr,never	0
todo	0
l4rry4lmighty,puesto,39,1212,mal	0
claraamm,uiiii,problem	0
mensaje,amor,esas,personas,estado,ellas,desde,infancia,las,queriendo,más,nada,mundo,sabes,más,busques,nunca,encontrarás,gente,como,ellxs,	0
germans,dalton	0
wizobcn,soldadoviejo66,pompita71,kalei1415,saquiol89,srsensato7,mackeiham,gracias,	0
tamarapazosm,tú,tú,tú,cuentes,eso	0
lusilu,soy,puto,amo,siempre,ganoooooo	0
squanchyelgato,kirisunshine,yo,acabo,comer,gambas,sepia	0
buah,hoy,princessinca,mtmad,hecho,acordar,adolescencia,despertando,calcetín,soy,único,entiende,hizo,princessinca1,princessinca,somoslaaudiencia26d	0
princesselemm,	0
hoy,día,pueblo,rosalía,santesteve	0
lgejp,jiminie02,millor,posa,twitter,iphone,dir,foto,penjada,iphone,xdd	0
llevamos,40,años,democracia,evitando,comunistas,goviernen,porque,caca,pero,hemos,comprobado,varias,veces,bipartidismo,tenemos,funciona,sabemos,vox,misma,mierda,pues,porque,probamos,comunistas,más,podemos,perder	0
elespanolcom,manuelvalls,tachaaaaaaán,dirá,aldegroup	0
mustafina,dijo,todo	0
🤦‍🤦‍🤷‍‍humor	0
mehdielultimo10,mdrrrrr,mais,frère,foutu,pour,foutu,moins,nous,ramener,mec,drôle	0
vaaserquenoxd,owahabbo,soyrii,belenhabbo,eshabbo,pones,señorito,cumpleañwro,	0
advil,this,awesome,dude	0
mikcsgo,jajaja	0
yolandacmorin	0
pieman815,entiendo,según,producto,pueda,perder,aprovecha,tirón,mientras,pueda,pero,precisamente,amaia,entendido,ná	0
roseicollis,nicoporfavor,estacionales,mgpapers,nataliacremades,tevarariadna,luaduartescrit,hydrarosis,buena,estanteria,🤗	0
uouu,pinyaupinyau	0
acaba,publicar,foto	0
gloriaelizo,donde,dignidad,las,personas,como,servidor,ley,puede,vender,corrupcion,acaso,conocéis,karma,hay,tenéis,villarejo,cárcel,temiendo,por,vida,dice,nooo	0
elmalo,tiltedmercy,pues,muy,feo,pesao,mierda,subnormal,cansino,cansino,feo,mierda,estas,contento,ahora	0
voy,borrar,tuits,tenéis,hasta,polla,sois,unas,putas,marionetas,mínima,poquito,atención,volvéis,locos,pesadilla,aguantaros,triste,por,vuestra,parte,tener,personalidad,criterio,propio,estresáis,cualquiera	0
joethebrew,deberia,servir,presidente,republica,decir,relaciones,diplomaticas,resto,paises	0
bombersman,wanted,australiana,bastante,reciente,nuevo,thelma,louise,	0
backspotgirl,por,dejarnos,disfrutarte	0
agraden,coses,família,fa,peresa,	0
catjigonzalez,oskarh71,eldekkoff,finmedios,manuellpezlope6,srspoc,lagartikabrona,prousomriures,oitamalabruixa,asediciosa2,jossangir,jjrubia,nimfarosa3479,que,preciosidad,vistas,espectaculares,	0
galets,nadal,santesteve,familia,jalu	0
publicoes,creo,españa,izquierda,republicana,ayuden,permitirlo	0
gabrielrufian,golpista,separatista,supremacista,golpista	0
loxabvi,estoy,megadesconectado	0
diarioas,las,mejores,messi,maradona,duda	0
guàrdia,civil,reconstrueix,laura,luelmo,morir	0
utak,sabaw,buset	0
videojuegosgame,guillermo199727,felicidades	0
lluisllach,2019,	0
,nous,detalls,assassinat,laura,luelmo,huelva	0
fa,anys,discussió,buscar,torna,àvia,clàssic,nadal2018,discuteix,taula,nadal,família,juntes,amigues,autèntic,regal,nadal	0
bcn,cultura,hugh,grant,sincera,escena,“insoportable,”,‘love,actually	0
bcn,cultura,feliz,navidad,bon,nadal,merry,christmas	0
the,who,discovered,unseen,world	0
,entrenadores,jugadores,fútbol,sala,quienes,venimos,japón,,barcelona,,,,	0
saps,origen,sant,esteve,celebra,catalunya,terrassa	0
rogeryoda,bon,profit,boss,	0
facherío,tiene,espíritu,navideño,🤣🤣🤣	0
juro,vea,gambas,entran,picores,alergia,normal	0
hahavids,itzluxas,23,campeon,como,las,leyendas,cestobalon	0
alexlehutin,quatremer,fannycarrier,intéressant,pour,vous,peuple,représenté,par,violents,frustrés,incultes,détester,sonnerie,détester,peuple,🤔	0
leonard,cohen,hallelujah,live,london	0
felis,nabyda,2015,anio,prospero,nuebo,xabale	0
num1966,nurianurianb,debemos,seguir,xq,sino,como,todo,saldrán,nuevas,cosas,para,distraer,atención,todos,recordad,amenazas,sea,tenemos,hacer,justicia,para,xfavor,muchas,gracias	0
interior,pagó,fondos,reservados,novia,pujol,jr,por,incriminar,clan,vía,indpcom	0
mustafina,peri,hace,semana,reventó,xq,unos,sofistas,estaban,llamando,amiga,traidora,criticarla,defender,suso	0
nerearoficial,dime,cantas,quedate,conmigo,porfa	0
come,risolvere,problemi,milan	0
detalhe,dessa,cidade,surreal,são,sublimes,gaudí,realmente,foi,além,extraordinário,barcelona,catalunya,gaudí,casa,batlló,gaudí,barcelona	0
cómo,configurar,tus,equipos,favoritos,alexa,para,diga,sus,resultados,amazon,echo	0
juanca198,evilafm,sido,siempre,será,mejor,spiderman	0
evilafm,marvel	0
forinfinity,know,didnt,ask,but,recommend,this,site,most,of,the,artists,cards,got,from,good,quality	0
espamuru,beatriztalegon,cakealatake,alerta,troll,lazichurritoamarillos,🤣🤣🤣🤣,yo,descojono,lerdo,🤣🤣🤣🤣	0
2018,haber,ingresado,pr3sencegaming,2019,tener,pc,poder,jugar,como,debe	0
guinguardian,21,22,23	0
kai,desea,unas,felices,fiestas	0
vidalquadras,tiene,gobiernos,izquierdas,las,verdad	0
bueno,año,puedo,más,contento,estás,trufas,recogidas,hoy,para,nuestros,queridos,hermanos,torres,año,estarán,embajadores,feria,trufa,salvacañete,25,26,enero	0
eltiosam,05noseblue,pq,pillo,yo,así,free,xdd	0
farmàciessjd,avui,dimecres,26,desembre,farmàcia,guàrdia,21,9,farmàcia,montañes,carrer,john,kennedy,1,santjoandespí	0
laxarxaxanante1	0
raquelb612,coloque,mis,cuadros,qué,significa	0
animoglorioso,elmichuhd	0
ask,anything	0
wtf,youtube	0
disfruta,fantástico,imac,215,renting,por,muy,poco,dinero,oferta,para,empresas,autónomos,ofrece,intecat	0
arabes,ils,aucune,ponctualité	0
necesitamos,héroes,necesitamos,gestionar,conocimiento,organizacional,gestorespublico,colaboración	0
traspaso,restaurante,c3,barcelonabarcelonaespaña,venta	0
accident,tarragona,talla,carril,sentit,nord,provoca,2km	1
reflexionat,quantitat,beus,saps,fent,consum,risc,nova,indica,forma,fas,prova	0
conduir,efectes,alcohol,altera,atenció,percepció,funcions,visuals,disminueix,coordinació,capacitats,dificulta,control,taxa,segura	0
causa,obres,sant,feliu,codines,dona,alternatiu,vehicles,retencions,prudència	1
situació,normalitzada,tram	1
causa,accident,sant,boi,2km,retencions,sentit	1
ℹ,bon,dia,retencions,destacades,principals,properes,barcelona,enllacen	1
ℹ,partir,seguir,evolució,web,incidències,bona,prudència,carretera	0
retencions,ronda,pedralbes,sant,gervasi,besòs,talla,carril	1
testimoni,accident,truca,ràpidament,especifica,tipus,accident,nombre,persones,ferides,víctimes,possibles,danys,materials	0